INSERT INTO folk_tune.sexes (title) 
VALUES 
    ('mees'),
    ('naine'),
    ('teadmata'),
    ('ei ole võimalik määratleda')
;

INSERT INTO folk_tune.tune_states (title) 
VALUES 
    ('sisestatud'),
    ('kontrollitud')
;

INSERT INTO folk_tune.nations (title)
VALUES 
    ('eesti'),
    ('vene')
;

INSERT INTO folk_tune.languages (title) 
VALUES 
    ('eesti'),
    ('vene')
;

INSERT INTO folk_tune.countries (title) 
VALUES 
    ('Eesti'),
    ('Läti'),
    ('Põhja-Kaukaasia'),
    ('Venemaa')
;

INSERT INTO folk_tune.tune_person_role_types (title)
VALUES
    ('viisikoguja'),
    ('salvestaja'),
    ('tekstikoguja'),
    ('esitaja')
;

INSERT INTO folk_tune.tune_place_types (title) 
VALUES 
    ('elukoht'),
    ('päritolukoht'),
    ('varasem elukoht')
;


INSERT INTO folk_tune.parishes (title) 
VALUES
    ('Ambla'),
    ('Anna'),
    ('Anseküla'),
    ('Audru'),
    ('Emmaste'),
    ('Haapsalu'),
    ('Haljala'),
    ('Halliste'),
    ('Hanila'),
    ('Hargla'),
    ('Harju-Jaani'),
    ('Helme'),
    ('Häädemeeste'),
    ('Iisaku'),
    ('Jaani'),
    ('Jamburi Simititsa'),
    ('Juuru'),
    ('Jõelähtme'),
    ('Jõhvi'),
    ('Jämaja'),
    ('Järva-Jaani'),
    ('Järva-Madise'),
    ('Kaarma'),
    ('Kadrina'),
    ('Kambja'),
    ('Kanepi'),
    ('Karja'),
    ('Karksi'),
    ('Karula'),
    ('Karuse'),
    ('Keila'),
    ('Kihelkonna'),
    ('Kihnu'),
    ('Kirbla'),
    ('Kodavere'),
    ('Koeru'),
    ('Kolga-Jaani'),
    ('Kose'),
    ('Kraasna'),
    ('Kullamaa'),
    ('Kursi'),
    ('Kuusalu'),
    ('Kõpu'),
    ('Käina'),
    ('Kärla'),
    ('Laiuse'),
    ('Leivu'),
    ('Lihula'),
    ('Lutsi'),
    ('Lääne-Nigula'),
    ('Lüganuse'),
    ('Maarja-Magdaleena'),
    ('Martna'),
    ('Mihkli'),
    ('Muhu'),
    ('Mustjala'),
    ('Märjamaa'),
    ('Narva'),
    ('Nissi'),
    ('Noarootsi'),
    ('Nõo'),
    ('Orarino'),
    ('Otepää'),
    ('Paistu'),
    ('Palamuse'),
    ('Peetri'),
    ('Petserimaa'),
    ('Pilistvere'),
    ('Puhja'),
    ('Põhja-Kaukaasia eesti asundus'),
    ('Põltsamaa'),
    ('Põlva'),
    ('Pärnu'),
    ('Pärnu-Jaagupi'),
    ('Pöide'),
    ('Pühalepa'),
    ('Rakvere'),
    ('Rannu'),
    ('Rapla'),
    ('Reigi'),
    ('Ridala'),
    ('Risti'),
    ('Ruhnu'),
    ('Rõngu'),
    ('Rõuge'),
    ('Räpina'),
    ('Saarde'),
    ('Sangaste'),
    ('Setu'),
    ('Simuna'),
    ('Suure-Jaani'),
    ('Tallinn'),
    ('Tartu'),
    ('Tartu-Maarja'),
    ('Tarvastu'),
    ('Tori'),
    ('Torma'),
    ('Tõstamaa'),
    ('Türi'),
    ('Urvaste'),
    ('Vaivara'),
    ('Varbla'),
    ('Vastseliina'),
    ('Vigala'),
    ('Viljandi'),
    ('Viru-Jaagupi'),
    ('Viru-Nigula'),
    ('Vormsi'),
    ('Võnnu'),
    ('Võrumaa'),
    ('Väike-Maarja'),
    ('Vändra'),
    ('Äksi'),
    ('ei ole võimalik määratleda'),
    ('määramata'),
    ('teadmata')
;

INSERT INTO folk_tune.municipalities (title) 
VALUES
    ('Abja'),
    ('Adavere'),
    ('Ahja'),
    ('Aidu'),
    ('Alatskivi'),
    ('Aleksandri'),
    ('Are'),
    ('Eistvere'),
    ('Elistvere'),
    ('Enge'),
    ('Erastvere'),
    ('Esna'),
    ('Haanja'),
    ('Halliku'),
    ('Heimtali'),
    ('Holstre'),
    ('Illuka'),
    ('Jõe'),
    ('Järvakandi'),
    ('Järve'),
    ('Järvesuu'),
    ('Kaarli'),
    ('Kabala'),
    ('Kaisma'),
    ('Karula'),
    ('Kasaritsa'),
    ('Kastre-Võnnu'),
    ('Kehkna'),
    ('Kihnu'),
    ('Kirbla'),
    ('Kirna'),
    ('Kokora'),
    ('Kolga'),
    ('Kolovere-Kalju'),
    ('Kooraste'),
    ('Krabi'),
    ('Kõo'),
    ('Käru'),
    ('Lelle'),
    ('Lihula'),
    ('Lohusuu'),
    ('Loodna'),
    ('Loosi'),
    ('Luiste'),
    ('Lümanda'),
    ('Maasi'),
    ('Meeksi'),
    ('Meremäe'),
    ('Mikitamäe'),
    ('Misso'),
    ('Mooste'),
    ('Mustjala'),
    ('Muuga'),
    ('Mõniste'),
    ('Mäe'),
    ('Nõva'),
    ('Olustvere'),
    ('Oru'),
    ('Paatsalu'),
    ('Pala'),
    ('Palupera'),
    ('Paslepa'),
    ('Peetri'),
    ('Peri'),
    ('Petseri'),
    ('Piirsalu'),
    ('Polli'),
    ('Pragi'),
    ('Puiatu'),
    ('Raikküla'),
    ('Rakvere'),
    ('Rannu'),
    ('Rapla'),
    ('Risti'),
    ('Röa'),
    ('Saaluse'),
    ('Saatse'),
    ('Sangaste'),
    ('Saru'),
    ('Sauga'),
    ('Saulepi'),
    ('Seli'),
    ('Seliste'),
    ('Soosaare'),
    ('Sõmeru'),
    ('Taheva'),
    ('Timo'),
    ('Toolamaa'),
    ('Tsooru'),
    ('Tudulinna'),
    ('Tuhalaane'),
    ('Tõstamaa'),
    ('Ungru'),
    ('Uue-Kariste'),
    ('Uuemõisa'),
    ('Valguta'),
    ('Vana-Antsla'),
    ('Vana-Roosa'),
    ('Vastemõisa'),
    ('Vastse-Kasaritsa'),
    ('Velise'),
    ('Venevere'),
    ('Veriora'),
    ('Vigala'),
    ('Vihterpalu'),
    ('Viimsi'),
    ('Viiratsi'),
    ('Viitina'),
    ('Vilo'),
    ('Virtsu'),
    ('Võisiku'),
    ('Võlla'),
    ('Võnnu'),
    ('Värska'),
    ('Väätsa'),
    ('Õisu')
;


INSERT INTO folk_tune.villages (title) 
VALUES
    ('Aakre'),
    ('Aaspere'),
    ('Aavere'),
    ('Abaja'),
    ('Abja'),
    ('Abja-Paluoja'),
    ('Abula'),
    ('Aburi'),
    ('Adavere'),
    ('Adiste'),
    ('Aidu'),
    ('Aidu-Liiva'),
    ('Aidu-Nõmme'),
    ('Ala'),
    ('Ala-Hanikase'),
    ('Alaküla'),
    ('Alaotsa'),
    ('Albu'),
    ('Allika'),
    ('Alliklepa'),
    ('Alu'),
    ('Aluvere'),
    ('Ammuta'),
    ('Andi'),
    ('Anelema'),
    ('Angapere'),
    ('Anija'),
    ('Aniste'),
    ('Annikvere'),
    ('Antsla'),
    ('Ao'),
    ('Aranküla'),
    ('Arava'),
    ('Aravete'),
    ('Are'),
    ('Ariste'),
    ('Arkna'),
    ('Aruküla'),
    ('Aruvälja'),
    ('Assamalla'),
    ('Asu'),
    ('Asva'),
    ('Atla'),
    ('Audla'),
    ('Austla'),
    ('Avanduse'),
    ('Avispea'),
    ('Eametsa'),
    ('Eavere'),
    ('Edivere'),
    ('Edru'),
    ('Eesnurga'),
    ('Eigla'),
    ('Eisma'),
    ('Eistvere'),
    ('Elistvere'),
    ('Ellavere'),
    ('Eoste'),
    ('Erastvere'),
    ('Ervita'),
    ('Esna'),
    ('Haapsalu'),
    ('Haavakivi'),
    ('Hageri'),
    ('Hagudi'),
    ('Halinga'),
    ('Hammaste'),
    ('Hanguse'),
    ('Hara'),
    ('Hargla'),
    ('Heimtali'),
    ('Hellekunnu'),
    ('Hellenurme'),
    ('Helmküla'),
    ('Hilana'),
    ('Himma'),
    ('Himmaste'),
    ('Hinsa'),
    ('Holstre'),
    ('Hummuli'),
    ('Huuksi'),
    ('Häidaste'),
    ('Hälvati'),
    ('Igavere'),
    ('Igrise'),
    ('Ihasalu'),
    ('Illevere'),
    ('Illuka'),
    ('Ilmjärve'),
    ('Imastu'),
    ('Imatu'),
    ('Imavere'),
    ('Imste'),
    ('Ingliste'),
    ('Irvala'),
    ('Jalukse'),
    ('Jauni'),
    ('Juminda'),
    ('Junnküla'),
    ('Jõepere'),
    ('Jõesuu'),
    ('Jõetaguse'),
    ('Jädivere'),
    ('Jäneda'),
    ('Järavere'),
    ('Järva-Jaani'),
    ('Järve'),
    ('Järvepää'),
    ('Kaarli'),
    ('Kaasiku'),
    ('Kadapiku'),
    ('Kaerepere'),
    ('Kaersoo'),
    ('Kagavere'),
    ('Kahala'),
    ('Kaiavere'),
    ('Kalda'),
    ('Kalesi'),
    ('Kalitsa'),
    ('Kalle'),
    ('Kammeri'),
    ('Kandle'),
    ('Kannu'),
    ('Kantsi'),
    ('Kapra'),
    ('Kargaja'),
    ('Karijärve'),
    ('Karivärava'),
    ('Karja'),
    ('Karkuse'),
    ('Karste'),
    ('Karula'),
    ('Karuli'),
    ('Kasaritsa'),
    ('Kassari'),
    ('Kasvandu'),
    ('Kauksi'),
    ('Kausi'),
    ('Kavastu'),
    ('Kedre'),
    ('Keeni'),
    ('Kehra'),
    ('Keika'),
    ('Kereme'),
    ('Kergu'),
    ('Keri'),
    ('Keskküla'),
    ('Kesu'),
    ('Kiduspe'),
    ('Kihlepa'),
    ('Kiiu-Aabla'),
    ('Kilgi'),
    ('Kiltsi'),
    ('Kinksi'),
    ('Kiraste'),
    ('Kirbla'),
    ('Kirbu'),
    ('Kirikuküla'),
    ('Kirimäe'),
    ('Kirna'),
    ('Kivi-Vigala'),
    ('Kiviõli'),
    ('Kloostri'),
    ('Kodijärve'),
    ('Koeru'),
    ('Kogula'),
    ('Kohala'),
    ('Kohtla'),
    ('Koidu'),
    ('Koigi'),
    ('Koigu'),
    ('Koksvere'),
    ('Kolga'),
    ('Kolga-Aabla'),
    ('Konguta'),
    ('Konju'),
    ('Konsu'),
    ('Koogimäe'),
    ('Koordi'),
    ('Koosa'),
    ('Kosselka'),
    ('Kostiranna'),
    ('Krantsova'),
    ('Kuigatsi'),
    ('Kuivajõe'),
    ('Kukevere'),
    ('Kukruse'),
    ('Kuldre'),
    ('Kunda'),
    ('Kura'),
    ('Kurevere'),
    ('Kurtna'),
    ('Kuura'),
    ('Kõiguste'),
    ('Kõldu'),
    ('Kõmmaste'),
    ('Kõnnu'),
    ('Kõo'),
    ('Kõoküla'),
    ('Kõpu'),
    ('Kõrbse'),
    ('Kõrgepalu'),
    ('Kõrkvere'),
    ('Kõrveküla'),
    ('Kõõru'),
    ('Käravete'),
    ('Kärevere'),
    ('Kärstna'),
    ('Käru'),
    ('Käva'),
    ('Kürema'),
    ('Laasna'),
    ('Lahepera'),
    ('Lahu'),
    ('Laitse'),
    ('Laiuse'),
    ('Lapetukme'),
    ('Lasila'),
    ('Laukna'),
    ('Leedi'),
    ('Leesi'),
    ('Leevaku'),
    ('Lehtse'),
    ('Leie'),
    ('Leimani'),
    ('Leisi'),
    ('Lemsi'),
    ('Lepa'),
    ('Lepiku'),
    ('Levala'),
    ('Levi'),
    ('Lihula'),
    ('Liiva'),
    ('Linaküla'),
    ('Lindsi'),
    ('Linnamäe'),
    ('Linnuse'),
    ('Linte'),
    ('Lipa'),
    ('Livoonia'),
    ('Lohkuse'),
    ('Lokuta'),
    ('Loobu'),
    ('Loodna'),
    ('Looküla'),
    ('Luiga'),
    ('Lõo'),
    ('Lõpemetsa'),
    ('Lõpolje'),
    ('Lõõla'),
    ('Lädina'),
    ('Lähtepea'),
    ('Lüganuse'),
    ('Lümanda'),
    ('Lütä'),
    ('Maidla'),
    ('Marinu'),
    ('Matsi'),
    ('Meeksi'),
    ('Mehikoorma'),
    ('Merise'),
    ('Metsaküla'),
    ('Metsiku'),
    ('Metsküla'),
    ('Metsla'),
    ('Metstaguse'),
    ('Miiaste'),
    ('Mikitamäe'),
    ('Moe'),
    ('Moldova'),
    ('Molnika'),
    ('Mooste'),
    ('Muratsi'),
    ('Murikatsi'),
    ('Mustjala'),
    ('Muuga'),
    ('Mõisaküla'),
    ('Mõnikuste'),
    ('Mõniste'),
    ('Mõtsakuru'),
    ('Mäeküla'),
    ('Mäetaguse'),
    ('Mäksa'),
    ('Mäla'),
    ('Mäliste'),
    ('Märjamaa'),
    ('Määranõmme'),
    ('Määsi'),
    ('Möldri'),
    ('Mürgi'),
    ('Müüsleri'),
    ('Naelavere'),
    ('Naha'),
    ('Nahkanuia'),
    ('Napi'),
    ('Nava'),
    ('Neemisküla'),
    ('Ninase'),
    ('Nuhja'),
    ('Nuia'),
    ('Nurme'),
    ('Nõmme'),
    ('Nõmmküla'),
    ('Nõo'),
    ('Nõva'),
    ('Näpi'),
    ('Obinitsa'),
    ('Obriku'),
    ('Oeti'),
    ('Ohakvere'),
    ('Ohekatku'),
    ('Ohepalu'),
    ('Oina'),
    ('Oisu'),
    ('Ojamäe'),
    ('Olli'),
    ('Olohova'),
    ('Oomküla'),
    ('Orava'),
    ('Orgemäe'),
    ('Orgita'),
    ('Orinõmme'),
    ('Oru'),
    ('Oti'),
    ('Paasiku'),
    ('Paduvere'),
    ('Paenasti'),
    ('Paenküla'),
    ('Pahtpää'),
    ('Pala'),
    ('Paljasmaa'),
    ('Palmse'),
    ('Palo'),
    ('Palupera'),
    ('Paraküla'),
    ('Parasmetsa'),
    ('Parasmäe'),
    ('Parika'),
    ('Paslepa'),
    ('Pedaspea'),
    ('Peeri'),
    ('Peraküla'),
    ('Peri'),
    ('Persikivi'),
    ('Pihla'),
    ('Piigaste'),
    ('Piilsi'),
    ('Piiri'),
    ('Piisupi'),
    ('Piiumetsa'),
    ('Pikasilla'),
    ('Pikavere'),
    ('Pikevere'),
    ('Pindi'),
    ('Pirmastu'),
    ('Poanse'),
    ('Polli'),
    ('Porkuni'),
    ('Puhmu'),
    ('Puise'),
    ('Puista'),
    ('Pullevere'),
    ('Puramäe'),
    ('Puru'),
    ('Pusi'),
    ('Putkaste'),
    ('Põhjaka'),
    ('Põikva'),
    ('Põlde'),
    ('Põlula'),
    ('Päite'),
    ('Pärassaare'),
    ('Pärnu'),
    ('Pääsna'),
    ('Pühaste'),
    ('Püssi'),
    ('Raasilla'),
    ('Radaja'),
    ('Rahtla'),
    ('Rahuste'),
    ('Raigastvere'),
    ('Raigla'),
    ('Raitla'),
    ('Rakke'),
    ('Randivälja'),
    ('Randvere'),
    ('Ranna'),
    ('Rannu'),
    ('Rebase'),
    ('Rebu'),
    ('Rehatse'),
    ('Rehe'),
    ('Reidipõllu'),
    ('Retla'),
    ('Ridaküla'),
    ('Ridasi'),
    ('Risti'),
    ('Ristiküla'),
    ('Rohu'),
    ('Roostoja'),
    ('Rootsi'),
    ('Rootsiküla'),
    ('Rootsivere'),
    ('Rummu'),
    ('Rutja'),
    ('Ruusmäe'),
    ('Rõhu'),
    ('Rõsna'),
    ('Rõstla'),
    ('Räsna'),
    ('Saasna'),
    ('Sabelina'),
    ('Saburi'),
    ('Saha'),
    ('Saka'),
    ('Saksa'),
    ('Saksi'),
    ('Salla'),
    ('Salme'),
    ('Salmistu'),
    ('Salutaguse'),
    ('Sambu'),
    ('Samma'),
    ('Sangla'),
    ('Sargvere'),
    ('Sarise'),
    ('Saru'),
    ('Sauga'),
    ('Saurova'),
    ('Sauvere'),
    ('Savira'),
    ('Seidla'),
    ('Selgase'),
    ('Selise'),
    ('Seliste'),
    ('Selli'),
    ('Sepa'),
    ('Sika'),
    ('Silla'),
    ('Sinalepa'),
    ('Sindi'),
    ('Sirtsi'),
    ('Soeva'),
    ('Sokolova'),
    ('Sompa'),
    ('Sooaluste'),
    ('Soomevere'),
    ('Soomra'),
    ('Soonda'),
    ('Sootaga'),
    ('Sootaguse'),
    ('Suislepa'),
    ('Suurejõe'),
    ('Suure-Kareda'),
    ('Suurküla'),
    ('Säkna'),
    ('Säpina'),
    ('Säre'),
    ('Särevere'),
    ('Sääre'),
    ('Sääreküla'),
    ('Sääritsa'),
    ('Taga-Võõbu'),
    ('Tahkuranna'),
    ('Tahula'),
    ('Talka'),
    ('Tammese'),
    ('Tammiku'),
    ('Tammispää'),
    ('Tammiste'),
    ('Tammistu'),
    ('Tapa'),
    ('Tapurla'),
    ('Tedre'),
    ('Teenuse'),
    ('Tessova'),
    ('Tiirhanna'),
    ('Tiirimetsa'),
    ('Tohera'),
    ('Toila'),
    ('Toomika'),
    ('Tooste'),
    ('Tootsi'),
    ('Torila'),
    ('Tornimäe'),
    ('Tossumetsa'),
    ('Treiali'),
    ('Treimani'),
    ('Treski'),
    ('Triigi'),
    ('Truba'),
    ('Trõnne'),
    ('Tsirgumäe'),
    ('Tudu'),
    ('Tudulinna'),
    ('Turbuneeme'),
    ('Tõhela'),
    ('Tõlliste'),
    ('Tõrdu'),
    ('Tõstamaa'),
    ('Tõusi'),
    ('Tänassilma'),
    ('Tääglova'),
    ('Töganitsa'),
    ('Türju'),
    ('Udria'),
    ('Udriku'),
    ('Uku'),
    ('Ulila'),
    ('Undla'),
    ('Uniküla'),
    ('Unkavitsa'),
    ('Usinitsa'),
    ('Uueküla'),
    ('Uuemõisa'),
    ('Uue-Suistle'),
    ('Uusküla'),
    ('Uusna'),
    ('Vaabina'),
    ('Vaasu'),
    ('Vahakulmu'),
    ('Vahastu'),
    ('Vaiatu'),
    ('Vaivere'),
    ('Vaivina'),
    ('Valaste'),
    ('Valasti'),
    ('Valgjärve'),
    ('Valguta'),
    ('Valkla'),
    ('Valma'),
    ('Valtu'),
    ('Vana-Antsla'),
    ('Vanaaseme'),
    ('Vanakubja'),
    ('Vanaküla'),
    ('Vanamõisa'),
    ('Vana-Roosa'),
    ('Vandjala'),
    ('Vandu'),
    ('Vao'),
    ('Varangu'),
    ('Varesmäe'),
    ('Vareste'),
    ('Vasilde'),
    ('Vastemõisa'),
    ('Vastse-Antsla'),
    ('Vastse-Otepää'),
    ('Vatku'),
    ('Vatla'),
    ('Vedernika'),
    ('Vedra'),
    ('Venevere'),
    ('Verevi'),
    ('Veskiküla'),
    ('Vetla'),
    ('Vidrike'),
    ('Vihula'),
    ('Viinistu'),
    ('Viira'),
    ('Viisu'),
    ('Viljandi'),
    ('Viruvere'),
    ('Virve'),
    ('Vissuvere'),
    ('Visusti'),
    ('Vivva'),
    ('Voka'),
    ('Vologda'),
    ('Vuti'),
    ('Võhma'),
    ('Võhmuta'),
    ('Võiküla'),
    ('Võipere'),
    ('Võisiku'),
    ('Võlla'),
    ('Võmmorski'),
    ('Võnnu'),
    ('Võrnu'),
    ('Võuküla'),
    ('Võõpsu'),
    ('Väike-Kalju'),
    ('Väike-Kareda'),
    ('Väike-Lähtru'),
    ('Väike-Puiatu'),
    ('Väike-Rõsna'),
    ('Värska'),
    ('Väätsa'),
    ('Õisu'),
    ('Õvanurme'),
    ('Ähijärve'),
    ('Ämbra'),
    ('Ämmuste'),
    ('Änari'),
    ('Ärina'),
    ('Öötla'),
    ('Ülensi'),
    ('Üru')
;

INSERT INTO folk_tune.actual_performance_types (title, description)
VALUES 
    ('Ü', 'Üksi'),
    ('E+K', 'Eeslaulja ja koor'),
    ('E+Ü', 'Ees- ja järellaulja'),
    ('R', 'Rühmalaul'),
    ('Ka', 'Kahekesi, ilma ees- ja järellaulmiseta'),
    ('ei ole võimalik määratleda', NULL), 
    ('määramata', NULL), 
    ('teadmata', NULL)
; 

INSERT INTO folk_tune.traditional_performance_types (title, description)
VALUES
    ('Ü', 'Üksi'),
    ('E+K', 'Eeslaulja ja koor'),
    ('E+Ü', 'Ees- ja järellaulja'),
    ('R', 'Rühmalaul'),
    ('Ka', 'Kahekesi, ilma ees- ja järellaulmiseta'),
    ('ei ole võimalik määratleda', NULL), 
    ('määramata', NULL), 
    ('teadmata', NULL)
;

INSERT INTO folk_tune.actual_action_types (title)
VALUES
    ('hällitades'),
    ('hüpitades (last)'),
    ('istudes'),
    ('jalarõhk'),
    ('kaar'),
    ('kiikudes'),
    ('kolonn (üksteise taga)'),
    ('kulg'),
    ('käerõhk'),
    ('pöör (setu)'),
    ('rida'),
    ('ring (lahtine)'),
    ('rinnati'),
    ('seistes'),
    ('sõõr (kinnine)'),
    ('tammudes'),
    ('vibutades'),
    ('viirg (kõrvuti)'),
    ('õõtsudes'),
    ('ei ole võimalik määratleda'),
    ('määramata'),
    ('teadmata')
;

INSERT INTO folk_tune.traditional_action_types (title)
VALUES
    ('hällitades'),
    ('hüpitades (last)'),
    ('istudes'),
    ('jalarõhk'),
    ('kaar'),
    ('kiikudes'),
    ('kolonn (üksteise taga)'),
    ('kulg'),
    ('käerõhk'),
    ('pöör (setu)'),
    ('rida'),
    ('ring (lahtine)'),
    ('rinnati'),
    ('seistes'),
    ('sõõr (kinnine)'),
    ('tammudes'),
    ('vibutades'),
    ('viirg (kõrvuti)'),
    ('õõtsudes'),
    ('ei ole võimalik määratleda'),
    ('määramata'),
    ('teadmata')
;
  
INSERT INTO folk_tune.song_genres (parent_id, title, description, lft, rght)
VALUES
    (NULL, 'hääl', NULL, 1, 12),
    (1, 'hääl_muu', NULL, 2, 3),
    (1, 'linnu', NULL, 4, 5),
    (1, 'loodus', NULL, 6, 7),
    (1, 'pilli', NULL, 8, 9),
    (1, 'talu', NULL, 10, 11),
    (NULL, 'hüüded', NULL, 13, 18),
    (7, 'hüüded_muu', NULL, 14, 15),
    (7, 'karja', NULL, 16, 17),
    (NULL, 'itk', NULL, 19, 28),
    (10, 'juhu', NULL, 20, 21),
    (10, 'nekruti', NULL, 22, 23),
    (10, 'pulma', NULL, 24, 25),
    (10, 'surnu', NULL, 26, 27),
    (NULL, 'jutulaul', NULL, 29, 34),
    (15, 'jutt_muu', NULL, 30, 31),
    (15, 'muinasjutt', NULL, 32, 33),
    (NULL, 'jutustav', NULL, 35, 40),
    (18, 'meeste', NULL, 36, 37),
    (18, 'naiste', NULL, 38, 39),
    (NULL, 'kal', NULL, 41, 60),
    (21, 'jaani', NULL, 42, 43),
    (21, 'jõulu', NULL, 44, 45),
    (21, 'jüri', NULL, 46, 47),
    (21, 'kadri', NULL, 48, 49),
    (21, 'kiige', NULL, 50, 51),
    (21, 'mardi', NULL, 52, 53),
    (21, 'muu_kal', NULL, 54, 55),
    (21, 'urbe', NULL, 56, 57),
    (21, 'vastla', NULL, 58, 59),
    (NULL, 'laste', NULL, 61, 70),
    (31, 'ahel', NULL, 62, 63),
    (31, 'hälli', NULL, 62, 63),
    (31, 'laste', NULL, 64, 65),
    (31, 'mängitus', NULL, 66, 67),
    (NULL, 'loits', NULL, 71, 78),
    (36, 'muu_loits', NULL, 72, 73),
    (36, 'ravi', NULL, 74, 75),
    (36, 'töö', NULL, 76, 77),
    (NULL, 'lüürika', NULL, 79, 84),
    (40, 'meeste', NULL, 80, 81),
    (40, 'naiste', NULL, 82, 83),
    (NULL, 'pidu', NULL, 85, 96),
    (43, 'mängu', NULL, 86, 87),
    (43, 'praasnik', NULL, 88, 89),
    (43, 'pulma', NULL, 90, 91),
    (43, 'tantsu', NULL, 92, 93),
    (43, 'varru', NULL, 94, 95),
    (NULL, 'pidu_laste', NULL, 97, 100),
    (49, 'mängu', NULL, 98, 99),
    (NULL, 'töö', NULL, 101, 124),
    (51, 'heina', NULL, 102, 103),
    (51, 'kaluri', NULL, 104, 105),
    (51, 'karja', NULL, 106, 107),
    (51, 'ketrus', NULL, 108, 109),
    (51, 'lõikus', NULL, 110, 111),
    (51, 'lüps', NULL, 112, 113),
    (51, 'marja', NULL, 114, 115),
    (51, 'muu_töö', NULL, 116, 117),
    (51, 'talgu', NULL, 118, 119),
    (51, 'või', NULL, 120, 121),
    (51, 'õitsi', NULL, 122, 123),
    (NULL, 'vaimulik', NULL, 125, 126),
    (NULL, 'ei ole võimalik määratleda', NULL, 127, 128),
    (NULL, 'määramata', NULL, 129, 130),
    (NULL, 'teadmata', NULL, 131, 132)
;

INSERT INTO folk_tune.tune_genres (parent_id, title, description, lft, rght)
VALUES 
    (NULL, 'hääl', NULL, 1, 12),
    (1, 'hääl_muu', NULL, 2, 3),
    (1, 'linnu', NULL, 4, 5),
    (1, 'loodus', NULL, 6, 7),
    (1, 'pilli', NULL, 8, 9),
    (1, 'talu', NULL, 10, 11),
    (NULL, 'hüüded', NULL, 13, 18),
    (7, 'hüüded_muu', NULL, 14, 15),
    (7, 'karja', NULL, 16, 17),
    (NULL, 'itk', NULL, 19, 28),
    (10, 'juhu', NULL, 20, 21),
    (10, 'nekruti', NULL, 22, 23),
    (10, 'pulma', NULL, 24, 25),
    (10, 'surnu', NULL, 26, 27),
    (NULL, 'jutulaul', NULL, 29, 34),
    (15, 'jutt_muu', NULL, 30, 31),
    (15, 'muinasjutt', NULL, 32, 33),
    (NULL, 'jutustav', NULL, 35, 40),
    (18, 'meeste', NULL, 36, 37),
    (18, 'naiste', NULL, 38, 39),
    (NULL, 'kal', NULL, 41, 60),
    (21, 'jaani', NULL, 42, 43),
    (21, 'jõulu', NULL, 44, 45),
    (21, 'jüri', NULL, 46, 47),
    (21, 'kadri', NULL, 48, 49),
    (21, 'kiige', NULL, 50, 51),
    (21, 'mardi', NULL, 52, 53),
    (21, 'muu_kal', NULL, 54, 55),
    (21, 'urbe', NULL, 56, 57),
    (21, 'vastla', NULL, 58, 59),
    (NULL, 'laste', NULL, 61, 70),
    (31, 'ahel', NULL, 62, 63),
    (31, 'hälli', NULL, 62, 63),
    (31, 'laste', NULL, 64, 65),
    (31, 'mängitus', NULL, 66, 67),
    (NULL, 'loits', NULL, 71, 78),
    (36, 'muu_loits', NULL, 72, 73),
    (36, 'ravi', NULL, 74, 75),
    (36, 'töö', NULL, 76, 77),
    (NULL, 'lüürika', NULL, 79, 84),
    (40, 'meeste', NULL, 80, 81),
    (40, 'naiste', NULL, 82, 83),
    (NULL, 'pidu', NULL, 85, 96),
    (43, 'mängu', NULL, 86, 87),
    (43, 'praasnik', NULL, 88, 89),
    (43, 'pulma', NULL, 90, 91),
    (43, 'tantsu', NULL, 92, 93),
    (43, 'varru', NULL, 94, 95),
    (NULL, 'pidu_laste', NULL, 97, 100),
    (49, 'mängu', NULL, 98, 99),
    (NULL, 'töö', NULL, 101, 124),
    (51, 'heina', NULL, 102, 103),
    (51, 'kaluri', NULL, 104, 105),
    (51, 'karja', NULL, 106, 107),
    (51, 'ketrus', NULL, 108, 109),
    (51, 'lõikus', NULL, 110, 111),
    (51, 'lüps', NULL, 112, 113),
    (51, 'marja', NULL, 114, 115),
    (51, 'muu_töö', NULL, 116, 117),
    (51, 'talgu', NULL, 118, 119),
    (51, 'või', NULL, 120, 121),
    (51, 'õitsi', NULL, 122, 123),
    (NULL, 'vaimulik', NULL, 125, 126),
    (NULL, 'ei ole võimalik määratleda', NULL, 127, 128),
    (NULL, 'määramata', NULL, 129, 130),
    (NULL, 'teadmata', NULL, 131, 132)
;

INSERT INTO folk_tune.song_topics (parent_id, title, description, lft, rght)
VALUES
    (NULL, 'töö', 'tööd, tegevused', 1, 94),
    (1, 'kari', 'karjatamine, kari, karjane', 2, 3),
    (1, 'õits', 'õitsilkäimine', 4, 5),
    (1, 'hein', 'heinatööd', 6, 7),
    (1, 'kütis', 'kütis', 8, 9),
    (1, 'künd', 'künd', 10, 11),
    (1, 'külv', 'külv', 12, 13),
    (1, 'sõnnik', 'sõnnikulaotamine', 14, 15),
    (1, 'lõikus', 'lõikus', 16, 17),
    (1, 'lina', 'linatööd', 18, 19),
    (1, 'rehepeks', 'rehepeks', 20, 21),
    (1, 'talgud', 'talgud', 22, 23),
    (1, 'lüps', 'lüpsmine', 24, 25),
    (1, 'või', 'võitegu', 26, 27),
    (1, 'jahvatus', 'jahvatamine (käsikivi, veski)', 28, 29),
    (1, 'söögitegu', 'keetmine, küpsetamine', 30, 31),
    (1, 'joogitegu', 'taari ja õlle valmistamine', 32, 33),
    (1, 'lambaniitmine', 'lambaniitmine', 34, 35),
    (1, 'kraasimine, ketrus', 'kraasimine, ketrus', 36, 37),
    (1, 'kangakudumine', 'kangakudumine', 38, 39),
    (1, 'vanutamine, uhtumine', 'vanutamine, uhtumine', 40, 41),
    (1, 'õmblemine', 'õmblemine', 42, 43),
    (1, 'pesupesemine', 'pesupesemine', 44, 45),
    (1, 'koristamine', 'koristamine, pühkimine', 46, 47),
    (1, 'riietus, ehted', 'riietumine, ehtimine, rõivad, ehted', 48, 49),
    (1, 'juuksed', 'juustelõikamine, peasugemine, juuksed, peahari', 50, 51),
    (1, 'saun', 'saun, leil, saunaskäimine, vihtlemine', 52, 53),
    (1, 'ravimine, haigused', 'arstimine, arst, tervis, haigus, trauma, ussihammustus jne', 54, 55),
    (1, 'nõidumine, ennustamine', 'nõidumine, ennustamine', 56, 57),
    (1, 'mäng', 'mängimine', 58, 59),
    (1, 'tuli', 'tuletegemine, tuli', 60, 61),
    (1, 'külalised', 'külaskäimine, külalised', 62, 63),
    (1, 'söök-jook', 'söömine-joomine, söögid-joogid', 64, 65),
    (1, 'viin, kõrts, joodik', 'viin, kõrts, joodik', 66, 67),
    (1, 'piip, tubakas', 'piip, tubakas', 68, 69),
    (1, 'kiik', 'kiikumine, kiigelkäimine, kiik', 70, 71),
    (1, 'sanditamine', 'sanditamine', 72, 73),
    (1, 'liulaskmine', 'liulaskmine', 74, 75),
    (1, 'laul', 'laulmine, laul, laulik', 76, 77),
    (1, 'pill', 'pillimäng, pillimees, pillid', 78, 79),
    (1, 'tants', 'tantsimine', 80, 81),
    (1, 'teekond', 'teekäimine, teekond', 82, 83),
    (1, 'hobune', 'hobune, sõit hobusega, veod', 84, 85),
    (1, 'laev, paat', 'laeva-, paadisõit', 86, 87),
    (1, 'ost-müük, laen', 'linnas turul, poes käimine; ost-müük, laenamine', 88, 89),
    (1, 'kalur', 'kalapüük, kalur, kalad', 90, 91),
    (1, 'jaht', 'jaht, jahimees, jahiloomad', 92, 93),
    (NULL, 'kal', 'kalendripühad ja tähtpäevad', 95, 112),
    (48, 'jõulud', 'jõulud, näärid', 96, 97),
    (48, 'vastla', 'vastlad', 98, 99),
    (48, 'lihavõtted', 'lihavõtted', 100, 101),
    (48, 'jaani', 'jaanipäev', 102, 103),
    (48, 'mardi', 'mardipäev', 104, 105),
    (48, 'kadri', 'kadripäev', 106, 107),
    (48, 'külapühad', 'külapühad (praasnikud)', 108, 109),
    (48, 'muu_kal', 'muud kalendripühad', 110, 111),
    (NULL, 'pere', 'abielu, perekond', 113, 132),
    (57, 'laps', 'laps (kandmine, sünnitamine, hällitamine, hoidmine, kasvatamine)', 114, 115),
    (57, 'neiu ja kodu', 'kodu, kasvupõli, neiupõli, kodust lahkumine', 116, 117),
    (57, 'vaeslaps', 'vaeslaps', 118, 119),
    (57, 'poisid-tüdrukud', 'poisid ja tüdrukud (poiste kiitus ja pilge, vanapoiss, poissmees, neidude kiitus ja pilge, vanatüdruk)', 120, 121),
    (57, 'suhted', 'kaasavalik, armastus, kosjad', 122, 123),
    (57, 'pulmad', 'pulmad (st laulud, milles juttu pulmadest või mis kirjeldavad üksikuid pulmakombeid jne)', 124, 125),
    (57, 'abielu', 'abielu, mees ja naine, isa- ja mehekodu', 126, 127),
    (57, 'lesk', 'lesk', 128, 129),
    (57, 'muud peresuhted', 'perekonnasuhted üldiselt, õed-vennad, vanemad lapsed', 130, 131),
    (NULL, 'elumured', 'elu hooled ja mured', 133, 148),
    (67, 'virkus-laiskus', 'töökus ja laiskus, väsimus ja puhkus, uni', 134, 135),
    (67, 'tüli', 'laim, tüli ja riid', 136, 137),
    (67, 'õnnetus', 'õnnetused, äpardused', 138, 139),
    (67, 'nälg', 'nälg', 140, 141),
    (67, 'surm', 'surm', 142, 143),
    (67, 'kurbus', 'mure, kurbus, lein', 144, 145),
    (67, 'saatus', 'tundmatu tulevik, elusaatus', 146, 147),
    (NULL, 'ühiskond', 'Sotsiaalsed kihistused, ühiskondlikud suhted, ajaloolised sündmused', 149, 166),
    (75, 'mõis', 'mõisaorjus (ja kõik sellega seotu)', 150, 151),
    (75, 'permees-sulane', 'peremees, sulane, saunik', 152, 153),
    (75, 'rikas-vaene', 'rikas ja vaene', 154, 155),
    (75, 'kerjus', 'kerjus', 156, 157),
    (75, 'linn', 'linn', 158, 159),
    (75, 'nekrut', 'nekrut, soldat, sõda', 160, 161),
    (75, 'kuningas', 'kuningad, keisrid jms', 162, 163),
    (75, 'kirik', 'kirik, kirikuõpetaja, köster', 164, 165),
    (NULL, 'usund', 'usk ja mütoloogia', 167, 174),
    (84, 'müüdid', 'müütilised sündmused (tekkelood jms)', 168, 169),
    (84, 'ristiusk', 'ristiusukujutelmad, piiblitegelased', 170, 171),
    (84, 'uskumused-olendid', 'mitmesugused rahvausundilised kujutelmad ja uskumusolendid', 172, 173),
    (NULL, 'loodus', 'loodus', 175, 188),
    (88, 'taevakehad, loodusjõud', 'taevakehad, loodusjõud', 176, 177),
    (88, 'ilmastik, aastaajad', 'ilmastik, aastaajad', 178, 179),
    (88, 'maastik', 'maastikuobjektid (veekogud, mäed jms)', 180, 181),
    (88, 'taimed', 'taimed (ka kultuurtaimed)', 182, 183),
    (88, 'puud', 'puud, mets', 184, 185),
    (88, 'loomad', 'linnud, loomad, putukad', 186, 187),
    (NULL, 'ei ole võimalik määratleda', NULL, 189, 190),
    (NULL, 'teadmata', NULL, 191, 192),
    (NULL, 'määramata', NULL, 193, 194)
;

INSERT INTO folk_tune.verse_forms (title, description)
VALUES
    ('runo', 'runolaul (regivärss)'),
    ('siird', 'siirdevormiline'),
    ('riim', 'lõppriimiline'),
    ('rõhuline', 'rõhuline värss (itk, loits, vaimulik värsilugemine vms)'),
    ('asem', 'asemantilistest silpidest või vokaalidest koosnev (huiked, joiud jne)'),
    ('muu_v', 'muud vormid')
;

INSERT INTO folk_tune.tune_forms (title, description)
VALUES
    ('1', 'Üherealine'),
    ('2', 'Kaherealine'),
    ('1[2]', 'Põhiliselt üherealine, laulu sees kohati kaherealine'),
    ('2[1]', 'Põhiliselt kaherealine, laulu sees kohati üherealine'),
    ('1R1/2', 'Üherealine viis poolerealise refrääniga'),
    ('1R1', 'Üherealine viis üherealise refrääniga'),
    ('1[2]1/2', 'Põhiliselt üherealine, kohati kaherealine, poolerealise refrääniga'),
    ('1Rpikk', 'Üherealine viis pikema refrääniga'),
    ('1Rsise', 'Üherealine viis, refräänsõna on viisirea sees ja lõpus'),
    ('2R1/2', 'Kaherealine viis poolerealise refrääniga'),
    ('2R1', 'Kaherealine viis üherealise refrääniga'),
    ('2R1eri', 'Kaherealine viis üherealise refrääniga, kummagi viisirea järel on erinev refrään'),
    ('2R2', 'Kaherealine viis kaherealise refrääniga'),
    ('2Reri', 'Kaherealine viis, kummagi viisirea järel on eri pikkusega refrään'),
    ('2Rsise', 'Kaherealine viis, refräänsõna on viisiridade sees ja lõpus'),
    ('3', 'Kolmerealine viis'),
    ('4', 'Neljarealine viis'),
    ('ebaregulaarne', 'Ebaregulaarne vorm')
;

INSERT INTO folk_tune.text_forms (title)
VALUES
    ('AA/AB'),
    ('AB'),
    ('AA')
;

INSERT INTO folk_tune.rhythm_types (title)
VALUES
    ('1'),
    ('5'),
    ('2')
;

INSERT INTO folk_tune.sound_ranges (title)
VALUES
    ('ei ole võimalik määratleda'),
    ('määramata'),
    ('teadmata')
;

INSERT INTO folk_tune.transcription_sources (title)
VALUES
    ('noot'),
    ('heli'),
    ('video')
;

INSERT INTO folk_tune.transcription_person_role_types (title)
VALUES
    ('noodistaja'),
    ('litereerija'),
    ('noodigraafik'),
    ('toimetaja')
;

INSERT INTO folk_tune.key_signatures (title) 
VALUES 
    ('#f')
;





INSERT INTO folk_tune.persons (id, given_name, surname, nickname, birth_year, death_year, sex_id, remarks) 
VALUES 
(1,'Heno','Must',NULL,NULL,NULL,'1',NULL),
(2,'Harald','Paukson',NULL,NULL,NULL,'3',NULL),
(3,'Mihkel',NULL,'Pime Mihkel',NULL,NULL,'1','Arvatavasti pime.'),
(4,'Tiiu','Täll',NULL,NULL,NULL,'2',NULL),
(5,'Johannes Adolf','Rahamägi',NULL,NULL,NULL,'3',NULL),
(6,'Juuli','Kamlat',NULL,NULL,NULL,'2',NULL),
(7,'Mari','Ots',NULL,NULL,NULL,'2','Rein Ränki (ehk Reinsepp) t. Esivanemad Kihnu saarelt pärit. -- Rein Ränk olnud ühe mõisniku tütre sohipoeg. Orig: üle 70.'),
(8,'Peep','Harak','Sitikoru Peep',NULL,NULL,'1',NULL),
(9,'J.','Polakess',NULL,NULL,NULL,'3',NULL),
(10,'Aino','Strutzkin',NULL,NULL,NULL,'3',NULL),
(11,'Johan','Klemm',NULL,NULL,NULL,'1','Rätsep, pärit Rakverest, laulud kuulis Harjumaal, nooruses käis Tallinnas, siis hulkus mööda Venemaad, elanud Krimmis 30 aastat. (lk 423)'),
(12,'Liisu','Maisa',NULL,NULL,NULL,'2',NULL),
(13,'Mari','Neumanoff',NULL,NULL,NULL,'2',NULL),
(14,'Jüri','Pallas',NULL,NULL,NULL,'1',NULL),
(15,'Jaan','Kääpasuu',NULL,NULL,NULL,'1',NULL),
(16,'Anatoli','Garšnek',NULL,NULL,NULL,'3',NULL),
(17,'Gerda','Laugaste',NULL,NULL,NULL,'3',NULL),
(18,'Ida','Anni',NULL,NULL,NULL,'2','Snd, elanud Mäetaga k. Kõige suurem laulik.'),
(19,'Verner','Reinhold',NULL,NULL,NULL,'1',NULL),
(20,'Tatjana','Toomemets',NULL,NULL,NULL,'2',NULL),
(21,'Juhan','Holts',NULL,NULL,NULL,'1',NULL),
(22,'Jaan','Lillimägi',NULL,NULL,NULL,'1',NULL),
(23,'Linda','Lauri',NULL,NULL,NULL,'2',NULL),
(24,'O.','Kallas',NULL,NULL,NULL,'3',NULL),
(25,'Jaan','Vattal','Vattal, Liisu',NULL,NULL,'1',NULL),
(26,'Anna','Ploompuu',NULL,1906,NULL,'2',NULL),
(27,'Viisa','Hõbeda',NULL,NULL,NULL,'2',NULL),
(28,'K.','Jegorova',NULL,NULL,NULL,'3',NULL),
(29,'Anastasia','Luik','Nasta Luik',NULL,NULL,'3',NULL),
(30,'Amalie','Thaler',NULL,NULL,NULL,'2',NULL),
(31,'Pauline','Arme',NULL,NULL,NULL,'2','Talu perenaine. Küla täpsustus viisi juures: Metsla (Suurel Karedal), tekstikogus: elab Suure Kareda külas.'),
(32,'Leena','Valdmann',NULL,NULL,NULL,'2',NULL),
(33,'Madleena','Kristal',NULL,NULL,NULL,'2',NULL),
(34,'J.','Erlemann',NULL,NULL,NULL,'3',NULL),
(35,'Liisa','Lenk',NULL,NULL,NULL,'2',NULL),
(36,'Viiu','Raudsepp',NULL,NULL,NULL,'2',NULL),
(37,'Kai','Näpp',NULL,NULL,NULL,'2',NULL),
(38,'Jüri','Antov',NULL,NULL,NULL,'1',NULL),
(39,'Jakob','Peil',NULL,NULL,NULL,'1',NULL),
(40,'Anna','Lepp',NULL,NULL,NULL,'2',NULL),
(41,'Marie','Eiden',NULL,NULL,NULL,'2',NULL),
(42,'Tõnis','Aru',NULL,NULL,NULL,'1',NULL),
(43,'Ann','Siitas',NULL,NULL,NULL,'2',NULL),
(44,'Leena','Blum',NULL,NULL,NULL,'2',NULL),
(45,NULL,'Saks',NULL,NULL,NULL,'3',NULL),
(46,'Mari','Pärn',NULL,NULL,NULL,'2','Orig: üle 70'),
(47,'Miina','Paris',NULL,NULL,NULL,'2',NULL),
(48,'Ann','Laan',NULL,1850,NULL,'2','Esitaja Ann Laan on koguja ema. Vanus: 73 on 1923, 71 on 1921 (teksti juures). Geni: Anna Laan, snd Waldman, 1850-1929, Seliste küla, poeg Aleksander Laan'),
(49,'Kai','Reisikorv',NULL,NULL,NULL,'2','Sündinud Järva-Jaanis Keikla külas, kus ka laulud õppinud.'),
(50,'Liisa','Kaldrik',NULL,NULL,NULL,'2',NULL),
(51,'Meos','Kolk',NULL,NULL,NULL,'1',NULL),
(52,'Kaarel','Salström','Salström, Kalle',NULL,NULL,'1','Snd Tappurla k., 30 a. eest asus Hara külla. (lk 763). Tekstikogus 53-aastane, küla Ara (Karra)" (lk 719). Sünnia. eri andmetel 1851-1853. T. S. "Tappurlas üleskasvanud, Jumindal elanud. Kõik ranna laulud." (lk 1573) Sünniaasta eri andmetel 1851-1853. T. S."'),
(53,'Natalie','Einmann',NULL,1884,NULL,'2',NULL),
(54,'Kadri','Mõtus',NULL,NULL,NULL,'2',NULL),
(55,'Elisabeth','Lukk',NULL,NULL,NULL,'2',NULL),
(56,'Leenu','Tomberg',NULL,NULL,NULL,'2',NULL),
(57,'Mari','Kirschbaum',NULL,NULL,NULL,'2',NULL),
(58,'J.','Palumeister',NULL,NULL,NULL,'3',NULL),
(59,'Anna','Kuld',NULL,NULL,NULL,'2',NULL),
(60,'Adeele','Deepus',NULL,NULL,NULL,'2',NULL),
(61,'Eeva','Maalberg',NULL,NULL,NULL,'2',NULL),
(62,'Ann','Kuldkepp',NULL,NULL,NULL,'2',NULL),
(63,'Sohvi','Sepp',NULL,NULL,NULL,'2',NULL),
(64,'Mai','Pehka',NULL,NULL,NULL,'2',NULL),
(65,'Anna','Randjärv',NULL,NULL,NULL,'2',NULL),
(66,'Kadri','Puusepp',NULL,NULL,NULL,'2','Andmed: EÜS VIII 1317. Virvel üles kasvanud""'),
(67,'Greet','Vessmann',NULL,NULL,NULL,'2',NULL),
(68,'Valentiina','Pääba',NULL,NULL,NULL,'2',NULL),
(69,'Anna','Otti',NULL,NULL,NULL,'2',NULL),
(70,'Maria','Ader',NULL,NULL,NULL,'2',NULL),
(71,'Liisa','Kümmel',NULL,NULL,NULL,'2',NULL),
(72,'Mari','Anepaju',NULL,NULL,NULL,'2',NULL),
(73,'Eduard','Viidakas',NULL,NULL,NULL,'3',NULL),
(74,'M.','Sibul',NULL,NULL,NULL,'3',NULL),
(75,'Mari','Vierland',NULL,1871,NULL,'2','Neiupõlvenimi: Mari Treial (ka Treier). Registris: Uibo vallas õpitud laul; elab Veriora v. Taive: Originaalis on sünnikoht Pragi vald, kuid olemas on ainult Pragi küla. Viisi juures on segaselt märgitud veel: Uibo wallas[sa]?. Karässa karjaden oppis vanhat laulunsa.[?]" Aga sealkandis on üksnes Uibujärve küla. (Viki andmed) [T. S.] Vanus 40-a. Kui kirjutati 1912. paiku, siis teeb sünniaastaks u 1870  (lk 178). Mari Treial on pärast abiellumist Mari Vierland. Genis märgitud snd. Treier, 1871. [T. S.]"'),
(76,'Mai','Sahari',NULL,NULL,NULL,'2',NULL),
(77,'J.','Kask',NULL,NULL,NULL,'3',NULL),
(78,'J.','Leppik',NULL,NULL,NULL,'3',NULL),
(79,'Ell','Savisikk',NULL,NULL,NULL,'2',NULL),
(80,'Emilie','Older',NULL,1904,NULL,'2',NULL),
(81,'Mari','Teigar',NULL,NULL,NULL,'2',NULL),
(82,'Ann','Taul',NULL,NULL,NULL,'2',NULL),
(83,'Reet','Mänd',NULL,NULL,NULL,'2',NULL),
(84,'Miina','Vendak',NULL,NULL,NULL,'2',NULL),
(85,'Mihkel','Pehka',NULL,NULL,NULL,'3',NULL),
(86,'Juuli','Tilk',NULL,NULL,NULL,'2',NULL),
(87,'Aliide','Salström',NULL,NULL,NULL,'2',NULL),
(88,'Jaan','Sumberg',NULL,NULL,NULL,'1',NULL),
(89,'Liidia','Strandson',NULL,1896,NULL,'2',NULL),
(90,'Helmi','Valk',NULL,NULL,NULL,'3',NULL),
(91,NULL,'Viidik',NULL,NULL,NULL,'3',NULL),
(92,'Edgar','Eisenschmidt',NULL,NULL,NULL,'3',NULL),
(93,'Roman','Altmets',NULL,1888,NULL,'1',NULL),
(94,'Miina','Völmre',NULL,NULL,NULL,'2',NULL),
(95,'Tõnis','Soon',NULL,NULL,NULL,'1',NULL),
(96,'Jüri','Weissmann',NULL,NULL,NULL,'1',NULL),
(97,'Liisa','Andrei',NULL,NULL,NULL,'2',NULL),
(98,'Maria','Loob',NULL,1898,NULL,'2',NULL),
(99,'J.','Schmidt',NULL,NULL,NULL,'3',NULL),
(100,'Anna','Ots',NULL,NULL,NULL,'2',NULL),
(101,'Miina','Maaker',NULL,NULL,NULL,'2',NULL),
(102,'Jaan','Kleesment',NULL,NULL,NULL,'1',NULL),
(103,'Mai','Mäitse',NULL,NULL,NULL,'2',NULL),
(104,'Anu','Jürgenson',NULL,NULL,NULL,'2',NULL),
(105,'Aksenia','Kukk',NULL,NULL,NULL,'2','Snd Liivamägi. Ema oli suur laulik". (lk 101)"'),
(106,'Villem','Arge',NULL,NULL,NULL,'1',NULL),
(107,'Emilie','Kõiv',NULL,NULL,NULL,'2',NULL),
(108,'Mai','Pärs',NULL,NULL,NULL,'2',NULL),
(109,'Jüri','Blum',NULL,NULL,NULL,'1','Jüri Ploom (Blum).. Sndn Jõhvi kihelk. Kiiglas, Arvila külas (Pungerjal), elas Püssis; Vokas (Toilas) ju üle 30 a. elamas." (lk 877)"'),
(110,'Madis','Kontson',NULL,1848,NULL,'1',NULL),
(111,'Mari','Normann',NULL,NULL,NULL,'2',NULL),
(112,'Liisu','Viilberg',NULL,NULL,NULL,'2',NULL),
(113,'Karl August','Hermann',NULL,NULL,NULL,'3',NULL),
(114,'Juula','Üksti',NULL,NULL,NULL,'2',NULL),
(115,'Mart','Papp',NULL,NULL,NULL,'1',NULL),
(116,'Katri','Susi',NULL,NULL,NULL,'2',NULL),
(117,'Juuli','Erlach',NULL,NULL,NULL,'2',NULL),
(118,'Ann','Metsamärt',NULL,NULL,NULL,'2',NULL),
(119,'Katri','Kentsiko',NULL,NULL,NULL,'2','52 a elanud Timo vallas. Laulud kuulnud ilmast". Ema surnud varakult. Veel eluloost ERA II 35, 595."'),
(120,'Johannes','Rand',NULL,NULL,NULL,'1',NULL),
(121,'Mikk','Triefeldt',NULL,NULL,NULL,'1',NULL),
(122,'Mai','Senkbuch',NULL,NULL,NULL,'2',NULL),
(123,'Kadri','Martinson',NULL,NULL,NULL,'2',NULL),
(124,'Lilli','Koppel',NULL,NULL,NULL,'2',NULL),
(125,'Mari','Neimann',NULL,NULL,NULL,'2',NULL),
(126,'Elts','Veidentamm',NULL,NULL,NULL,'2',NULL),
(127,'Palaga','Kadajamägi',NULL,NULL,NULL,'2',NULL),
(128,'Julius','Sollmann',NULL,NULL,NULL,'3',NULL),
(129,'Hendrik','Grünberg',NULL,NULL,NULL,'1',NULL),
(130,'Liis','Alas','Kuraga Liis',NULL,NULL,'2',NULL),
(131,'Madli','Pirju',NULL,NULL,NULL,'2',NULL),
(132,'Alide','Saat',NULL,NULL,NULL,'3',NULL),
(133,'Marfa','Heodori',NULL,NULL,NULL,'2','Andmebaasis oli ristinime pakkumine: ?Feodori... [T. S.]'),
(134,'Tiina','Schink',NULL,NULL,NULL,'2',NULL),
(135,'Madli','Lepp',NULL,NULL,NULL,'2',NULL),
(136,'Liisa','Lund',NULL,NULL,NULL,'2','Vanuse kohta orig: u 30 (Saat, viis, lk 88), u 35 (Viidebaum, tekst, lk 93); panin siia keskmise.'),
(137,'Samel','Veisbach',NULL,NULL,NULL,'1',NULL),
(138,'Liisa','Markopf',NULL,NULL,NULL,'2',NULL),
(139,'Johannes','Traks',NULL,NULL,NULL,'1',NULL),
(140,'Mari','Nessler',NULL,NULL,NULL,'2',NULL),
(141,'Mari','Adermann',NULL,NULL,NULL,'2',NULL),
(142,'Iida','Kalden',NULL,NULL,NULL,'2',NULL),
(143,'Hans','Tuulver',NULL,NULL,NULL,'1',NULL),
(144,'Veera','Karazenkova',NULL,NULL,NULL,'2','eestlase naine'),
(145,'Krõõt','Luik',NULL,NULL,NULL,'2',NULL),
(146,'S.','Talvik',NULL,NULL,NULL,'3',NULL),
(147,'Kristjan','Torop',NULL,NULL,NULL,'3',NULL),
(148,'Helmi','Ots',NULL,NULL,NULL,'2',NULL),
(149,'Anna','Ilumets',NULL,NULL,NULL,'2',NULL),
(150,'Anu','Veskus',NULL,NULL,NULL,'2',NULL),
(151,'Linda','Saar',NULL,NULL,NULL,'2',NULL),
(152,'Eduard','Päts',NULL,NULL,NULL,'1',NULL),
(153,'Adam','Andik',NULL,NULL,NULL,'1',NULL),
(154,'K.','Ruusamägi',NULL,NULL,NULL,'2',NULL),
(155,'Mai','Leitorp',NULL,NULL,NULL,'2',NULL),
(156,'M.','Jallai',NULL,NULL,NULL,'3',NULL),
(157,'Jevdokia','Luik','Ode Luik',NULL,NULL,'2',NULL),
(158,'Miina','Pulk',NULL,NULL,NULL,'2',NULL),
(159,'Mari','Parnat',NULL,NULL,NULL,'2',NULL),
(160,'Miili','Sirel',NULL,NULL,NULL,'2',NULL),
(161,'Jakob','Wirth',NULL,NULL,NULL,'1',NULL),
(162,'Veera','Võsu',NULL,1913,NULL,'2',NULL),
(163,'Jüri','Schmuul',NULL,NULL,NULL,'1',NULL),
(164,'J.','Ponamar',NULL,NULL,NULL,'3',NULL),
(165,'V.','Luga',NULL,NULL,NULL,'3',NULL),
(166,'Maali','Nurmberg',NULL,NULL,NULL,'2',NULL),
(167,'Alma','Talve',NULL,NULL,NULL,'2',NULL),
(168,'Toomas','Köömel',NULL,NULL,NULL,'1',NULL),
(169,'Mall','Kunttus',NULL,NULL,NULL,'3',NULL),
(170,'Miina','Rohr',NULL,NULL,NULL,'2',NULL),
(171,'Toomas','Uibopuu',NULL,NULL,NULL,'1','Geni: 1853-1931, Tohvri veski. [T .S.]'),
(172,'Jaak','Änilane',NULL,NULL,NULL,'1',NULL),
(173,'Jüri','Kiremia',NULL,NULL,NULL,'1',NULL),
(174,'Reet','Joosepsaar',NULL,NULL,NULL,'2',NULL),
(175,NULL,'Blum',NULL,NULL,NULL,'1','Vanus orig 64-65.'),
(176,NULL,'Karro',NULL,NULL,NULL,'1',NULL),
(177,'Maria','Laas',NULL,1890,NULL,'2',NULL),
(178,'Mihkel','Loob',NULL,NULL,NULL,'1',NULL),
(179,'Tõnu','Voors',NULL,NULL,NULL,'1',NULL),
(180,'Ellu','Sõstar',NULL,NULL,NULL,'2','Snd. Aidakats'),
(181,'Elisabet','Vari',NULL,NULL,NULL,'2',NULL),
(182,'Leena','Neitov',NULL,NULL,NULL,'2',NULL),
(183,'Elisabet','Türk','Meräse Liis; Salu Liis; Merase Liisi',1897,NULL,'2',NULL),
(184,'Liisa','Gerberson',NULL,NULL,NULL,'2',NULL),
(185,'Anu','Valu',NULL,NULL,NULL,'2',NULL),
(186,'O.','Siiak',NULL,NULL,NULL,'3',NULL),
(187,'Mari','Luts',NULL,1870,1913,'2','Oletatavad eluaastad Genist, sel juhul snd Johanson.'),
(188,'I.','Tobler',NULL,NULL,NULL,'3',NULL),
(189,'Mai','Viil',NULL,NULL,NULL,'2',NULL),
(190,'Andrei','Ramul',NULL,1842,NULL,'1',NULL),
(191,'Olga','Maasik',NULL,NULL,NULL,'3',NULL),
(192,'Eliisabeta','Põld',NULL,1892,NULL,'2',NULL),
(193,'Kai','Kasimir',NULL,NULL,NULL,'2',NULL),
(194,'Els','Tõllason',NULL,NULL,NULL,'2',NULL),
(195,'Jaak','Ratassepp',NULL,NULL,NULL,'1',NULL),
(196,'Ü.','Matjus',NULL,NULL,NULL,'3',NULL),
(197,'Elts','Kask',NULL,NULL,NULL,'2',NULL),
(198,'Juhan','Rosenberg',NULL,NULL,NULL,'1',NULL),
(199,'A.','Tael',NULL,NULL,NULL,'3',NULL),
(200,'K.','Ruut',NULL,NULL,NULL,'3',NULL),
(201,'Hans','Grünwaldt',NULL,NULL,NULL,'1',NULL),
(202,'Liisa','Paju',NULL,NULL,NULL,'2',NULL),
(203,'Kadri','Krönström',NULL,NULL,NULL,'2',NULL),
(204,'Mari','Leichter',NULL,1859,NULL,'2','1873 asunud Rakvere kihelkonda.'),
(205,'Ann','Pussov',NULL,NULL,NULL,'2',NULL),
(206,'Elena','Laanetu','Laanetu Ollo',1911,NULL,'2',NULL),
(207,'Elisabet','Raudsepp',NULL,1891,NULL,'2',NULL),
(208,'Emilie','Timusk',NULL,NULL,NULL,'2',NULL),
(209,'Mare','Pook',NULL,NULL,NULL,'2',NULL),
(210,'Ann','Sild',NULL,NULL,NULL,'2',NULL),
(211,'Peeter','Fuchs',NULL,NULL,NULL,'1',NULL),
(212,'A.','Losmann',NULL,NULL,NULL,'3',NULL),
(213,'Loreida','Soodla',NULL,1924,NULL,'2',NULL),
(214,'Mai','Elken',NULL,NULL,NULL,'2',NULL),
(215,'R.','Kõhelik',NULL,NULL,NULL,'3',NULL),
(216,'H.','Eller',NULL,NULL,NULL,'1',NULL),
(217,'Mari','Siimson',NULL,NULL,NULL,'2',NULL),
(218,'Ann','Sepp',NULL,1827,NULL,'2',NULL),
(219,'Marie','Harjus',NULL,NULL,NULL,'2',NULL),
(220,'Ann','Raudsepp',NULL,NULL,NULL,'2',NULL),
(221,'Ann','Paltsmar',NULL,NULL,NULL,'2',NULL),
(222,'A.','Suurkask',NULL,NULL,NULL,'3',NULL),
(223,'Hip','Kahr',NULL,NULL,NULL,'2',NULL),
(224,'Peeter','Luuberg',NULL,NULL,NULL,'1',NULL),
(225,'Liisu','Laid',NULL,NULL,NULL,'2',NULL),
(226,'Pauliine','Pihlak',NULL,NULL,NULL,'2',NULL),
(227,'Maria','Sepp',NULL,NULL,NULL,'2',NULL),
(228,'Mare','Kõiva',NULL,NULL,NULL,'3',NULL),
(229,'Rosali Maria','Ots',NULL,NULL,NULL,'2',NULL),
(230,'Anna','Kallebron',NULL,NULL,NULL,'2','Andmed EÜS VIII 1319. Seal ka üles kasvanud." Siin on Suurpää küla, aga andmebaasis oli enne Pärispää küla. Parandasin, aga tuleb kontrollida ja vaadata, mis on laulu juures. [T. S.]"'),
(231,'Marie','Salk',NULL,NULL,NULL,'2',NULL),
(232,'Tõnis','Leppik',NULL,NULL,NULL,'1','Orava talu peremees'),
(233,'Ruuda','Tuhakott',NULL,NULL,NULL,'2',NULL),
(234,'Leenu','Tubakas',NULL,NULL,NULL,'2',NULL),
(235,'Jüri','Kivi',NULL,NULL,NULL,'1',NULL),
(236,'Joosep','Nilberg',NULL,NULL,NULL,'1',NULL),
(237,'Elli','Küttim',NULL,1909,NULL,'2','Elli Küttim, snd Lauri, 1909-1993, vanus orig. u. 80.'),
(238,'Miili','Sakson',NULL,NULL,NULL,'2',NULL),
(239,'Eduard','Seigfeldt',NULL,NULL,NULL,'1',NULL),
(240,'Andres','Tamberg',NULL,NULL,NULL,'1',NULL),
(241,'M.','Kask',NULL,NULL,NULL,'3',NULL),
(242,'Madli','Saeble',NULL,NULL,NULL,'2',NULL),
(243,'Kustas','Mõtlik',NULL,NULL,NULL,'1',NULL),
(244,'Jaan','Jakobson',NULL,NULL,NULL,'1',NULL),
(245,'Marie','Ratas',NULL,NULL,NULL,'2',NULL),
(246,'Mare','Drostohv',NULL,NULL,NULL,'2',NULL),
(247,'Jelisaveta','Lampu',NULL,NULL,NULL,'2',NULL),
(248,'Eeva','Kredemann',NULL,NULL,NULL,'2',NULL),
(249,'Leena','Kase',NULL,NULL,NULL,'3',NULL),
(250,'Mari','Tikmann',NULL,NULL,NULL,'2',NULL),
(251,'Jaan','Söödor',NULL,NULL,NULL,'1',NULL),
(252,'Ann','Albert',NULL,NULL,NULL,'2',NULL),
(253,'Mari','Poltov',NULL,1844,NULL,'2',NULL),
(254,'Mari','Masuurina',NULL,NULL,NULL,'2','Tõnikse Maria [Torupilli?] ema'),
(255,'A.','Tani',NULL,NULL,NULL,'3',NULL),
(256,'Marie','Okk',NULL,NULL,NULL,'2',NULL),
(257,'Karl','Leichter',NULL,NULL,NULL,'3',NULL),
(258,'Mart','Kõrts',NULL,NULL,NULL,'3',NULL),
(259,'Leena','Endrikson',NULL,NULL,NULL,'2',NULL),
(260,'Johannes','Uusõue',NULL,NULL,NULL,'1',NULL),
(261,'Mari','Sepper',NULL,NULL,NULL,'2',NULL),
(262,'S.','Keerd',NULL,NULL,NULL,'3',NULL),
(263,'Johan','Bachblum',NULL,NULL,NULL,'1',NULL),
(264,'Salme','Koitla',NULL,NULL,NULL,'2',NULL),
(265,'Anna','Siiberg',NULL,NULL,NULL,'2','Andmed: EÜS VIII 1317. Vanus: 70 ümb." "Seal ka üles kasvanud""'),
(266,'Helmi','Einre',NULL,NULL,NULL,'3',NULL),
(267,'Veera','Kuusk',NULL,NULL,NULL,'2',NULL),
(268,'Ann','Lott',NULL,NULL,NULL,'2',NULL),
(269,'Anu','Korb',NULL,NULL,NULL,'3',NULL),
(270,'Juhan','Annus',NULL,NULL,NULL,'1','Eestlane. Elab Noarootsi kih.[elkonnas] --- 30 a. (noot, tekst). Laulud õppind Hiiumaal (tekst).'),
(271,'Hip','Koivupuu',NULL,NULL,NULL,'2',NULL),
(272,'Liina','Lind',NULL,1977,NULL,'2',NULL),
(273,'Miina','Iismann',NULL,NULL,NULL,'2','Sndn ja elanud Veikeses Sakus, kus ka üleskirj." (viisi juures, lk 880), "Saka k" (lk 1128)"'),
(274,'Akulina',NULL,'Paavli Kullu',NULL,NULL,'2',NULL),
(275,'Daarja','Kägavere',NULL,NULL,NULL,'2',NULL),
(276,'Helmi','Parm',NULL,1898,NULL,'2',NULL),
(277,'M.','Pärtlas',NULL,NULL,NULL,'3',NULL),
(278,'Darja','Järveotsa',NULL,NULL,NULL,'2',NULL),
(279,'M.','Kielas',NULL,NULL,NULL,'3',NULL),
(280,'Manni','Nurm',NULL,NULL,NULL,'2',NULL),
(281,'Jaak','Pärtel',NULL,NULL,NULL,'1',NULL),
(282,'A.','Ellerhein',NULL,NULL,NULL,'3',NULL),
(283,'Peeter','Reets',NULL,NULL,NULL,'1',NULL),
(284,'Liisu','Kulp',NULL,NULL,NULL,'2',NULL),
(285,'Liisu','Palderment',NULL,NULL,NULL,'2',NULL),
(286,'Juula','Toriland',NULL,NULL,NULL,'2','Tekstikoguja järgi on vanus 55'),
(287,'Leena','Sauberg',NULL,NULL,NULL,'2',NULL),
(288,'J.','Raudsepp',NULL,NULL,NULL,'3',NULL),
(289,'Leen','Loodus',NULL,NULL,NULL,'2',NULL),
(290,'Marie','Malk',NULL,NULL,NULL,'2',NULL),
(291,'Külli','Trummal',NULL,NULL,NULL,'3',NULL),
(292,'August','Tamberg',NULL,NULL,NULL,'1',NULL),
(293,'Jaan','Rosenfelt',NULL,NULL,NULL,'1','Jaan Rosenfelt (lk 904), Rosenvelt (lk 1083/4) Säält samas, kust Mari Rosenfelt pärit." (lk 903) Arvatavasti mõeldakse siin elu-, mitte sünnikohta. [T. S.]"'),
(294,'Ann','Ala',NULL,NULL,NULL,'2',NULL),
(295,'Liisu','Mägi','Puru Liisu',1832,NULL,'2','Suviti töötanud Pärnumaal, Häädemeeste piirkonnas. Suri 1925. Andmeid: Kolk 1984: 4'),
(296,'Marje','Joalaid',NULL,NULL,NULL,'3',NULL),
(297,'Liisu','Helmann',NULL,1862,NULL,'2',NULL),
(298,'Asra','Kikerist',NULL,NULL,NULL,'3',NULL),
(299,'Mihkel','Anni','Tärava taat',NULL,NULL,'1','Mihkel Anni pojanaine, snd Kiiver.'),
(300,'Mari','Paberit',NULL,NULL,NULL,'2',NULL),
(301,'Leenu','Nikker',NULL,NULL,NULL,'2',NULL),
(302,'Ida','Aab',NULL,NULL,NULL,'2',NULL),
(303,'Marta','Kirpman',NULL,NULL,NULL,'2',NULL),
(304,'Kai','Rikk',NULL,NULL,NULL,'2',NULL),
(305,'Leena','Lapp',NULL,NULL,NULL,'2',NULL),
(306,'Jaan','Lobjakas',NULL,NULL,NULL,'1',NULL),
(307,'Vaike','Rööp',NULL,NULL,NULL,'3',NULL),
(308,'Ann','Jürgenson',NULL,NULL,NULL,'2',NULL),
(309,'Anastasia','Jallai','Nasta Jallai',1912,NULL,'2',NULL),
(310,'Mari','Kilu',NULL,NULL,NULL,'2','77 a. vana (1929), snd samas külas. (ERA II 18, 15)'),
(311,'Mart','Blau',NULL,NULL,NULL,'1',NULL),
(312,'Kadri','Kotsar',NULL,NULL,NULL,'2',NULL),
(313,'Jaan','Kranfeldt',NULL,NULL,NULL,'1',NULL),
(314,'Jüri','Leit',NULL,NULL,NULL,'1',NULL),
(315,'Miili','Randmer',NULL,NULL,NULL,'2',NULL),
(316,'R.','Vilmansen',NULL,NULL,NULL,'3',NULL),
(317,'Mari','Kask',NULL,1852,NULL,'2',NULL),
(318,'Miina','Roosmann',NULL,NULL,NULL,'2',NULL),
(319,'Rõõt','Kimmel',NULL,NULL,NULL,'2',NULL),
(320,'Davit','Jakson',NULL,NULL,NULL,'3',NULL),
(321,'Peeter','Sarv',NULL,NULL,NULL,'3',NULL),
(322,'Kai','Meibaum',NULL,NULL,NULL,'2',NULL),
(323,'Agrepina',NULL,'Mihali Kreepa',NULL,NULL,'2',NULL),
(324,'Adu','Volberg',NULL,NULL,NULL,'1',NULL),
(325,'Anu','Heinrichson',NULL,NULL,NULL,'2',NULL),
(326,NULL,'Simm',NULL,NULL,NULL,'3',NULL),
(327,'Poliine','Korjus',NULL,NULL,NULL,'2',NULL),
(328,'Emma','Vahesoo',NULL,1886,NULL,'2',NULL),
(329,'Ann','Õunapuu',NULL,NULL,NULL,'2',NULL),
(330,'Miina','Vilippus',NULL,NULL,NULL,'2',NULL),
(331,NULL,'Mihkelson',NULL,NULL,NULL,'3',NULL),
(332,'Peter','Sandri',NULL,NULL,NULL,'1',NULL),
(333,'Marie','Antsov',NULL,NULL,NULL,'2',NULL),
(334,'Leenu','Lääts',NULL,NULL,NULL,'2',NULL),
(335,'Marta','Mäesalu',NULL,NULL,NULL,'2',NULL),
(336,'Gustav','Aarike',NULL,NULL,NULL,'1',NULL),
(337,'Mari','Rajapuu',NULL,NULL,NULL,'2',NULL),
(338,'Marie','Luik',NULL,NULL,NULL,'2',NULL),
(339,'Jaan','Aru',NULL,NULL,NULL,'1',NULL),
(340,'Hans','Tuhakott',NULL,NULL,NULL,'1',NULL),
(341,'Leena','Akker',NULL,NULL,NULL,'2',NULL),
(342,'Miina','Kasela',NULL,NULL,NULL,'2',NULL),
(343,'Triinu','Lessuke',NULL,NULL,NULL,'2',NULL),
(344,'Pelageja',NULL,'Miitsa Palaga',NULL,NULL,'2',NULL),
(345,'Kaarel','Võõrmann',NULL,NULL,NULL,'1',NULL),
(346,'Ell','Ilves',NULL,NULL,NULL,'2',NULL),
(347,'Mart','Masso',NULL,NULL,NULL,'1',NULL),
(348,'V.','Kirodosk',NULL,NULL,NULL,'3',NULL),
(349,'Viiu','Pill',NULL,NULL,NULL,'2',NULL),
(350,'F.','Kuhlbars',NULL,NULL,NULL,'3',NULL),
(351,'Leena','Karh',NULL,NULL,NULL,'2',NULL),
(352,'Marie','Erep',NULL,NULL,NULL,'2',NULL),
(353,'Leenu','Eerik',NULL,NULL,NULL,'2',NULL),
(354,'Anna','Keerem',NULL,NULL,NULL,'2',NULL),
(355,'Aleksander','Koppel',NULL,NULL,NULL,'1',NULL),
(356,'Mare','Koert',NULL,NULL,NULL,'2',NULL),
(357,'Joosep','Kõrgesaar',NULL,NULL,NULL,'1',NULL),
(358,'Gustav','Veervald',NULL,NULL,NULL,'1',NULL),
(359,'Ann','Veiderpass',NULL,NULL,NULL,'2',NULL),
(360,'J.','Põllusaar',NULL,NULL,NULL,'3',NULL),
(361,'Juula','Kraakel',NULL,NULL,NULL,'2',NULL),
(362,'Alfred Konstantin','Kivi',NULL,NULL,NULL,'3',NULL),
(363,'Juuli','Hunt',NULL,NULL,NULL,'2',NULL),
(364,'Anne','Krouberg',NULL,NULL,NULL,'2',NULL),
(365,'Anton','Põlts',NULL,NULL,NULL,'1',NULL),
(366,'Liina','Kaskmann',NULL,NULL,NULL,'2',NULL),
(367,'Mari','Kuus',NULL,NULL,NULL,'2',NULL),
(368,'Charlotte','Tammemägi',NULL,NULL,NULL,'2',NULL),
(369,'Jaan','Viibus',NULL,1876,NULL,'1',NULL),
(370,'Anna','Pihu',NULL,NULL,NULL,'2',NULL),
(371,'Erna','Tampere',NULL,NULL,NULL,'3',NULL),
(372,'Kristjan','Sepp',NULL,NULL,NULL,'1',NULL),
(373,'Anna-Leena','Mikiver',NULL,1859,NULL,'2','Anna-Leena Mikiver (Treifeld), 1859-1942 (Geni). Ilma sidekriipsuta variant on tekstikogus. T. S.'),
(374,'R.','Väljaots',NULL,NULL,NULL,'3',NULL),
(375,'Marta','Oad','Rahu Marta',1916,NULL,'2',NULL),
(376,'Kai','Lagerest',NULL,NULL,NULL,'2',NULL),
(377,'Juhan','Aavik',NULL,NULL,NULL,'3',NULL),
(378,'Jüri','Mesikäpp',NULL,NULL,NULL,'1',NULL),
(379,'M.','Morritson',NULL,NULL,NULL,'3',NULL),
(380,'Krõõt','Truus',NULL,NULL,NULL,'2',NULL),
(381,'Helmi','Vill',NULL,1904,NULL,'2','Surma-aasta 1973 (Eesti Rahvamuusika antoloogia)'),
(382,'A.','Sibul',NULL,NULL,NULL,'3',NULL),
(383,'Mart','Alev',NULL,NULL,NULL,'1',NULL),
(384,'Leena','Kuuse',NULL,NULL,NULL,'2',NULL),
(385,'Peter','Puiemets',NULL,NULL,NULL,'1',NULL),
(386,'Herma','Piidre',NULL,NULL,NULL,'2',NULL),
(387,'Emilis','Melngailis',NULL,NULL,NULL,'3',NULL),
(388,'J.','Evert',NULL,NULL,NULL,'3',NULL),
(389,'Miina','Meelmann',NULL,NULL,NULL,'2',NULL),
(390,'Oskar','Kallas',NULL,NULL,NULL,'3',NULL),
(391,'Ruudu','Noor',NULL,NULL,NULL,'1',NULL),
(392,'Jüri','Dolberg',NULL,NULL,NULL,'1',NULL),
(393,'Anna','Sirp',NULL,NULL,NULL,'2',NULL),
(394,'Kai','Sang',NULL,NULL,NULL,'2',NULL),
(395,'J.','Oidermann',NULL,NULL,NULL,'3',NULL),
(396,'P.','Reisik',NULL,NULL,NULL,'3',NULL),
(397,'Leena','Pritson',NULL,NULL,NULL,'2',NULL),
(398,'Mari','Gross',NULL,NULL,NULL,'2',NULL),
(399,'Ingel','Soer',NULL,1868,NULL,'2',NULL),
(400,'Mai','Moorberg',NULL,NULL,NULL,'2',NULL),
(401,'Priidik','Ristikivi',NULL,NULL,NULL,'1',NULL),
(402,'Alma','Kurvits',NULL,NULL,NULL,'2',NULL),
(403,'Anu','Bortsmuth',NULL,NULL,NULL,'2',NULL),
(404,'Mari','Jalg',NULL,NULL,NULL,'2',NULL),
(405,'Ingel','Kaasik',NULL,NULL,NULL,'2',NULL),
(406,'Mari','Hantsi',NULL,NULL,NULL,'2',NULL),
(407,'Anna','Härm',NULL,NULL,NULL,'2','Tulnud Setumaalt u 15 a tagasi.'),
(408,'Mari','Magnus',NULL,NULL,NULL,'2',NULL),
(409,'Veera','Lillak',NULL,1919,NULL,'2',NULL),
(410,'Madis','Luukas',NULL,NULL,NULL,'1',NULL),
(411,'Osvald','Tammjärv',NULL,NULL,NULL,'1',NULL),
(412,'Sinaida','Mändla',NULL,1903,NULL,'2',NULL),
(413,'Leenu','Andrei',NULL,NULL,NULL,'2',NULL),
(414,'Mart','Jõkk','Undu-Antsu Mart',NULL,NULL,'1',NULL),
(415,'Riõt','Laase',NULL,1901,NULL,'2',NULL),
(416,'Märt','Jänes',NULL,NULL,NULL,'1','üle 60'),
(417,'Natalia','Rahasepp',NULL,1911,NULL,'2',NULL),
(418,'Ekatarina','Ottin','Metsavahi Kai',1862,NULL,'2',NULL),
(419,'Ann','Suitt',NULL,NULL,NULL,'2',NULL),
(420,'Melania','Mätas',NULL,NULL,NULL,'2',NULL),
(421,'Amalie','Erlach',NULL,NULL,NULL,'2',NULL),
(422,'Mai','Laos',NULL,NULL,NULL,'3',NULL),
(423,'Liisu','Limberg',NULL,NULL,NULL,'2',NULL),
(424,NULL,'Koppelmets',NULL,NULL,NULL,'2','Orig vanus: 45-50, panin keskmise. T. S.'),
(425,'Juula','Truvert',NULL,NULL,NULL,'2',NULL),
(426,'Mari','Salob',NULL,NULL,NULL,'2',NULL),
(427,'Veera','Soo',NULL,NULL,NULL,'2',NULL),
(428,'Ruth','Mirov',NULL,NULL,NULL,'3',NULL),
(429,'Ello','Katt',NULL,1828,NULL,'2','Mihkli naine. Vanus orig: ligi 80. Geni järgi snd 1828.'),
(430,'Anastasia','Aul',NULL,NULL,NULL,'2',NULL),
(431,'Aliide','Tuul',NULL,NULL,NULL,'2',NULL),
(432,'Andres','Allikberg',NULL,NULL,NULL,'1',NULL),
(433,'Hindrik','Aikson',NULL,NULL,NULL,'1',NULL),
(434,'Juhan','Kruusmann',NULL,NULL,NULL,'1',NULL),
(435,'Mari','Lagen',NULL,NULL,NULL,'2',NULL),
(436,'Ann','Edva',NULL,1845,NULL,'2',NULL),
(437,'Eva','Luik',NULL,NULL,NULL,'2',NULL),
(438,'J.','Aidan',NULL,NULL,NULL,'3',NULL),
(439,'Kustav','Meikar',NULL,1835,NULL,'1',NULL),
(440,NULL,'Karro',NULL,NULL,NULL,'2',NULL),
(441,'Pauline','Tenisson',NULL,NULL,NULL,'2',NULL),
(442,'Veera','Pino',NULL,NULL,NULL,'3',NULL),
(443,'Viido','Kliimann',NULL,NULL,NULL,'1',NULL),
(444,'Mari','Maalmann',NULL,NULL,NULL,'2',NULL),
(445,'Mari','Rosenfelt',NULL,NULL,NULL,'2','Rosenfelt, 77 a. (lk 903), Rosenvelt, 78 a. (lk 1085) Sndn. ja üleskasv. Koiva kihelk. Paide kreisis; elanud 38 a. eest Järve mõisa asunud Moonakate külasse, sääl üleskirj." (lk 903), "Paide kreis p., elanud Toilas 15 a., Konjus 5 a. Järvel 19 a." (lk 1085). Jaan Rosenfelt (lk 904), Rosenvelt (lk 1083/4) "Säält samas, kust Mari Rosenfelt pärit." (lk 903) Arvatavasti mõeldakse siin elu-, mitte sünnikohta. [T. S.]"'),
(446,'Liina','Brund',NULL,NULL,NULL,'2',NULL),
(447,'Hendrik','Zinkmann',NULL,NULL,NULL,'1',NULL),
(448,'August','Topmann',NULL,NULL,NULL,'3',NULL),
(449,'Juuli','Otmann',NULL,NULL,NULL,'2','Vanemad tulnud Kambjast. (tekst)'),
(450,'Mare','Kaju',NULL,NULL,NULL,'2',NULL),
(451,NULL,'Labong',NULL,NULL,NULL,'3',NULL),
(452,'R.','Kalbek',NULL,NULL,NULL,'3',NULL),
(453,'Jekaterina','Lummo',NULL,NULL,NULL,'2',NULL),
(454,'Ann','Riivald',NULL,NULL,NULL,'2',NULL),
(455,'Ants','Räitsakas',NULL,NULL,NULL,'1',NULL),
(456,'Rosaalie','Tark',NULL,NULL,NULL,'2',NULL),
(457,'Miina','Leegu',NULL,NULL,NULL,'2',NULL),
(458,'Maria','Päästel',NULL,NULL,NULL,'2',NULL),
(459,'Elts','Rookmann','Kapa Elts',1857,NULL,'2','Gen. Eltse'),
(460,'Maria','Vool',NULL,NULL,NULL,'2',NULL),
(461,'Priidu','Tiik',NULL,NULL,NULL,'1',NULL),
(462,'Leenu','Vähi',NULL,NULL,NULL,'2',NULL),
(463,'Alide','Porosson',NULL,NULL,NULL,'2',NULL),
(464,'Tõnis','Kruusvall',NULL,NULL,NULL,'1',NULL),
(465,'Marie','Viipsi',NULL,NULL,NULL,'2',NULL),
(466,'Jaan','Piilberg',NULL,NULL,NULL,'1',NULL),
(467,'Mai','Elmar',NULL,NULL,NULL,'2',NULL),
(468,'Salme','Laas',NULL,NULL,NULL,'2',NULL),
(469,'Liisi','Rikka',NULL,1888,NULL,'2',NULL),
(470,'Mari','Kill',NULL,NULL,NULL,'2','Mai Kill, Orava t. (EÜS III 668), Mari Kill (EÜS III 564), Maria Kill, Lepiku t. (EÜS III 602), Mari Kull, Lepiku t. (EÜS III 518), M. Kill (EÜS III 621)'),
(471,'K.','Mihhels',NULL,NULL,NULL,'3',NULL),
(472,'Märt','Tiidur',NULL,NULL,NULL,'3',NULL),
(473,'Mai','Kolnes',NULL,NULL,NULL,'2',NULL),
(474,'Marie','Allik',NULL,NULL,NULL,'2',NULL),
(475,'Liisu','Sander',NULL,NULL,NULL,'2',NULL),
(476,'Elts','Wagiström',NULL,1826,NULL,'2','Elts Wagiström (Siiberg), 1828-1912, snd Kiiu-Aablas. (Geni).'),
(477,'Ieva',NULL,NULL,NULL,NULL,'3',NULL),
(478,'Elts','Baumann',NULL,NULL,NULL,'2',NULL),
(479,'Herbert','Tampere',NULL,NULL,NULL,'3',NULL),
(480,'Helene','Kreek',NULL,1901,NULL,'2',NULL),
(481,'Larissa','Metsmaa',NULL,NULL,NULL,'2',NULL),
(482,'Mari','Kantberg',NULL,NULL,NULL,'2',NULL),
(483,'Leena','Welt',NULL,NULL,NULL,'2',NULL),
(484,'Riste','Kuusnõmm',NULL,1864,NULL,'2','Muutis elukohta juulis 1949. (RKM II 57 (89))'),
(485,'Alfred','Ruus',NULL,1888,NULL,'1','Geni: Alfred Ruus 8. 07.1888-29.09.1971'),
(486,'Anu','Peks',NULL,NULL,NULL,'2','Esitaja andmed lk 262. Eluaeg Uue-Suistle vallas elanud, noorena Uue-Suistle mõisas teol käinud: suvel põllul, talvek ketramas, seal laulud õppinud ja loonud; on kuulus laulja olnud.'),
(487,'Leida','Ränk',NULL,NULL,NULL,'2',NULL),
(488,'Jüri','Eevalt',NULL,NULL,NULL,'1',NULL),
(489,'Vilhelmine','Parba',NULL,NULL,NULL,'2',NULL),
(490,'Mihkel','Vaga',NULL,NULL,NULL,'1',NULL),
(491,'Kai','Riidam',NULL,NULL,NULL,'2',NULL),
(492,'Juhan','Kents',NULL,NULL,NULL,'1','End. mõisa kubjas, laulud mõisa väljal õpitud"."'),
(493,'Elvi','Suu',NULL,1922,NULL,'2',NULL),
(494,'Liis','Kuraga','Liis Alas, Aia Vana',NULL,NULL,'2',NULL),
(495,'Jaan','Sarv',NULL,NULL,NULL,'3',NULL),
(496,'Peeter','Angjärv',NULL,NULL,NULL,'1',NULL),
(497,'H.','Lohk',NULL,NULL,NULL,'3',NULL),
(498,'V.','Tasa',NULL,NULL,NULL,'3',NULL),
(499,'Eva','Völström',NULL,NULL,NULL,'2','Andmed EÜS VIII 1318. Jumindal üles kasvanud.""'),
(500,'Peter','Kuldkepp',NULL,NULL,NULL,'1',NULL),
(501,'Maarja','Privoi',NULL,NULL,NULL,'2',NULL),
(502,'Liisu','Eerik',NULL,NULL,NULL,'2',NULL),
(503,'Juhan','Kilkson',NULL,NULL,NULL,'1',NULL),
(504,'Gustav','Lauri',NULL,NULL,NULL,'1',NULL),
(505,'Joosep','Aavik',NULL,NULL,NULL,'3',NULL),
(506,'Marie','Leppik',NULL,NULL,NULL,'2',NULL),
(507,'Irina','Luik','Martini I''ro',NULL,NULL,'2',NULL),
(508,'Võru','muuseum',NULL,NULL,NULL,'3',NULL),
(509,'Richard','Viidalepp',NULL,NULL,NULL,'3',NULL),
(510,'Liisu','Mets',NULL,NULL,NULL,'2','Viisi ja teksti kogus erinev vanus: 65 ja 68, panin keskmise.'),
(511,'Leenu','Steinberg',NULL,NULL,NULL,'2',NULL),
(512,'Maarja','Mäepea',NULL,NULL,NULL,'2','Koguja: Seal ka üleskasvanud; sealsed laulud.'),
(513,'Mari','Paulus',NULL,NULL,NULL,'2',NULL),
(514,'V.','Koch',NULL,NULL,NULL,'3',NULL),
(515,'Mari','Reinpuu',NULL,NULL,NULL,'2',NULL),
(516,'Maarja','Krall',NULL,NULL,NULL,'2',NULL),
(517,'Boris','Kõrver',NULL,NULL,NULL,'3',NULL),
(518,'Maie Marie','Männi',NULL,1833,NULL,'2','Geni: Maia Marie Männi, snd. 1833. Snd ia üleskasv. Põlulas, Jaagupi kihelk.; 50 a eest Nõmmele Avispea küla asunud, kus üleskirj.""'),
(519,'K.','Martinson',NULL,NULL,NULL,'3',NULL),
(520,'Anna','Suur',NULL,NULL,NULL,'2','Snd Madisson, Suure sepa naine". On siin elanud 35 a."'),
(521,'Jaan','Kõiv',NULL,NULL,NULL,'1',NULL),
(522,'Eeva','Reiman',NULL,NULL,NULL,'2',NULL),
(523,'Maali','Kirikmar',NULL,1877,NULL,'2',NULL),
(524,'Marie','Hagelberg',NULL,NULL,NULL,'2',NULL),
(525,'Liisu','Kaljuste',NULL,NULL,NULL,'2',NULL),
(526,'Truuta','Parabrits',NULL,NULL,NULL,'2',NULL),
(527,NULL,'Kroomann',NULL,NULL,NULL,'2',NULL),
(528,'Mari','Steinberg',NULL,NULL,NULL,'2',NULL),
(529,'Kai','Kadakas',NULL,NULL,NULL,'2',NULL),
(530,'Leena','Tiismann',NULL,NULL,NULL,'2',NULL),
(531,'Jaak','Tamm',NULL,NULL,NULL,'3',NULL),
(532,'Jaan','Mõsikepp',NULL,NULL,NULL,'3',NULL),
(533,'Sinaiida','Post',NULL,NULL,NULL,'2',NULL),
(534,'Marie','Püüdja',NULL,NULL,NULL,'2',NULL),
(535,'Ann','Jõeste',NULL,NULL,NULL,'2',NULL),
(536,'Jaan','Mikiver',NULL,NULL,NULL,'1','Leena Mikiveri mees. Umbes 50 a. v.'),
(537,'Truuta','Tärk',NULL,NULL,NULL,'2',NULL),
(538,'Darja','Pisumaa','Vasila Taarka, Hilana Taarka',1856,NULL,'2',NULL),
(539,'Reet','Saar',NULL,NULL,NULL,'2',NULL),
(540,'Adeele','Pirso',NULL,NULL,NULL,'2',NULL),
(541,'Jüri','Sihver',NULL,NULL,NULL,'1',NULL),
(542,'Hans','Vikström',NULL,NULL,NULL,'1',NULL),
(543,'Jaan','Laksberg',NULL,NULL,NULL,'1',NULL),
(544,'Hans','Aman',NULL,NULL,NULL,'1','metsaülem'),
(545,'Ann','Kulu',NULL,NULL,NULL,'2',NULL),
(546,'Vaike','Sarv',NULL,NULL,NULL,'3',NULL),
(547,'Anna','Rohi',NULL,NULL,NULL,'2',NULL),
(548,'Maria','Taresaar',NULL,1899,NULL,'2',NULL),
(549,'Jüri','Berkstein',NULL,1869,NULL,'1',NULL),
(550,'Jaan','Talts',NULL,NULL,NULL,'1',NULL),
(551,'Kustas','Mätlik',NULL,NULL,NULL,'1',NULL),
(552,'Anna','Uibo',NULL,NULL,NULL,'2',NULL),
(553,'Peeter','Rääts',NULL,NULL,NULL,'1',NULL),
(554,'E.','Kolk',NULL,NULL,NULL,'3',NULL),
(555,'Peeter','Süda',NULL,NULL,NULL,'3',NULL),
(556,'Aleksei','Pallasma',NULL,NULL,NULL,'1',NULL),
(557,'Miina','Alas',NULL,NULL,NULL,'2',NULL),
(558,'Mall','Hiiemäe',NULL,NULL,NULL,'3',NULL),
(559,'Hendrik','Palu',NULL,NULL,NULL,'1',NULL),
(560,'Ann','Läänessaar',NULL,NULL,NULL,'2',NULL),
(561,'Juuli','Ott',NULL,NULL,NULL,'2',NULL),
(562,'Ann','Kõiv',NULL,NULL,NULL,'2',NULL),
(563,'Anastaisa','Vanatalo',NULL,NULL,NULL,'2',NULL),
(564,'Elisabet','Leas','Ojase Liisi',1930,NULL,'2',NULL),
(565,'Tiiu','Mosof',NULL,NULL,NULL,'2',NULL),
(566,'Maria','Kivi',NULL,NULL,NULL,'2',NULL),
(567,'Marie','Kaljura',NULL,NULL,NULL,'2',NULL),
(568,'Jaan','Laas',NULL,NULL,NULL,'1',NULL),
(569,'A.','Luhasalu',NULL,NULL,NULL,'3',NULL),
(570,'Mari','Wulff',NULL,NULL,NULL,'2',NULL),
(571,'Juhan','Pielberg',NULL,NULL,NULL,'1','Mõisa vasikakarjane'),
(572,'Stepanida','Vahvik',NULL,1893,NULL,'2','Snd Onegin. Andmed Geni: Stephanida Vahvik, snd. 3.11.1893'),
(573,'Mari',NULL,'Põldmäe perenaene Mari',NULL,NULL,'2',NULL),
(574,'Anna','Baumann',NULL,NULL,NULL,'2',NULL),
(575,'Maret','Liiv',NULL,NULL,NULL,'2',NULL),
(576,'P.','Paurman',NULL,NULL,NULL,'3',NULL),
(577,'Ann','Annus',NULL,NULL,NULL,'2',NULL),
(578,'Kadri','Kronström',NULL,NULL,NULL,'2',NULL),
(579,'Liisu','Orik',NULL,NULL,NULL,'2',NULL),
(580,'Jaan','Antonis',NULL,NULL,NULL,'1',NULL),
(581,'Madli','Aaberg',NULL,NULL,NULL,'2','Andmed: EÜS VIII 1316. Uuri külas s.s. vallas üleskasv". Nimekuju Aberg lk 2512."'),
(582,'Nasta','Liivapuu',NULL,1906,NULL,'2',NULL),
(583,'Jüri','Nuu',NULL,NULL,NULL,'1',NULL),
(584,'Matrjona','Ojaperv',NULL,1908,NULL,'2',NULL),
(585,'Jaan','Pendel',NULL,NULL,NULL,'1',NULL),
(586,'Höödor','Valgna',NULL,NULL,NULL,'1',NULL),
(587,'Taavet','Paabo',NULL,1856,NULL,'1','Imste sepp. Laulud kuulnud Ahjas ja selle ümbruses. (teksti ja noodi juures)'),
(588,'Kai','Kernauk',NULL,NULL,NULL,'2',NULL),
(589,'Mall','Paulson',NULL,1873,NULL,'2',NULL),
(590,'Julie','Veske',NULL,NULL,NULL,'2',NULL),
(591,'Emilie','Klaus',NULL,NULL,NULL,'2',NULL),
(592,'Greete','Jents','Jõnts, Greete',1884,NULL,'2','Ametlik nimi Jents, Irina, aga seda üldse ei kasutatud ega teatud. Jents/Jõnts oli häälduslik sarnasus. [T. S.]'),
(593,'Ott','Paap',NULL,1907,NULL,'1',NULL),
(594,'Akulina','Pihla',NULL,NULL,NULL,'2',NULL),
(595,'August','Kiiss',NULL,NULL,NULL,'3',NULL),
(596,'Anu','Kuldkepp',NULL,NULL,NULL,'2',NULL),
(597,'Jaan','Luiga',NULL,NULL,NULL,'1',NULL),
(598,'Mare','Valdov',NULL,NULL,NULL,'2',NULL),
(599,'Olga','Raud',NULL,NULL,NULL,'2',NULL),
(600,'Matrjona',NULL,'Trossi Matr''o',NULL,NULL,'2',NULL),
(601,'Aleksander','Jürgens',NULL,NULL,NULL,'1',NULL),
(602,'J.','Kamar',NULL,NULL,NULL,'3',NULL),
(603,'Jevdokia','Sõrmus',NULL,1915,NULL,'2',NULL),
(604,'Jaan','Viidikas',NULL,NULL,NULL,'1',NULL),
(605,'Marie','Lauri',NULL,NULL,NULL,'2',NULL),
(606,'August','Sildnik',NULL,NULL,NULL,'3',NULL),
(607,'Eduard','Kärner',NULL,NULL,NULL,'1',NULL),
(608,'Matli','Potsepp',NULL,NULL,NULL,'2',NULL),
(609,'Hels','Vihm',NULL,NULL,NULL,'2',NULL),
(610,'L.','Visla',NULL,NULL,NULL,'3',NULL),
(611,'Helgi','Kihno',NULL,NULL,NULL,'3',NULL),
(612,'K.','Lohk',NULL,NULL,NULL,'3',NULL),
(613,'Ann','Kärmas',NULL,NULL,NULL,'2','Vanus orig: üle 70.'),
(614,'Juri','Klement',NULL,NULL,NULL,'1',NULL),
(615,'Hendrik','Liiver',NULL,NULL,NULL,'1',NULL),
(616,'Anette','Evart',NULL,NULL,NULL,'2',NULL),
(617,'Anne','Petserimägi',NULL,1932,NULL,'2',NULL),
(618,'Elts','Toost',NULL,NULL,NULL,'2','Mõlemad sndn. kasv. elanud ja õpinud laulud Õetlas.'),
(619,'Liina','Kannus',NULL,NULL,NULL,'2',NULL),
(620,'Liisa','Vilgats',NULL,NULL,NULL,'2',NULL),
(621,'Irina','Pino',NULL,NULL,NULL,'2',NULL),
(622,'Jakub','Pargas',NULL,NULL,NULL,'1',NULL),
(623,'Ann','Kallas',NULL,NULL,NULL,'2',NULL),
(624,'Andres','Sild',NULL,NULL,NULL,'1',NULL),
(625,'Daniel','Punman',NULL,NULL,NULL,'1',NULL),
(626,'Taive','Särg',NULL,NULL,NULL,'3',NULL),
(627,'Marie','Saage',NULL,NULL,NULL,'2',NULL),
(628,'Peeter','Tiitsmann',NULL,NULL,NULL,'1',NULL),
(629,'Mari','Paabu',NULL,NULL,NULL,'2',NULL),
(630,'Tiina','Järv',NULL,NULL,NULL,'2',NULL),
(631,'Magdalena','Jurango',NULL,NULL,NULL,'2',NULL),
(632,'Mari','Bormann',NULL,NULL,NULL,'2',NULL),
(633,'Jaan','Kreidemann',NULL,NULL,NULL,'1',NULL),
(634,'Linda','Kurg',NULL,NULL,NULL,'2','Esitaja Linda Kurg on samas kogus kohati Tartu-Maarjast, kohati Vändrast,. Kuidas nii? Samas kogus on veel Liisa Kurg Tartu-Maarjast. Oletan: 1) kogujal läks nimi vahel sassi, või 2) Linda Kurg oli tegelikult koguja rollis ja esitas eri paikade laule. Ma kirjutan siia andmebaasi originaali järgi, parandusi tegemata. T. S.'),
(635,'Mai','Jaanson',NULL,NULL,NULL,'2',NULL),
(636,'Tõnis','Baumann',NULL,NULL,NULL,'1',NULL),
(637,'Joosep','Tuust',NULL,NULL,NULL,'1',NULL),
(638,'Leena','Mikiver',NULL,NULL,NULL,'2',NULL),
(639,'J.','Mark',NULL,NULL,NULL,'3',NULL),
(640,'Aleksandra','Kaljusaar',NULL,NULL,NULL,'2',NULL),
(641,'Helmi','Paesalu',NULL,NULL,NULL,'2',NULL),
(642,'Ekaterina','Õllemets',NULL,NULL,NULL,'2',NULL),
(643,'Artur','Martin',NULL,NULL,NULL,'3',NULL),
(644,'Aleksander','Välbe',NULL,NULL,NULL,'1',NULL),
(645,'I.','Paukson',NULL,NULL,NULL,'3',NULL),
(646,'Jüri','Kreismann',NULL,NULL,NULL,'1',NULL),
(647,'Anne','Palatu',NULL,1910,NULL,'2',NULL),
(648,'Mari','Pärtens',NULL,1832,1919,'2','Jüri lesk. Reisipäevikus: EÜS III 517/8. Elukoht: Kiriku vald.'),
(649,'Jüri','Kumberg',NULL,NULL,NULL,'1',NULL),
(650,'Tiiu','Matt',NULL,NULL,NULL,'2',NULL),
(651,'Anna','Loob',NULL,NULL,NULL,'2',NULL),
(652,'Liisa','Altov',NULL,NULL,NULL,'2',NULL),
(653,'A.','Ingermann',NULL,NULL,NULL,'3',NULL),
(654,'Jüri','Lemberg',NULL,NULL,NULL,'1','Äntu küla karjane'),
(655,'Aili','Kivinurm',NULL,NULL,NULL,'3',NULL),
(656,'M.','Jakobson',NULL,NULL,NULL,'3',NULL),
(657,'Mart','Tiisvald','Tisak',1831,NULL,'1','Geni: Mart Tiisvald, Hansu p. Palu, Järva-Peetri khk, 1831-1922.'),
(658,'Maret','Lauri',NULL,1852,NULL,'2','Maret Lauri on isaema, 1852-1931. (Geni)'),
(659,'Tanil','Anton',NULL,NULL,NULL,'1',NULL),
(660,'Anna','Tutt',NULL,NULL,NULL,'2',NULL),
(661,'Mai','Punt',NULL,NULL,NULL,'2',NULL),
(662,'Jaan','Kahu',NULL,NULL,NULL,'1',NULL),
(663,'Mari','Konsa',NULL,NULL,NULL,'2','Viisi koguja: Snd. Udrias. 4aastaselt Toila tulnud. Laulud Udriast päritud.'),
(664,'Juula','Rehemets',NULL,NULL,NULL,'2',NULL),
(665,'Ivar','Mirov',NULL,NULL,NULL,'3',NULL),
(666,'Oksana','Tammik','Ogask Tammik',NULL,NULL,'2','Vanus orig: u. 110.'),
(667,'Ida','Meos',NULL,1909,NULL,'2',NULL),
(668,'Katariina','Toru',NULL,NULL,NULL,'2',NULL),
(669,'August','Pulst',NULL,NULL,NULL,'3',NULL),
(670,'Viiu','Kallas',NULL,NULL,NULL,'2',NULL),
(671,'Emilie','Birkenbaum',NULL,NULL,NULL,'2',NULL),
(672,'Aleksandra','Suuvere','Al''la Suuvere',1908,NULL,'2','Snd Võsu, srn 2000. (Geni)'),
(673,'Leena','Valge',NULL,NULL,NULL,'3',NULL),
(674,'Rosalie','Veinberg',NULL,NULL,NULL,'2',NULL),
(675,'Jakob','Ploom',NULL,NULL,NULL,'1','Snd Võide k, kus üles kasv. ja laulud õppinud. Viisikoguja märgib üleskirjutamise kohaks Aru küla, teksti koguja Liiva küla. Valin Aru küla, sest see on Vikis olemas [T. S.]'),
(676,'Ivika-Ly','Leesmaa',NULL,NULL,NULL,'3',NULL),
(677,'Liisa','Renter',NULL,NULL,NULL,'2','Geni: Liisa Renter 1856-1928. Originaalis leidus Liisu Rentel (Renter)" "KerI" (lk 932), ka "Kerri küla" ja "Liisa Rentel" (lk 1006)."'),
(678,'Mart','Kokk',NULL,NULL,NULL,'1',NULL),
(679,'Juhan','Paesüld',NULL,NULL,NULL,'1',NULL),
(680,'Mai','Joonaks',NULL,NULL,NULL,'2',NULL),
(681,'Luule','Albert',NULL,NULL,NULL,'2',NULL),
(682,'Anna','Vihur',NULL,1910,NULL,'2',NULL),
(683,'Jaan','Pikstrem',NULL,NULL,NULL,'1',NULL),
(684,'Madli','Kalamees',NULL,NULL,NULL,'2',NULL),
(685,'Kai','Abental',NULL,NULL,NULL,'2',NULL),
(686,'Marie','Kallas',NULL,NULL,NULL,'2',NULL),
(687,'Liis','Rõõm',NULL,NULL,NULL,'2',NULL),
(688,'Maria','Kalmus',NULL,1898,NULL,'2',NULL),
(689,'Kata','Mehilane',NULL,NULL,NULL,'2',NULL),
(690,'Jüri','Tiedt',NULL,NULL,NULL,'3',NULL),
(691,'Juula','Aksim',NULL,NULL,NULL,'2',NULL),
(692,'Anna','Haugas',NULL,NULL,NULL,'2',NULL),
(693,'Marie','Treiret',NULL,NULL,NULL,'2',NULL),
(694,'Marju','Luide',NULL,NULL,NULL,'3',NULL),
(695,'Õie','Sarv',NULL,NULL,NULL,'3',NULL),
(696,'Liisa','Tomander',NULL,NULL,NULL,'2','Koguja: Jõesuus üles kasvanud, sealsed laulud.'),
(697,'Jüri','Kurss',NULL,NULL,NULL,'1',NULL),
(698,'Anna','Sommer',NULL,NULL,NULL,'2',NULL),
(699,'Jaan','Luik',NULL,NULL,NULL,'1',NULL),
(700,'Ilze','Dunulu',NULL,1853,NULL,'2',NULL),
(701,'Viiu','Kuusk',NULL,1869,NULL,'2',NULL),
(702,'Anna','Topp',NULL,NULL,NULL,'2',NULL),
(703,'Anna','Viljus',NULL,NULL,NULL,'2',NULL),
(704,'Ingel','Rosin',NULL,NULL,NULL,'2',NULL),
(705,'Mai','Pappa',NULL,NULL,NULL,'2',NULL),
(706,'Maria','Lember',NULL,NULL,NULL,'3',NULL),
(707,'Udo','Kolk',NULL,NULL,NULL,'3',NULL),
(708,'Gustav','Ossi',NULL,NULL,NULL,'1',NULL),
(709,'Hans','Nõmmiksaar',NULL,NULL,NULL,'1',NULL),
(710,'M.','Klink',NULL,NULL,NULL,'3',NULL),
(711,'Krõõt','Lutrik',NULL,NULL,NULL,'2',NULL),
(712,'Ann','Tammann',NULL,NULL,NULL,'2',NULL),
(713,'L.','Põld',NULL,NULL,NULL,'3',NULL),
(714,'J.','Kärt',NULL,NULL,NULL,'3',NULL),
(715,'Mai','Pain',NULL,NULL,NULL,'2',NULL),
(716,'Johannes','Ukareda',NULL,NULL,NULL,'1',NULL),
(717,'Leenu','Saarmann',NULL,NULL,NULL,'2',NULL),
(718,'Rozala','Buls',NULL,1845,NULL,'2',NULL),
(719,'Ekaterina','Lõo',NULL,NULL,NULL,'2',NULL),
(720,'P.','Veinberg',NULL,NULL,NULL,'3',NULL),
(721,NULL,'Kask',NULL,NULL,NULL,'2',NULL),
(722,'Eva','Kütt',NULL,NULL,NULL,'2',NULL),
(723,'Kai','Dreimann',NULL,NULL,NULL,'2',NULL),
(724,'Anna','Ernits',NULL,NULL,NULL,'2',NULL),
(725,'Aleksander','Maaker',NULL,1890,NULL,'1',NULL),
(726,'Mari','Raba',NULL,NULL,NULL,'2',NULL),
(727,'Rein','Liikas',NULL,NULL,NULL,'1',NULL),
(728,'Anna','Põder',NULL,1885,NULL,'2',NULL),
(729,'Jaan','Tamberg',NULL,NULL,NULL,'1',NULL),
(730,'Liisu','Mühlberg',NULL,NULL,NULL,'2',NULL),
(731,'Alo','Põldmäe',NULL,NULL,NULL,'3',NULL),
(732,'Ann','Liiv',NULL,NULL,NULL,'2',NULL),
(733,'Tiina','Silmann',NULL,NULL,NULL,'2',NULL),
(734,'Leena','Kalbek',NULL,NULL,NULL,'2',NULL),
(735,'Kai','Silberg',NULL,NULL,NULL,'2',NULL),
(736,'L.','Seppel',NULL,NULL,NULL,'3',NULL),
(737,'D.','Pruhl',NULL,NULL,NULL,'3',NULL),
(738,'Kaarel','Siim',NULL,NULL,NULL,'1',NULL),
(739,'Alexander Heinrich','Neus',NULL,NULL,NULL,'3',NULL),
(740,'Mari','Kütt',NULL,NULL,NULL,'2',NULL),
(741,'Leena','Nirk',NULL,NULL,NULL,'2',NULL),
(742,'J.','Jürvetson',NULL,NULL,NULL,'3',NULL),
(743,'Eva','Riiska','Pariisi Eeva',NULL,NULL,'2',NULL),
(744,'Mari','Onkli',NULL,NULL,NULL,'2',NULL),
(745,'Katarina','Krönström',NULL,NULL,NULL,'2',NULL),
(746,'Miina','Küla',NULL,NULL,NULL,'2',NULL),
(747,'Vilma','Proodel',NULL,1911,NULL,'2',NULL),
(748,'Leena','Kulpin',NULL,NULL,NULL,'3',NULL),
(749,'Juuli','Lihulinn',NULL,NULL,NULL,'2',NULL),
(750,'Maria','Korts',NULL,NULL,NULL,'2',NULL),
(751,'Liisu','Laupa',NULL,NULL,NULL,'2',NULL),
(752,'Jaan','Veber',NULL,NULL,NULL,'1',NULL),
(753,'Alma','Mölder',NULL,NULL,NULL,'2',NULL),
(754,'A.','Valmet',NULL,NULL,NULL,'3',NULL),
(755,'Iriina','Kuusesaar','Kuusesaar, Reene',1916,NULL,'2',NULL),
(756,'Praskovja','Purdeots',NULL,NULL,NULL,'2',NULL),
(757,'Juula','Õun',NULL,NULL,NULL,'2',NULL),
(758,'Ann','Vomm',NULL,NULL,NULL,'2',NULL),
(759,'Pauliine','Kiiver',NULL,NULL,NULL,'2',NULL),
(760,'Liisa','Peiit',NULL,NULL,NULL,'2',NULL),
(761,'Maria','Vahar',NULL,NULL,NULL,'2',NULL),
(762,'Johannes','Sõster',NULL,NULL,NULL,'3',NULL),
(763,'Oskar','Hannsen',NULL,NULL,NULL,'1',NULL),
(764,'Anne','Oiukas',NULL,1915,NULL,'2',NULL),
(765,'Jaan','Saagpakk',NULL,NULL,NULL,'1',NULL),
(766,'Rudolf','Tamm',NULL,NULL,NULL,'3',NULL),
(767,'Tiina','Anwed',NULL,NULL,NULL,'2','Anwed (Anvelt?), Siimeni talu vanaema.'),
(768,'Tiina','Alas',NULL,NULL,NULL,'2',NULL),
(769,'Mari','Säärsant',NULL,NULL,NULL,'2',NULL),
(770,'Kristina','Zerning',NULL,NULL,NULL,'2',NULL),
(771,'Anna','Blum',NULL,NULL,NULL,'2',NULL),
(772,'Kristjan','Villmann','Kristjan Willmann',NULL,NULL,'1','Sünnikohaks Wõdruse vald", [mida pole olemas], u 1849 läks Käva külasse, kus laulud õppinud, vanus 80 (lk 901). Vanus 83 ja elukoha osana "Kohtla" (lk 1077). Panin vanuse keskmise. [T. S.]"'),
(773,'Marie-Margarethe','Keller',NULL,NULL,NULL,'2',NULL),
(774,'Agrepina','Pihlaste','Kreepa Pihlaste',NULL,NULL,'2',NULL),
(775,'Liisa','Torupill',NULL,NULL,NULL,'2',NULL),
(776,'Marie','Ilves',NULL,NULL,NULL,'2',NULL),
(777,'Kai','Martinson',NULL,NULL,NULL,'2',NULL),
(778,'Maria','Korge',NULL,NULL,NULL,'2',NULL),
(779,'Peeter','Kurg',NULL,1856,NULL,'1','Esitaja Peeter Kurg - kuidas ta Pühastest on? [T. S.]'),
(780,'Marie','Fählmann',NULL,NULL,NULL,'2',NULL),
(781,'E.','Põldma',NULL,NULL,NULL,'3',NULL),
(782,'Kata','Täht',NULL,NULL,NULL,'2',NULL),
(783,'J.','Jaanus',NULL,NULL,NULL,'3',NULL),
(784,'Liisu','Viitberg',NULL,NULL,NULL,'2',NULL),
(785,'Hendrik','Jantson',NULL,NULL,NULL,'1',NULL),
(786,'Jaan','Bach',NULL,NULL,NULL,'1',NULL),
(787,'Ann','Päästlane',NULL,NULL,NULL,'2',NULL),
(788,'Abel','Klement',NULL,NULL,NULL,'1',NULL),
(789,'M.','Reimann',NULL,NULL,NULL,'3',NULL),
(790,'Tõnis','Jantson',NULL,NULL,NULL,'1',NULL),
(791,'Maria','Pai',NULL,1909,NULL,'2',NULL),
(792,'Maria','Lindgrem',NULL,NULL,NULL,'2',NULL),
(793,'J.','Schulz',NULL,NULL,NULL,'3','Schultz, J. ?'),
(794,'Jevdokia',NULL,'Treiali Od''e',NULL,NULL,'2',NULL),
(795,'Peeter','Treial',NULL,NULL,NULL,'1','Peremees (viisi juures).'),
(796,'P.','Kuusk',NULL,NULL,NULL,'3',NULL),
(797,'Hendrik','Hendrikmann',NULL,NULL,NULL,'1',NULL),
(798,'Jaan','Pihkva',NULL,1836,NULL,'1',NULL),
(799,'Mihkel','Jürken',NULL,NULL,NULL,'1',NULL),
(800,'Madli','Kranich',NULL,NULL,NULL,'2',NULL),
(801,'Abram','Põltsam',NULL,NULL,NULL,'1',NULL),
(802,'Elli','Alas',NULL,NULL,NULL,'2',NULL),
(803,'Eeva','Antov',NULL,NULL,NULL,'2',NULL),
(804,'Ann','Birk',NULL,NULL,NULL,'2',NULL),
(805,'Madli','Sõster',NULL,1842,NULL,'2','Madli Sõsteri elulugu EÜS VII 209, ta on koguja ema. (lk 211) Snd Palmse Kõrvel, kus isa Tanel oli metsavaht. Tema õde Ann laulis Gustav Mühlbachie, kes saatis need Hurdale. Nüüd elab Madli Tammispea külas oma vanema poja Antoni juures" (EÜS VII 217) "Madli lelletütar Anne Lillemann" (lk 213)."'),
(806,'Joann','Kalmus',NULL,NULL,NULL,'1',NULL),
(807,'Melanie','Jomm',NULL,NULL,NULL,'2',NULL),
(808,'Matrjona','Suuvere',NULL,NULL,NULL,'2',NULL),
(809,'Mihkel','Holm',NULL,1856,NULL,'1',NULL),
(810,'Anna',NULL,'Ivani Anne',NULL,NULL,'2',NULL),
(811,'Elfriede','Raat',NULL,NULL,NULL,'2',NULL),
(812,'Georg','Kipper',NULL,NULL,NULL,'1',NULL),
(813,'Ann','Traks','Vainu-Ann',NULL,NULL,'2','Jutustaja on tulnud Laiusest --- seitsmeteistkymnel eluaastal.""'),
(814,'Jüri','Vilberg',NULL,NULL,NULL,'1',NULL),
(815,'Gustav','Koolmann',NULL,NULL,NULL,'1','Andmed EÜS VIII 1320. Seal ka üles kasvanud." "Kassispää küla". Kas laulu juures on ka Kassispää [?] - Ktr. [T. S.]"'),
(816,'Marie','Roopere',NULL,NULL,NULL,'2',NULL),
(817,'Mai','Raam',NULL,NULL,NULL,'2',NULL),
(818,'Vassilissa','Kõoküla',NULL,NULL,NULL,'2',NULL),
(819,'Olga','Partsoja',NULL,NULL,NULL,'2','Snd Olga Laev, sünniküla orig märgitud Posksa. Kihelkond oli Olgale andmebaasis märgitud erinevalt, kas Setu või Vastseliina. Panin praegu elukohaks Setu, sünnikohaks Vastseliina khk [T. S.]'),
(820,'Kadri','Kukk',NULL,NULL,NULL,'2',NULL),
(821,'Selma','Lätt',NULL,NULL,NULL,'3',NULL),
(822,'Ado','Grenzstein',NULL,NULL,NULL,'3',NULL),
(823,'Ann','Tiitsmann',NULL,NULL,NULL,'2',NULL),
(824,'Berta','Ilver',NULL,NULL,NULL,'2',NULL),
(825,'Mai','Lille',NULL,NULL,NULL,'2',NULL),
(826,'Liisu','Saagpakk',NULL,NULL,NULL,'2',NULL),
(827,'Mai','Kukk',NULL,NULL,NULL,'2',NULL),
(828,'Hilda','Tombak',NULL,NULL,NULL,'2',NULL),
(829,'Mari','Kukk',NULL,NULL,NULL,'2',NULL),
(830,'Mai','Pamberg',NULL,NULL,NULL,'2',NULL),
(831,'Jakob','Press',NULL,NULL,NULL,'3',NULL),
(832,'Leenu','Kukk',NULL,NULL,NULL,'2','Viisikogus vanus 67, tekstikogus vanus 70, panin keskmise. Tekstikogus elukoht Voose vald. (lk 2049). [T. S.]'),
(833,'Emmai','Kanger',NULL,NULL,NULL,'2',NULL),
(834,'Liisa','Loik',NULL,NULL,NULL,'2',NULL),
(835,'Madli','Rung',NULL,NULL,NULL,'2',NULL),
(836,'Jaan','Püvi',NULL,NULL,NULL,'1',NULL),
(837,'Mari','Kotkas',NULL,NULL,NULL,'2',NULL),
(838,'R.','Kannukene',NULL,NULL,NULL,'3',NULL),
(839,'Taali','Parktal',NULL,NULL,NULL,'2',NULL),
(840,'Anna','Mikiver',NULL,NULL,NULL,'2',NULL),
(841,'Kadri','Krüger',NULL,NULL,NULL,'2',NULL),
(842,'Hindrek','Raaman',NULL,NULL,NULL,'1',NULL),
(843,'Peeter','Tatz',NULL,NULL,NULL,'3',NULL),
(844,'Pauline','Trankmann',NULL,NULL,NULL,'2','Mihkel Anni pojanaine, snd Kiiver.'),
(845,'Aliide','Õismann',NULL,NULL,NULL,'2',NULL),
(846,'J.','Müür',NULL,NULL,NULL,'3',NULL),
(847,'Jaan','Gutves',NULL,NULL,NULL,'1',NULL),
(848,'Mats','Jürisson',NULL,NULL,NULL,'1','Origin Jürissoni elukoht: Kiriku vald.'),
(849,'Maria','Erenström',NULL,NULL,NULL,'2',NULL),
(850,'Mall','Larm',NULL,NULL,NULL,'2',NULL),
(851,'C. V.','Ärtis',NULL,NULL,NULL,'3',NULL),
(852,'Anu','Gravrok',NULL,NULL,NULL,'2',NULL),
(853,'J.','Kalkun',NULL,NULL,NULL,'3',NULL),
(854,'Amalie','Tammjärv',NULL,NULL,NULL,'2',NULL),
(855,'Olga','Klaas','Kraavi Reet',1897,NULL,'2',NULL),
(856,'Mari','Viibus',NULL,NULL,NULL,'2',NULL),
(857,'Edna','Tuvi',NULL,NULL,NULL,'3',NULL),
(858,'Jekaterina',NULL,'Tepo Kat''i',NULL,NULL,'2',NULL),
(859,'Jüri','Remmelgas',NULL,NULL,NULL,'1',NULL),
(860,'Maria','Telliste',NULL,1927,NULL,'2',NULL),
(861,'Mari','Kasekänd',NULL,NULL,NULL,'2',NULL),
(862,'Zinaida','Saar',NULL,1908,NULL,'2',NULL),
(863,'Leen','Peru',NULL,NULL,NULL,'2',NULL),
(864,'Paul','Mägiste',NULL,1907,NULL,'1',NULL),
(865,'H.','Niit',NULL,NULL,NULL,'3',NULL),
(866,'Elviine','Nahkmann',NULL,NULL,NULL,'2',NULL),
(867,'Leena','Liivamäe',NULL,NULL,NULL,'2',NULL),
(868,'Ann','Kukk',NULL,NULL,NULL,'2',NULL),
(869,'Leena','Seller',NULL,NULL,NULL,'2',NULL),
(870,'Kadri','Puuri',NULL,NULL,NULL,'2',NULL),
(871,'Jüri','Kiigajaan',NULL,1902,NULL,'1',NULL),
(872,'Liisu','Piilberg',NULL,NULL,NULL,'2',NULL),
(873,'Ann','Tonder',NULL,NULL,NULL,'2',NULL),
(874,'Juhan','Koppel',NULL,1904,NULL,'1',NULL),
(875,'Jaan','Krüger',NULL,NULL,NULL,'1',NULL),
(876,'Liis','Lepp',NULL,NULL,NULL,'2',NULL),
(877,'Jüri','Lind',NULL,NULL,NULL,'1',NULL),
(878,'Sofia','Aasa',NULL,NULL,NULL,'2',NULL),
(879,'Leena','Leinberg',NULL,NULL,NULL,'2',NULL),
(880,'Tohver','Klemlork',NULL,NULL,NULL,'1',NULL),
(881,'Mall','Ohmut',NULL,NULL,NULL,'2','Mõlemad sndn. kasv. elanud ja õpinud laulud Õetlas.'),
(882,'Hilda','Kuklas',NULL,NULL,NULL,'2',NULL),
(883,'A.','Sakkeus',NULL,NULL,NULL,'3',NULL),
(884,'Mart','Saar',NULL,NULL,NULL,'3',NULL),
(885,'Eduard','Schmiedehelm',NULL,NULL,NULL,'1',NULL),
(886,'Karl Voldemar','Rosenstrauch',NULL,NULL,NULL,'3',NULL),
(887,'Anna','Eilu',NULL,NULL,NULL,'2',NULL),
(888,'Anu','Mäematt',NULL,NULL,NULL,'2',NULL),
(889,'Maria','Torupill',NULL,NULL,NULL,'2','Willema naene; Tõniksel'),
(890,'K.','Sõmer',NULL,NULL,NULL,'3',NULL),
(891,'Kaarel','Moor',NULL,NULL,NULL,'1',NULL),
(892,'Elisabet','Piiskop',NULL,NULL,NULL,'2',NULL),
(893,'Mari','Aaman',NULL,NULL,NULL,'2',NULL),
(894,'Ann','Vahermaa',NULL,NULL,NULL,'2',NULL),
(895,'Kai','Margut',NULL,NULL,NULL,'2',NULL),
(896,'Peeter','Tamberg',NULL,NULL,NULL,'1',NULL),
(897,'Mart','Kravtsov',NULL,NULL,NULL,'1','Andmed EÜS VIII 1319. Tappurla küla". "Seal ka üles kasvanud.""'),
(898,'Anastasia','Lust','Nasta Lust; Lust, N.',NULL,NULL,'2',NULL),
(899,'Liisu','Remmelgas',NULL,NULL,NULL,'2',NULL),
(900,'H.','Külvand',NULL,NULL,NULL,'3',NULL),
(901,'Jaan','Günter',NULL,NULL,NULL,'1',NULL),
(902,'Pauline','Kaunissaar',NULL,NULL,NULL,'2',NULL),
(903,'Rein','Kredemann',NULL,NULL,NULL,'1',NULL),
(904,'Ann','Volk',NULL,NULL,NULL,'2','sndn., kasv. ja elanud Õetlas, kus ka laulud emalt õpinud.'),
(905,'Jüri','Steinberg',NULL,NULL,NULL,'1',NULL),
(906,'Mihkel','Käärd',NULL,NULL,NULL,'1',NULL),
(907,'Lassi','eit',NULL,NULL,NULL,'2','Orig vanus: u 70.'),
(908,'Arseeni','Pook',NULL,NULL,NULL,'2',NULL),
(909,'R.','T.',NULL,NULL,NULL,'3',NULL),
(910,'Marie','Esken',NULL,NULL,NULL,'2',NULL),
(911,'Jüri','Meri',NULL,NULL,NULL,'1',NULL),
(912,'Ann','Press',NULL,NULL,NULL,'2','Orig: Rakveres Ann Press. Aljala kihelk. Valku mõisast'),
(913,'Ann','Klaasberg',NULL,NULL,NULL,'2',NULL),
(914,'Tiina','Malberg',NULL,NULL,NULL,'2','Mardi naene'),
(915,'Mai','Tanneberg',NULL,NULL,NULL,'2',NULL),
(916,'Miina','Kitter',NULL,NULL,NULL,'2',NULL),
(917,'Jakob','Luukas',NULL,NULL,NULL,'1',NULL),
(918,'Anu','Vächter',NULL,NULL,NULL,'2',NULL),
(919,'Sinaida','Saar','Saar, Siina; Kaerametsa Siina',NULL,NULL,'2',NULL),
(920,'Helle','Harring',NULL,1900,NULL,'2',NULL),
(921,'Elts','Junkvist',NULL,NULL,NULL,'2','Andmed: EÜS VIII 1317. Leesil üles kasvanud.""'),
(922,'Anna','Koikson',NULL,1843,NULL,'2','Koikson, Ann on andmetes (lk 98), Anna on viisi juures (lk 152). Andmetes on ta Audru kihelkonnas, aga öeldud järgmist: Tõstamaal sündinud, sealt Riintali valda mehele viidud." Side Audruga siit ei selgu. [T. S.]"'),
(923,'Leenu','Montag',NULL,NULL,NULL,'2',NULL),
(924,'Martin','Lutsuveer',NULL,NULL,NULL,'2',NULL),
(925,'Ann','Varusk',NULL,NULL,NULL,'3',NULL),
(926,'Villem','Falkenberg','Pruks',NULL,NULL,'1','Vabadik'),
(927,'Tiina','Raump',NULL,NULL,NULL,'2',NULL),
(928,'J.','Moodis',NULL,NULL,NULL,'3',NULL),
(929,'Kadri','Pallasmaa',NULL,NULL,NULL,'2',NULL),
(930,'Helene','Väärtnõu',NULL,NULL,NULL,'2',NULL),
(931,'Maarja','Aurik',NULL,NULL,NULL,'2',NULL),
(932,'Els','Koemets',NULL,NULL,NULL,'2',NULL),
(933,'Siimon','Muda',NULL,NULL,NULL,'1',NULL),
(934,'Jaak','Kasela',NULL,NULL,NULL,'1',NULL),
(935,'Mai','Plõks',NULL,NULL,NULL,'2',NULL),
(936,'Abram','Glindemann',NULL,NULL,NULL,'1',NULL),
(937,'Maria','Vesik','Suigu Mari',NULL,NULL,'2',NULL),
(938,'Minna','Kokk',NULL,1892,NULL,'2','Neiupõlvenimi Uibu, töö: sovhoosnik. Andmed ja sünniaasta RKM II 135, 161'),
(939,'Liisa','Kurg',NULL,NULL,NULL,'2',NULL),
(940,'M.','Tammik',NULL,NULL,NULL,'3',NULL),
(941,'Marie','Kasemets',NULL,1900,NULL,'2',NULL),
(942,'Aliide','Lootsmann',NULL,NULL,NULL,'2',NULL),
(943,'Elts','Wagiström','Wagiström, Els',NULL,NULL,'3',NULL),
(944,'Andres','Tamm',NULL,NULL,NULL,'1',NULL),
(945,'Liina','Trummar',NULL,NULL,NULL,'2',NULL),
(946,'Jakob','Rakk',NULL,NULL,NULL,'1',NULL),
(947,'Emilie','Kink',NULL,NULL,NULL,'2','nimi käändub Kink: Kingu.'),
(948,'Mart','Tiisvald','Tisak',1841,NULL,'1','Geni: Mart Tiisvald, Tõnno p. Palu, Järva-Peetri khk, 1841-1924.'),
(949,'Joosep','Wiedemann',NULL,NULL,NULL,'1','Orig: Joosep Wiedemann. Viimased 48 a elas Puru k. (lk 757). Jakob Wiidemann, 68 a. v. Jüri kihelk, Vähtsa val. kasv. --" (lk 671) Joosep Wiedemann on ka H II 1, 523/6."'),
(950,'Anete','Aasa',NULL,NULL,NULL,'2',NULL),
(951,'Johan','Espenbaum',NULL,NULL,NULL,'1',NULL),
(952,'Aliide','Kaasik',NULL,NULL,NULL,'2',NULL),
(953,'Jüri','Orgusaar',NULL,NULL,NULL,'3',NULL),
(954,'Mai','Kübarsepp',NULL,NULL,NULL,'2',NULL),
(955,'Eva','Torokov',NULL,NULL,NULL,'2',NULL),
(956,'J.','Veskemäe',NULL,NULL,NULL,'3',NULL),
(957,'Liisa','Soeson',NULL,NULL,NULL,'2',NULL),
(958,'Anna','Simpmann',NULL,NULL,NULL,'2',NULL),
(959,'Jaan','Tohver',NULL,NULL,NULL,'1',NULL),
(960,'Mart','Kiku',NULL,1855,NULL,'1',NULL),
(961,'Mari','Nelberg',NULL,NULL,NULL,'2','Andmed: EÜS VIII 1316. Kolga-Aablas üleskasvanud, praegu ka seal.'),
(962,'Jakob','Keevisk',NULL,NULL,NULL,'1',NULL),
(963,'Anu','Tikk',NULL,NULL,NULL,'2',NULL),
(964,'Ann','Kolatsk',NULL,NULL,NULL,'2',NULL),
(965,'V.','Landt',NULL,NULL,NULL,'3',NULL),
(966,'Vambola','Kurg',NULL,NULL,NULL,'1',NULL),
(967,'Hilda','Paju',NULL,NULL,NULL,'2',NULL),
(968,'Helene','Maasen',NULL,NULL,NULL,'2',NULL),
(969,'Jaan','Kelder',NULL,NULL,NULL,'1',NULL),
(970,'Sirje','Kurg',NULL,NULL,NULL,'3',NULL),
(971,'Kärt','Kornit',NULL,NULL,NULL,'2',NULL),
(972,'Mari','Lepp',NULL,NULL,NULL,'2',NULL),
(973,'Kristi','Salve',NULL,NULL,NULL,'3',NULL),
(974,'H.','Kingu',NULL,NULL,NULL,'3',NULL),
(975,'M.','Kiisk',NULL,NULL,NULL,'3',NULL),
(976,'Arvo','Krikmann',NULL,NULL,NULL,'3',NULL),
(977,'Ermiku','Madala',NULL,1860,NULL,'3',NULL),
(978,'Anna','Kõiva',NULL,NULL,NULL,'2','Vanus orig: u 70.'),
(979,'Hipp','Mõttus',NULL,1863,NULL,'1',NULL),
(980,'Mari','Kräämer',NULL,NULL,NULL,'2','Andmed EÜS VIII 1320. Kassispää küla" "Wiinistul üles kasv. Viinistu laulud.""'),
(981,'Liina','Nugis',NULL,NULL,NULL,'2',NULL),
(982,'Juhan','Lattik',NULL,1842,NULL,'1','Isanimi Aadam. Vana Kanepi kihelk. elanik. 48 a. olnud masinist.'),
(983,'Juhan','Vissberg',NULL,NULL,NULL,'1',NULL),
(984,'Mall','Saar',NULL,NULL,NULL,'2',NULL),
(985,'Jaan','Salmisto',NULL,NULL,NULL,'1',NULL),
(986,'Anna','Kauts',NULL,NULL,NULL,'2',NULL),
(987,'Liisu','Pook',NULL,NULL,NULL,'2',NULL),
(988,'Jaan','Kiisa',NULL,NULL,NULL,'1',NULL),
(989,'M.','Ilus',NULL,NULL,NULL,'3',NULL),
(990,'Helgi','Sirmais',NULL,NULL,NULL,'3',NULL),
(991,'Leena','Laas',NULL,NULL,NULL,'2',NULL),
(992,'Elts','Leht',NULL,NULL,NULL,'1',NULL),
(993,'Liis','Peltser',NULL,NULL,NULL,'2','Viisid õppinud sünnikohas Mõnistes, ainult kas''ke kan''ke viisid = kaasitused Taheval.'),
(994,'Ottilie','Kõiva',NULL,NULL,NULL,'3',NULL),
(995,'Peeter','Kuul',NULL,NULL,NULL,'1',NULL),
(996,'Lidia','Lutt',NULL,NULL,NULL,'2',NULL),
(997,'Hans','Aasa',NULL,NULL,NULL,'1',NULL),
(998,'Jakob','Ratsov',NULL,NULL,NULL,'1',NULL),
(999,'Liisu','Raavik',NULL,NULL,NULL,'2',NULL),
(1000,'Kadri','Odakas',NULL,NULL,NULL,'2','Seal sündinud, üles kasvanud, laulud õppinud.'),
(1001,'Mai','Kurus',NULL,NULL,NULL,'2',NULL),
(1002,'Liisa','Kilk',NULL,NULL,NULL,'2','Orig: Ädivere, Kurtna (Illuka) Vallas. Viisi ja teksti juures lauliku nimi erinev; tekstikogujal nimi parandatud. Laulud õppis sünnipaigas. Vanus orig 58-59. Andmed lk 129. [T. S.]'),
(1003,'Peeter','Ader',NULL,NULL,NULL,'1',NULL),
(1004,'Leno','Kingerberg',NULL,NULL,NULL,'2',NULL),
(1005,'Ingel','Jaun',NULL,NULL,NULL,'2',NULL),
(1006,'Mari','Luik',NULL,1884,NULL,'2','Elab Mihkli khk, Lindsi k'),
(1007,'Reet','Nõmm',NULL,NULL,NULL,'2',NULL),
(1008,'Jaan','Mikser',NULL,NULL,NULL,'1',NULL),
(1009,'Mari','Poks',NULL,NULL,NULL,'2',NULL),
(1010,'Mari','Tomander',NULL,NULL,NULL,'2',NULL),
(1011,'Mari','Allert',NULL,NULL,NULL,'2',NULL),
(1012,'Mai','Väljaots',NULL,NULL,NULL,'2',NULL),
(1013,'Ann','Ivandi',NULL,NULL,NULL,'2',NULL),
(1014,'Mari','Veldermann',NULL,NULL,NULL,'2',NULL),
(1015,NULL,'Simoon',NULL,NULL,NULL,'1',NULL),
(1016,'Sofie','Seebart',NULL,NULL,NULL,'2',NULL),
(1017,'Gustav','Mores',NULL,NULL,NULL,'1',NULL),
(1018,'A','Nirk',NULL,NULL,NULL,'3',NULL),
(1019,'Kai','Puks',NULL,NULL,NULL,'2',NULL),
(1020,'Jakob','Orav',NULL,NULL,NULL,'3',NULL),
(1021,'Anna','Taliga',NULL,NULL,NULL,'2',NULL),
(1022,'Madis','Ungur',NULL,NULL,NULL,'1',NULL),
(1023,'M.','Pallas',NULL,NULL,NULL,'3',NULL),
(1024,'Mari','Kasakas',NULL,NULL,NULL,'2','Ei tea, kas Mari või Kai on õige nimi. Järva-Jaani kihelkonnast Hallikult ---" (lk 1536) "Sndn Allikul, kus lapsena vainul käies õpinud; sääl ka praegu elamas." (lk 1483)"'),
(1025,'A.','Reilian',NULL,NULL,NULL,'3','lk 5: Gesungen von Kas´k, einer Wirthsfrau in Kondo, gebürtig aus Flemmingshof Kirchspiel Torma, Dörpt. Gebiet Gesinde Kasiko.'),
(1026,'Ann','Tampere',NULL,NULL,NULL,'2',NULL),
(1027,'Villem','Rooberg',NULL,NULL,NULL,'1',NULL),
(1028,'Aare','Väljaots',NULL,NULL,NULL,'3',NULL),
(1029,'Ants','Peips',NULL,NULL,NULL,'1',NULL),
(1030,'Liisu','Plaum',NULL,NULL,NULL,'2',NULL),
(1031,'Johannes','Anijärv',NULL,NULL,NULL,'1',NULL),
(1032,'Anna','Kübarsepp',NULL,NULL,NULL,'2',NULL),
(1033,'Kadri','Sütt','Markuse Kadri',NULL,NULL,'2',NULL),
(1034,'Külli','Tamkivi',NULL,NULL,NULL,'3',NULL),
(1035,'Olga','Stock',NULL,NULL,NULL,'2',NULL),
(1036,'Liisa','Kärner',NULL,NULL,NULL,'2',NULL),
(1037,'M.','Plumfelt',NULL,NULL,NULL,'3',NULL),
(1038,'Anton','Kruusimägi',NULL,NULL,NULL,'1',NULL),
(1039,'Peet','Tammann',NULL,NULL,NULL,'1',NULL),
(1040,'A.','Billem',NULL,NULL,NULL,'3',NULL),
(1041,'Leena','Puks',NULL,NULL,NULL,'2',NULL),
(1042,'Liisa','Sarv',NULL,NULL,NULL,'2',NULL),
(1043,'Anne','Allpere',NULL,NULL,NULL,'3',NULL),
(1044,'Johan','Elken',NULL,NULL,NULL,'3',NULL),
(1045,'Toomas','Sõmmer',NULL,NULL,NULL,'1','Kärla kiriku köster, algkooli lauluõpetaja. Isanimi Juhan.'),
(1046,'Ell','Ronimois',NULL,NULL,NULL,'2',NULL),
(1047,'Mart','Kreos',NULL,NULL,NULL,'1',NULL),
(1048,'Mari','Kaubre',NULL,NULL,NULL,'2',NULL),
(1049,'Maria',NULL,'Timo Marja',NULL,NULL,'2',NULL),
(1050,NULL,'Kurg',NULL,NULL,NULL,'3',NULL),
(1051,'Liisu','Jalakas',NULL,NULL,NULL,'2',NULL),
(1052,'Anna','Lohvut',NULL,NULL,NULL,'2','Snd. mustlane'),
(1053,'Ann','Tuherm',NULL,NULL,NULL,'2',NULL),
(1054,'Herman','Mathiesen',NULL,NULL,NULL,'1',NULL),
(1055,'Jaan','Joost',NULL,NULL,NULL,'1',NULL),
(1056,'Ivan','Kõvamees',NULL,NULL,NULL,'1',NULL),
(1057,'Reet','Veher',NULL,NULL,NULL,'2',NULL),
(1058,'Mari','Räbin',NULL,NULL,NULL,'2',NULL),
(1059,'Liisa','Pärtmann',NULL,NULL,NULL,'2',NULL),
(1060,'Jüri','Kägu',NULL,NULL,NULL,'1',NULL),
(1061,'Jaan','Likemets',NULL,NULL,NULL,'1',NULL),
(1062,'Juulie','Koitsaar',NULL,NULL,NULL,'2',NULL),
(1063,'Heinrich','Lepp',NULL,NULL,NULL,'3',NULL),
(1064,'Mari','Kiisler',NULL,NULL,NULL,'2',NULL),
(1065,'Eva','Must',NULL,1866,NULL,'2',NULL),
(1066,'Liisa','Kutti',NULL,NULL,NULL,'2',NULL),
(1067,'Liis','Sunts',NULL,NULL,NULL,'2',NULL),
(1068,'Andrus','Niit',NULL,NULL,NULL,'1',NULL),
(1069,'Triinu','Lekko',NULL,1861,NULL,'2','pime (ERA II 6, 100)'),
(1070,'Hermilda','Koitmaa',NULL,NULL,NULL,'2','Teksti juures vanus ~25 a.'),
(1071,'Aleksander','Metsamägi',NULL,1907,NULL,'1',NULL),
(1072,'Ingrid','Sarv',NULL,NULL,NULL,'3',NULL),
(1073,'Maali','Sikk',NULL,NULL,NULL,'2',NULL),
(1074,'T.','Leppik',NULL,NULL,NULL,'3',NULL),
(1075,'Ann','Palk',NULL,NULL,NULL,'2',NULL),
(1076,'Kusta','Ilves',NULL,NULL,NULL,'1',NULL),
(1077,'Alviine','Schmuul',NULL,NULL,NULL,'3',NULL),
(1078,'Kata','Hirtentreu',NULL,NULL,NULL,'2',NULL),
(1079,'Epp','Perlus',NULL,NULL,NULL,'2',NULL),
(1080,'Liisu','Kallas',NULL,NULL,NULL,'2',NULL),
(1081,'Hip','Paas',NULL,NULL,NULL,'2',NULL),
(1082,'Villem','Rajapuu',NULL,NULL,NULL,'1',NULL),
(1083,'Mari','Johansin',NULL,NULL,NULL,'2',NULL),
(1084,'Liine','Saaremets',NULL,NULL,NULL,'2','Khk küsimärgiga'),
(1085,'Amalie','Rätsepp',NULL,1895,NULL,'2',NULL),
(1086,'A.','Sein',NULL,NULL,NULL,'3',NULL),
(1087,'Johannes','Kiivet',NULL,NULL,NULL,'1',NULL),
(1088,'Liia','Kaaravits',NULL,NULL,NULL,'2',NULL),
(1089,NULL,'Hanson',NULL,NULL,NULL,'3',NULL),
(1090,'Mari','Neudorf',NULL,NULL,NULL,'2',NULL),
(1091,'Andrus','Kaustel',NULL,NULL,NULL,'1',NULL),
(1092,'Katja','Beljajeva',NULL,NULL,NULL,'2',NULL),
(1093,'O.','Parts',NULL,NULL,NULL,'3',NULL),
(1094,'Hans','Siimer',NULL,NULL,NULL,'3',NULL),
(1095,'Vilma','Kuut',NULL,NULL,NULL,'3',NULL),
(1096,'Mari','Treimut',NULL,NULL,NULL,'2',NULL),
(1097,'Gustav','Vilbaste',NULL,NULL,NULL,'3',NULL),
(1098,'Anu','Kivi',NULL,NULL,NULL,'2',NULL),
(1099,'S.','Suhonen',NULL,NULL,NULL,'3',NULL),
(1100,'Miina','Esken',NULL,NULL,NULL,'2',NULL),
(1101,'Ants','Kolots',NULL,1877,NULL,'1',NULL),
(1102,'Charlotte','Tammõmägi',NULL,NULL,NULL,'2',NULL),
(1103,'Mai','Paan',NULL,NULL,NULL,'2',NULL),
(1104,'Juhan','Korjus',NULL,NULL,NULL,'1',NULL),
(1105,'Märt','Jürine',NULL,NULL,NULL,'1',NULL),
(1106,'HIlja','Kokamägi',NULL,NULL,NULL,'3',NULL),
(1107,'Marie','Pahlberg',NULL,NULL,NULL,'2','laulja Anu Sandbank''i tütar. Sandbanki andmed EÜS VIII 1319.'),
(1108,'Kustas','Kaldasaun',NULL,1838,NULL,'1','Geni: Snd. 1838 Laupa, Järvamaa, Türi vald. Hiljemalt 1878 on elanud Juuru khk, Maidla mõisas, mille alla kuulub Helda küla. [T. S.]'),
(1109,'Miina','Hermann',NULL,NULL,NULL,'3',NULL),
(1110,'Mari','Vainu',NULL,NULL,NULL,'2',NULL),
(1111,'Mihkel','Kaermann',NULL,NULL,NULL,'1',NULL),
(1112,'Maria','Palmroos',NULL,NULL,NULL,'2',NULL),
(1113,'Miina','Sepp',NULL,NULL,NULL,'2',NULL),
(1114,'Jaan','Karu',NULL,NULL,NULL,'1',NULL),
(1115,'Ann','Kuusmann',NULL,NULL,NULL,'2',NULL),
(1116,'Kaarel','Pilts',NULL,NULL,NULL,'1',NULL),
(1117,'Hendrik','Hendrikmann',NULL,1870,NULL,'1',NULL),
(1118,'Efrosinja','Tilk',NULL,NULL,NULL,'2',NULL),
(1119,'Liisa','Õun',NULL,NULL,NULL,'2',NULL),
(1120,'Otto','Mentka',NULL,NULL,NULL,'3',NULL),
(1121,'Marie','Laur',NULL,NULL,NULL,'2',NULL),
(1122,'Petrula','Buls',NULL,1865,NULL,'2',NULL),
(1123,'Silvia','Porosson',NULL,NULL,NULL,'3',NULL),
(1124,'Cyrillus','Kreek',NULL,NULL,NULL,'3',NULL),
(1125,'Jukk','Akermann',NULL,NULL,NULL,'1',NULL),
(1126,'Eduard','Kärp',NULL,NULL,NULL,'1',NULL),
(1127,'Leen','Mets',NULL,NULL,NULL,'2',NULL),
(1128,'Miina','Mõlla',NULL,NULL,NULL,'2','Sndn ja üleskasv. Hageri külas, --- Laulud õpinud emalt." (lk 1482)"'),
(1129,'Mihkel','Vann',NULL,NULL,NULL,'1',NULL),
(1130,'J.','Mändmets',NULL,NULL,NULL,'3',NULL),
(1131,'Marie Rosalie','Juks',NULL,NULL,NULL,'2',NULL),
(1132,'Ell','Mooses',NULL,NULL,NULL,'2',NULL),
(1133,'Juhan','Simm',NULL,NULL,NULL,'3',NULL),
(1134,'Liisa','Valask',NULL,NULL,NULL,'2',NULL),
(1135,'Maria','Kroonmägi','Kroonmägi, Mari',1920,NULL,'2',NULL),
(1136,'Liis','Pull',NULL,NULL,NULL,'2',NULL),
(1137,'Kadri','Suu',NULL,1869,NULL,'2','K. Suu, snd. Riuhk'),
(1138,'Ernst','Peterson',NULL,NULL,NULL,'1',NULL),
(1139,'Reet','Rebane',NULL,NULL,NULL,'2',NULL),
(1140,'Mari','Sutt',NULL,NULL,NULL,'2',NULL),
(1141,'Mari','Läänessaar',NULL,NULL,NULL,'2',NULL),
(1142,'Kai',NULL,NULL,NULL,NULL,'2',NULL),
(1143,'Leena','Lõoke',NULL,NULL,NULL,'2',NULL),
(1144,'Miina','Kempman',NULL,1845,NULL,'2','Geni: Kempman, snd 1845 Junkvist. Andmed EÜS VIII 1319: Kempmann. Seal ka üleskasvanud ja elanud"."'),
(1145,'Kaarel','Veiderpass',NULL,NULL,NULL,'1',NULL),
(1146,'Riina','Hallikson',NULL,1869,NULL,'2','Snd 1869 paigu""'),
(1147,'Mai','Loos',NULL,NULL,NULL,'2',NULL),
(1148,'Melania','Elias','Tälle Madli',NULL,NULL,'2',NULL),
(1149,'Maria','Aroküll',NULL,1888,NULL,'2','Teisal on nimi kirjutatud Marie Arrokül ja Aroküll, snd 1888 Saksis Tätamangu talus. Allikas: Sõnumed, november 2020, nr 10/490. Sirje Võsa Ingrid Rüütli juured on Saksis Tätamangu talus." https://www.tapa.ee/documents/100755/26110104/SonumedNov5netti.pdf/d0ee14a7-f982-44ce-9638-520d0b1da51d [T. S.]"'),
(1150,'Kadri','Sirts',NULL,NULL,NULL,'2',NULL),
(1151,'Maria','Kreek',NULL,NULL,NULL,'2',NULL),
(1152,'V.','Metsamärt',NULL,NULL,NULL,'3',NULL),
(1153,'Vello','Lipand',NULL,NULL,NULL,'3',NULL),
(1154,'Tatjana','Vidrik','Pulli Tiiu',NULL,NULL,'2',NULL),
(1155,'J.','Meomuttel',NULL,NULL,NULL,'3',NULL),
(1156,'Ann','Kahar',NULL,NULL,NULL,'2','saunanaine'),
(1157,'T.','Köstner',NULL,NULL,NULL,'3',NULL),
(1158,NULL,'Kadri','Andrese Kadri',NULL,NULL,'2',NULL),
(1159,'Juhan','Porkun',NULL,NULL,NULL,'1','Sndn. Jõhvi mõisas; 30 a eesti Illukale, Lähtepääle asunud." Ema Mari Augas. (lk 887)"'),
(1160,'Marie','Künnapas',NULL,NULL,NULL,'2',NULL),
(1161,'Olga','Ohtla',NULL,NULL,NULL,'2',NULL),
(1162,'Ann','Katmuk',NULL,NULL,NULL,'2','Andmed: EÜS VIII 1317. Seal ka üles kasvanud""'),
(1163,'Mari','Krullu',NULL,NULL,NULL,'2',NULL),
(1164,'Jaan','Puusepp',NULL,NULL,NULL,'1',NULL),
(1165,'Maria','Grossfeldt',NULL,NULL,NULL,'2',NULL),
(1166,'Emma','Osju',NULL,NULL,NULL,'2',NULL),
(1167,'Leenu','Nilk',NULL,NULL,NULL,'2',NULL),
(1168,'Pelageja','Mets',NULL,NULL,NULL,'2',NULL),
(1169,'Anna','Jaakson',NULL,NULL,NULL,'2',NULL),
(1170,'Anni','Kroll',NULL,NULL,NULL,'2',NULL),
(1171,'Anna','Jääger',NULL,NULL,NULL,'2',NULL),
(1172,'Johan','Petäi',NULL,NULL,NULL,'1',NULL),
(1173,'Anu','Kiivit',NULL,NULL,NULL,'2',NULL),
(1174,'Mari','Õunap',NULL,NULL,NULL,'2',NULL),
(1175,'Kaarel','Tanden',NULL,NULL,NULL,'1',NULL),
(1176,'F.','Talvik',NULL,NULL,NULL,'3',NULL),
(1177,'Alide','Varunov',NULL,NULL,NULL,'2',NULL),
(1178,'Kadri','Tädimees',NULL,NULL,NULL,'2',NULL),
(1179,'Ann','Paju',NULL,NULL,NULL,'2',NULL),
(1180,'Anna','Viljak',NULL,NULL,NULL,'2',NULL),
(1181,'Ann','Palder',NULL,NULL,NULL,'2',NULL),
(1182,'Marie','Leithammel',NULL,NULL,NULL,'2',NULL),
(1183,'Joosep','Kilström',NULL,NULL,NULL,'1',NULL),
(1184,'Anilina','Uusna',NULL,NULL,NULL,'2',NULL),
(1185,'Valdeko','Rõõmus',NULL,NULL,NULL,'1',NULL),
(1186,'Kreet','Tubi',NULL,NULL,NULL,'2',NULL),
(1187,'Anette','Raagul',NULL,NULL,NULL,'2',NULL),
(1188,'Anna','Sutt','Kaevandu Anni',1914,NULL,'2','1914-1998'),
(1189,'Liis','Erne',NULL,NULL,NULL,'2','Laulud olevat kuuldud enamasti kõik vanaemalt. ERA II 35, 499 (1).'),
(1190,'Evdokia','Osi',NULL,NULL,NULL,'2',NULL),
(1191,'Mari','Porkun',NULL,NULL,NULL,'2','snd ja üleskasvanud Kuremäel, kus üles kirjutatud." (lk 754)"'),
(1192,'Hels','Rämäsk',NULL,NULL,NULL,'2',NULL),
(1193,'Kadri','Mass',NULL,NULL,NULL,'2',NULL),
(1194,'Hans','Mängel',NULL,NULL,NULL,'1','Ministeeriumi kooli juhataja'),
(1195,'M.','Kampmann',NULL,NULL,NULL,'3',NULL),
(1196,'Kadri','Ots',NULL,NULL,NULL,'2','Kadri Ots, snd Särg, SuureJuagu Hansu tütär", Alasoo külas, üles kasvanud Lahes, mehel Peatskivil, elab perega Naelavere jaos, Kopli talus."'),
(1197,'Kristjan','Tilemann',NULL,NULL,NULL,'1',NULL),
(1198,'Olga','Sutt',NULL,1894,NULL,'2','1894-1979'),
(1199,'Anna','Beiler',NULL,NULL,NULL,'2',NULL),
(1200,'E.','Päss',NULL,NULL,NULL,'3',NULL),
(1201,'Miili','Simmul',NULL,NULL,NULL,'2',NULL),
(1202,'Alma','Kurrits',NULL,NULL,NULL,'2',NULL),
(1203,'Mihkel','Joorits',NULL,NULL,NULL,'1',NULL),
(1204,'Mai','Sonn',NULL,NULL,NULL,'2',NULL),
(1205,'Mari','Kurrits',NULL,NULL,NULL,'2',NULL),
(1206,'Artur','Jung',NULL,NULL,NULL,'3',NULL),
(1207,'Riho','Päts',NULL,NULL,NULL,'3',NULL),
(1208,'Ann','Piht',NULL,NULL,NULL,'2',NULL),
(1209,NULL,'Päts',NULL,NULL,NULL,'1','Tisler Tartus, snd u 1859'),
(1210,'J.','Johanson',NULL,NULL,NULL,'3',NULL),
(1211,'Alfred','Samet',NULL,NULL,NULL,'3',NULL),
(1212,'Jüri','Taada',NULL,1835,NULL,'1','Esitaja elulugu EÜS II 1026 Snd 6.01. Madikse kirikuküla" karjane, 33 aastat Roosna-Alliku mõisas moonakas, 16 aastat talu pidanud."'),
(1213,'Jaak','Sild',NULL,NULL,NULL,'1',NULL),
(1214,'Juhan','Sutt',NULL,NULL,NULL,'1',NULL),
(1215,'Salme','Paas',NULL,NULL,NULL,'2',NULL),
(1216,'Ann','Toompalu',NULL,NULL,NULL,'2',NULL),
(1217,'Heleene','Kensapa',NULL,NULL,NULL,'2',NULL),
(1218,'Jaan','Jaanikann',NULL,NULL,NULL,'1',NULL),
(1219,'Leena','Kredemann',NULL,NULL,NULL,'2',NULL),
(1220,'Arved','Saat',NULL,NULL,NULL,'1',NULL),
(1221,'Anna','Valdermann',NULL,NULL,NULL,'2',NULL),
(1222,'J.','Rebane',NULL,NULL,NULL,'3',NULL),
(1223,'Ann','Tilk',NULL,NULL,NULL,'2',NULL),
(1224,'Peeter','Penna',NULL,NULL,NULL,'3',NULL),
(1225,'Rein','Luukas',NULL,NULL,NULL,'1',NULL),
(1226,'Peeter','Lage',NULL,NULL,NULL,'1',NULL),
(1227,'Alviine','Kaukes',NULL,NULL,NULL,'2',NULL),
(1228,'Mathilde','Reino',NULL,NULL,NULL,'2',NULL),
(1229,'Mari','Luik',NULL,1843,NULL,'2','Sünniaasta arvutatud vanuse järgi, et teistest Mari Luikedest eristada. [T. S.]'),
(1230,'Mai','Aavik',NULL,NULL,NULL,'2',NULL),
(1231,'Maria','Burfard',NULL,NULL,NULL,'2',NULL),
(1232,'Anu','Lieber',NULL,NULL,NULL,'2',NULL),
(1233,'Mari','Luik',NULL,1884,NULL,'2','Elab Hanila khk, Ridasi k'),
(1234,'Juhan','Treilmann',NULL,NULL,NULL,'1',NULL),
(1235,'Samuel','Lindpere',NULL,NULL,NULL,'3',NULL),
(1236,'Jakob','Puusepp',NULL,NULL,NULL,'1',NULL),
(1237,NULL,'Saarmets',NULL,NULL,NULL,'2','Kaarel Saarmetsa naine. Vanus orig: üle 60.'),
(1238,'Jaan','Gärstenmeier',NULL,NULL,NULL,'1',NULL),
(1239,'Juhan','Oder',NULL,NULL,NULL,'1',NULL),
(1240,'Liisu','Vaabline',NULL,NULL,NULL,'2',NULL),
(1241,'Jüri','Kleitsmann',NULL,NULL,NULL,'1',NULL),
(1242,'Juhan','Teepakk',NULL,NULL,NULL,'1',NULL),
(1243,'Paul','Ariste',NULL,1905,NULL,'1',NULL),
(1244,'Karl','Luud',NULL,NULL,NULL,'3',NULL),
(1245,'Gustav','Tingas',NULL,NULL,NULL,'1',NULL),
(1246,'Jaan','Vulff',NULL,NULL,NULL,'1',NULL),
(1247,'Leenu','Rosenberg',NULL,NULL,NULL,'2',NULL),
(1248,'Mari','Kullamägi',NULL,NULL,NULL,'2',NULL),
(1249,'Mari','Sarv',NULL,NULL,NULL,'2',NULL),
(1250,'Zinaida','Saar',NULL,NULL,NULL,'2',NULL),
(1251,'Mari','Nurk',NULL,NULL,NULL,'2',NULL),
(1252,'Otto','Ots',NULL,NULL,NULL,'1',NULL),
(1253,'J.','Freymann',NULL,NULL,NULL,'1',NULL),
(1254,'O.','Paltz',NULL,NULL,NULL,'3',NULL),
(1255,'Juuli','Rehkat',NULL,NULL,NULL,'2','Orig: ligi 20'),
(1256,'Ekatariina','Lang',NULL,1890,NULL,'2',NULL),
(1257,'Truuta','Silberstein',NULL,NULL,NULL,'2',NULL),
(1258,'Andrus','Müüripeal',NULL,NULL,NULL,'1',NULL),
(1259,'Eduard','Laugaste',NULL,NULL,NULL,'3',NULL),
(1260,'Oskar','Loorits',NULL,NULL,NULL,'3',NULL),
(1261,'Eeva','Kallmann',NULL,NULL,NULL,'2',NULL),
(1262,'Jefimia',NULL,'Ivani Hemmo',NULL,NULL,'2',NULL),
(1263,'Minna','Saar',NULL,NULL,NULL,'2','Minna Saare sünnikohaks märgitud Hargla khk originaalist ei leia, samuti ei leidnud Haanja valda.'),
(1264,'Katerina','Kreti',NULL,NULL,NULL,'2',NULL),
(1265,'Mari','Mürk',NULL,NULL,NULL,'2',NULL),
(1266,'Mari','Annusson',NULL,1848,NULL,'2',NULL),
(1267,'Olga','Luts',NULL,1925,NULL,'2',NULL),
(1268,'Leena','Töövahe',NULL,1834,NULL,'2','Tooma naine, snd Taevas, Jüri tütar, 8. sept. 12 a kivitööl käinud ja palju näinud - tunneb pea kõik kodumaa linnad.""'),
(1269,'Miina','Põlts',NULL,NULL,NULL,'2',NULL),
(1270,'Triinu','Ilmjärv',NULL,NULL,NULL,'2',NULL),
(1271,'Miili','Martinjärv',NULL,NULL,NULL,'2',NULL),
(1272,'Jaan','Söödor',NULL,NULL,NULL,'1','Esitaja on koguja vanaonupoeg, kes kuulis laulu Anwedilt (Anvelt?).'),
(1273,'L.','Briedis',NULL,NULL,NULL,'3',NULL),
(1274,'A.','Brandt',NULL,NULL,NULL,'3',NULL),
(1275,'N.','Lust',NULL,NULL,NULL,'2',NULL),
(1276,'Reet','Sarv',NULL,NULL,NULL,'2',NULL),
(1277,'Aino','Källo',NULL,1909,NULL,'2',NULL),
(1278,'H.','Vitsur',NULL,NULL,NULL,'3',NULL),
(1279,NULL,'Miihkal''',NULL,NULL,NULL,'1','Vanus orig: u. 40'),
(1280,'Kristian','Hammermann',NULL,NULL,NULL,'1',NULL),
(1281,'Jaan','Madisson',NULL,NULL,NULL,'1',NULL),
(1282,'Maria','Kaiste',NULL,1882,NULL,'2',NULL),
(1283,'Jüri','Veberson',NULL,NULL,NULL,'1',NULL),
(1284,'Madli','Pähn',NULL,NULL,NULL,'2','Madli Pähn, Wombsu t. vanaperenaine, mõistab väga palju sõnu; tema käest ei ole ka keegi üles kirjutanud.""'),
(1285,'A.','Villem',NULL,NULL,NULL,'2',NULL),
(1286,'Salme','Lambot',NULL,NULL,NULL,'2',NULL),
(1287,'Ann','Ärme',NULL,NULL,NULL,'2',NULL),
(1288,'Mihkel','Karell',NULL,NULL,NULL,'1',NULL),
(1289,'Ell','Melts',NULL,NULL,NULL,'2',NULL),
(1290,'Anna','Sutt','Kaevandu Anni',NULL,NULL,'3',NULL),
(1291,'Üllar','Ende',NULL,NULL,NULL,'3',NULL),
(1292,'Virve','Köster',NULL,NULL,NULL,'2',NULL),
(1293,'Krõõt','Anask',NULL,NULL,NULL,'2',NULL),
(1294,'Mats','Kalamees',NULL,NULL,NULL,'1',NULL),
(1295,'Peeter','Ruubel-Kõrnitse',NULL,NULL,NULL,'3',NULL),
(1296,'Jaan','Veeber',NULL,NULL,NULL,'1',NULL),
(1297,'Leenu','Aumann',NULL,NULL,NULL,'2',NULL),
(1298,'Marta','Vahar',NULL,NULL,NULL,'2','teenija (lk 697);'),
(1299,'Mai','Leit',NULL,NULL,NULL,'2',NULL),
(1300,'K.','Tani',NULL,NULL,NULL,'3',NULL),
(1301,'Igor','Tõnurist',NULL,NULL,NULL,'3',NULL),
(1302,'Mihkel','Siisberg',NULL,NULL,NULL,'1',NULL),
(1303,'J.','Sultson',NULL,NULL,NULL,'3',NULL),
(1304,'Adu',NULL,NULL,NULL,NULL,'1',NULL),
(1305,'Karl','Viljak',NULL,NULL,NULL,'3',NULL),
(1306,'Mari','Kimmel',NULL,NULL,NULL,'2',NULL),
(1307,'Liisi','Mäepea',NULL,NULL,NULL,'2',NULL),
(1308,'E.','Hirv',NULL,NULL,NULL,'3',NULL),
(1309,'Mart','Kaasen',NULL,NULL,NULL,'1',NULL),
(1310,'Peeter; Kreek, Cyrillus','Sarv',NULL,NULL,NULL,'3',NULL),
(1311,'Eeva','Põder',NULL,NULL,NULL,'2',NULL),
(1312,'Mari','Grossfeld',NULL,NULL,NULL,'2',NULL),
(1313,'Maria',NULL,'Vasila Maarja',NULL,NULL,'2',NULL),
(1314,'Märt','Siipsen',NULL,NULL,NULL,'1','mölder, Geni: 1846-1917 [T. S.]'),
(1315,'Maarja','Amba',NULL,1862,NULL,'2','Sndn. Nõmme külas Illukal, sääl üleskasv. ja laulud õpinud, 13 a. elamas Sootsu talus Illukal, Tarakuse ligi, kus laulud üleskirj." Mari Hamba (lk 892) "Sootso talu" Mari Amba (lk 1029)"'),
(1316,'Anna','Türk','Nurmiku Anna',NULL,NULL,'2',NULL),
(1317,'J.','Ulsson',NULL,NULL,NULL,'3',NULL),
(1318,'Anna','Miilimäe',NULL,NULL,NULL,'2',NULL),
(1319,'Jüri','Tuisk',NULL,NULL,NULL,'1',NULL),
(1320,'Juhan','Hanga',NULL,NULL,NULL,'1','Eestlane. Elab Noarootsi kih.[elkonnas] --- 35 a. (noot, tekst).'),
(1321,'Jüri','Välbe',NULL,NULL,NULL,'3',NULL),
(1322,'Miina','Till',NULL,NULL,NULL,'2',NULL),
(1323,'L.','Kase',NULL,NULL,NULL,'3',NULL),
(1324,'Juhan','Juret',NULL,NULL,NULL,'1',NULL),
(1325,'Heleene','Laving',NULL,NULL,NULL,'2',NULL),
(1326,'Stepan',NULL,'Miitsa Teppo',NULL,NULL,'1',NULL),
(1327,'Triinu','Pääba',NULL,NULL,NULL,'2',NULL),
(1328,'M.','Kärt',NULL,NULL,NULL,'3',NULL),
(1329,'Katarina','Bachk',NULL,NULL,NULL,'2',NULL),
(1330,'Ann','Lõugas',NULL,NULL,NULL,'2',NULL),
(1331,'Miina','Küllik',NULL,NULL,NULL,'2',NULL),
(1332,'Pille','Kippar',NULL,NULL,NULL,'3',NULL),
(1333,'Miina','Männi',NULL,NULL,NULL,'2',NULL),
(1334,'Liisa','Amandus',NULL,NULL,NULL,'2','Orig: u 30'),
(1335,'Jüri','Sein',NULL,NULL,NULL,'1',NULL),
(1336,'Mari','Rooberg',NULL,NULL,NULL,'2','Mari on Villemi ema.'),
(1337,'Aleksandra','Piholaan','Al''la Piholaan',NULL,NULL,'2',NULL),
(1338,'Ann','Minka',NULL,NULL,NULL,'2',NULL),
(1339,'Anna','Kubu',NULL,NULL,NULL,'2',NULL),
(1340,'J.','Peterson',NULL,NULL,NULL,'3',NULL),
(1341,'Villem','Nõgu',NULL,NULL,NULL,'1',NULL),
(1342,'Anu','Hoid',NULL,NULL,NULL,'2',NULL),
(1343,'Richard','Viidebaum',NULL,NULL,NULL,'3',NULL),
(1344,'Karl','Kink',NULL,NULL,NULL,'1',NULL),
(1345,'Ferdinand','Mähar',NULL,NULL,NULL,'1',NULL),
(1346,'A.','Nirk',NULL,NULL,NULL,'3',NULL),
(1347,'Anna','Sirel',NULL,NULL,NULL,'2',NULL),
(1348,'Hell','Vaaksaar',NULL,NULL,NULL,'2','Vanus orig: u. 70.'),
(1349,'Nelli','Vomm',NULL,NULL,NULL,'2',NULL),
(1350,'Maria',NULL,'Kriisa Manni',NULL,NULL,'2',NULL),
(1351,'Mihkel','Kampmaa',NULL,NULL,NULL,'3',NULL),
(1352,'Anna','Pootsmann',NULL,NULL,NULL,'2',NULL),
(1353,'Tiiu','Kiigajaan','Melania Kiigajaan',NULL,NULL,'2',NULL),
(1354,'Siim','Siim',NULL,1824,NULL,'1','Juani poeg, saab 10. sept 1905 81aastaseks'),
(1355,'Marie','Tahk',NULL,NULL,NULL,'2',NULL),
(1356,'Liisu','Vattal',NULL,NULL,NULL,'2','Orig: Ämbri külast pärit, 30 aasta eest Rakveresse kih. asunud.""'),
(1357,'Jaan','Müür',NULL,NULL,NULL,'3',NULL),
(1358,'Maria','Köstner',NULL,NULL,NULL,'2',NULL),
(1359,'Jaak','Kull',NULL,NULL,NULL,'1','Orig vanus: 80-85.'),
(1360,'Mari','Iling',NULL,NULL,NULL,'2',NULL),
(1361,'Mari','Kaskmann',NULL,NULL,NULL,'2',NULL),
(1362,'Viilip','Klaas',NULL,NULL,NULL,'1',NULL),
(1363,'Risanda','Kravtsov',NULL,NULL,NULL,'2',NULL),
(1364,'Jüri','Hindriker',NULL,NULL,NULL,'1',NULL),
(1365,'O.','Liiv',NULL,NULL,NULL,'3',NULL),
(1366,'Verner','Reinult',NULL,NULL,NULL,'1',NULL),
(1367,'Leena','Karelson',NULL,NULL,NULL,'2',NULL),
(1368,NULL,'Sarnit',NULL,NULL,NULL,'3',NULL),
(1369,'Tiina','Valdov',NULL,NULL,NULL,'2',NULL),
(1370,'Jüri','Hermann',NULL,NULL,NULL,'1','Orig: vanus 60-70, 65 panin keskmise. T. S.'),
(1371,'Juhan','Luik',NULL,NULL,NULL,'1','Latsest saanik" K-Võnnu elanik. On pime, kuid muidu veel kuraasikas vana. (tekst)"'),
(1372,'Mai','Lepp',NULL,NULL,NULL,'2',NULL),
(1373,'Maria','Koert','Koert, Mari',1879,NULL,'2','Srn. 1959 (VK)'),
(1374,'Eva','Rand',NULL,NULL,NULL,'2',NULL),
(1375,'Liisa','Rentel',NULL,NULL,NULL,'2',NULL),
(1376,'Mai','Kravtsov','laulu eit; Lintaia Mai',NULL,NULL,'2','Andmed EÜS VIII 1319. Tappurla küla". "Seal ka üles kasvanud.""'),
(1377,'Anneli','Pruler',NULL,NULL,NULL,'3',NULL),
(1378,'Miina','Salström',NULL,NULL,NULL,'2','Haras üleskasvanud, praegu ka seal." (lk 1569) "Seal ka üles kasvanud" (lk 1319). Andmed EÜS VIII 1319: "Jumindal elanud, Tappurlas üles kasvanud.""'),
(1379,'Minna','Lobjakas',NULL,NULL,NULL,'2',NULL),
(1380,'Hindrek','Leppamägi',NULL,NULL,NULL,'1',NULL),
(1381,'Miina','Viita',NULL,NULL,NULL,'2',NULL),
(1382,'Jüri','Õunmann',NULL,NULL,NULL,'1',NULL),
(1383,NULL,'tütar',NULL,NULL,NULL,'2',NULL),
(1384,'Ann','Peep',NULL,1849,NULL,'2','Snd Keerd, Jüri t. 14. juulil.'),
(1385,'Tõnis','Lepik',NULL,NULL,NULL,'1','Orava talu omanik.'),
(1386,'Miina','Ruusmaa',NULL,NULL,NULL,'2',NULL),
(1387,'Karl','Martinson',NULL,NULL,NULL,'1',NULL),
(1388,'Anna Liisa','Kristal',NULL,NULL,NULL,'2',NULL),
(1389,'E.','Hiob',NULL,NULL,NULL,'3',NULL),
(1390,'Mare','Vinter',NULL,NULL,NULL,'2',NULL),
(1391,'K.','Lember',NULL,NULL,NULL,'3',NULL),
(1392,'Ella','Lõo',NULL,NULL,NULL,'2',NULL),
(1393,'Leena','Hanson',NULL,NULL,NULL,'2',NULL),
(1394,'Kaarel','Tammar',NULL,NULL,NULL,'1','Orig vanus: üle 60'),
(1395,'Maria',NULL,'Feodori Man''n''i',NULL,NULL,'2',NULL),
(1396,'Mari','Kelder',NULL,NULL,NULL,'2','Madli tütar,'),
(1397,'Anna','Kurem',NULL,NULL,NULL,'2',NULL),
(1398,'Mari','Augas',NULL,NULL,NULL,'2','Jõhvi mõisa vaim. Oli teisel mehel, suri 75 aastaselt. Õppis laulud Jõhvis. Ema-ema oli ka laulik.'),
(1399,'Mai','Lalling',NULL,NULL,NULL,'2',NULL),
(1400,'Jaan','Orav',NULL,NULL,NULL,'1','Koordi mõisa metsavaht'),
(1401,'Eeva','Tõnisson',NULL,1850,NULL,'2','Vanus: 73 on 1923,  67 on 1921.'),
(1402,'Emiilia','Kallas',NULL,1888,NULL,'2',NULL),
(1403,'Hendrek','Tiisvelt',NULL,NULL,NULL,'1',NULL),
(1404,'Olga','Lamend','Uuda Reet',1887,NULL,'2',NULL),
(1405,'Ann','Krimman',NULL,NULL,NULL,'2',NULL),
(1406,'Jaak','Kõrgesaar',NULL,NULL,NULL,'1',NULL),
(1407,'Jaan','Koplik',NULL,NULL,NULL,'1',NULL),
(1408,'August','Martin',NULL,NULL,NULL,'1',NULL),
(1409,'Olga','Toomemets',NULL,NULL,NULL,'2','Olga nime juures elukohta ei ole, eelmisel leheküljel on üle-eelmise esitaja, Anton Liiva elukoht Ruusmäe, Rõuge kihelkond (lk 110).'),
(1410,'Arno','Rohlin',NULL,NULL,NULL,'3',NULL),
(1411,'Liisu','Müürmann',NULL,NULL,NULL,'2',NULL),
(1412,'Ann','Usta',NULL,NULL,NULL,'2',NULL),
(1413,'Johannes','Muda',NULL,NULL,NULL,'3',NULL),
(1414,'Ilmar','Novek',NULL,NULL,NULL,'3',NULL),
(1415,'Aleksandra','Padumäe',NULL,NULL,NULL,'2',NULL),
(1416,'J.','Evardson',NULL,NULL,NULL,'3',NULL),
(1417,'Helena','Sõrmus',NULL,1928,NULL,'2',NULL),
(1418,'Liisa','Mägi',NULL,NULL,NULL,'2',NULL),
(1419,'Kadrina','Kõrvemann',NULL,NULL,NULL,'2',NULL),
(1420,'Liisu','Aumann',NULL,NULL,NULL,'3',NULL),
(1421,'Ann','Tootsel',NULL,NULL,NULL,'2',NULL),
(1422,'Leena','Kaju',NULL,NULL,NULL,'2',NULL),
(1423,'Jaan','Libert',NULL,NULL,NULL,'1',NULL),
(1424,'Kati','Piirak',NULL,1913,NULL,'2',NULL),
(1425,'Helene','Novek',NULL,1879,NULL,'2',NULL),
(1426,'Ants','Unt',NULL,NULL,NULL,'1',NULL),
(1427,'Tiina','Vabrit',NULL,NULL,NULL,'3',NULL),
(1428,'Anna','Viikmann',NULL,NULL,NULL,'2',NULL),
(1429,'Juula','Pindel',NULL,NULL,NULL,'2',NULL),
(1430,'Ann','Amon',NULL,NULL,NULL,'2','Ann Aamon, snd Tischler, üles kasvanud Veikses Kambjas. (lk 2636).'),
(1431,'Mai','Veltmander',NULL,NULL,NULL,'2',NULL),
(1432,'Anna','Aru',NULL,1877,NULL,'2',NULL),
(1433,'Liina','Irdt',NULL,NULL,NULL,'2',NULL),
(1434,'Anna','Kurisman',NULL,NULL,NULL,'2',NULL),
(1435,'S.','Saretok',NULL,NULL,NULL,'3',NULL),
(1436,'L.','Pihlapuu',NULL,NULL,NULL,'3',NULL),
(1437,'Eeva','Jaanus',NULL,NULL,NULL,'2',NULL),
(1438,'Urve','Lippus',NULL,NULL,NULL,'3',NULL),
(1439,'Ester','Mägi',NULL,NULL,NULL,'3',NULL),
(1440,'Ruuben','Kõhelik',NULL,NULL,NULL,'3',NULL),
(1441,'Jakob','Paris',NULL,NULL,NULL,'1',NULL),
(1442,'Andres','Tampere',NULL,NULL,NULL,'3',NULL),
(1443,'Mart','Kraavel',NULL,NULL,NULL,'1',NULL),
(1444,'Liisi','Rikka',NULL,NULL,NULL,'2',NULL),
(1445,'Mihkel','Pärling',NULL,NULL,NULL,'1',NULL),
(1446,'E.','Lauri',NULL,NULL,NULL,'3',NULL),
(1447,'Avo','Hirvesoo',NULL,NULL,NULL,'3',NULL),
(1448,'Vana-Antsla','valla vaestemaja elanikud',NULL,NULL,NULL,'3',NULL),
(1449,'Johanna','Toom',NULL,NULL,NULL,'2',NULL),
(1450,'K.','Klein',NULL,NULL,NULL,'3',NULL),
(1451,'Anne','Vabarna',NULL,NULL,NULL,'2',NULL),
(1452,'Tõnis','Veimann',NULL,NULL,NULL,'1',NULL),
(1453,'Jüri','Langebron',NULL,NULL,NULL,'1',NULL),
(1454,'Jaan','Salm',NULL,NULL,NULL,'1',NULL),
(1455,'Maria','Lõhmus',NULL,1912,NULL,'2',NULL),
(1456,'Mai','Milles',NULL,NULL,NULL,'2',NULL),
(1457,'Leena','Klüüts',NULL,NULL,NULL,'2',NULL),
(1458,'Jüri','Veske',NULL,NULL,NULL,'1',NULL),
(1459,'Vladimir','Paivel',NULL,1875,NULL,'1',NULL),
(1460,'Anna','Maiste',NULL,NULL,NULL,'2',NULL),
(1461,'Taavet','Ansip',NULL,NULL,NULL,'1','Kogu elu elanud Elistvere vallas. Vanemadki siin eland. ERA II 29, 237. Vanus: 84 (ERA III 6, 79). Geni: 1846-1931.'),
(1462,'M.','Martinson',NULL,NULL,NULL,'3',NULL),
(1463,'Eva','Kaju',NULL,NULL,NULL,'2',NULL),
(1464,'Jefimia','Mast','Hemmo Mast',1900,NULL,'2',NULL),
(1465,'Anna','Kivi',NULL,NULL,NULL,'2',NULL),
(1466,NULL,'Schmidt',NULL,NULL,NULL,'1','Kärsu postijaamapidaja'),
(1467,'Emilia','Glasmann',NULL,NULL,NULL,'2',NULL),
(1468,'Miina','Reinthal',NULL,NULL,NULL,'2',NULL),
(1469,'Leena','Lasberg',NULL,NULL,NULL,'2','Nimi Lien (lk 1086, 1087), Leena (lk 905), Leenu [oli andmebaasi märgitud.] Sndn. ja üleskasv. Kukruse külas, 14 a. eest Vaivarast tagasi seie asunud, kus üleskirj." (lk 905) Perjatsist tulnud (lk 1086)."'),
(1470,'Rudolf','Põldmäe',NULL,NULL,NULL,'3',NULL),
(1471,'Karl','Brinbaum',NULL,NULL,NULL,'1',NULL),
(1472,'Leena','Lassel',NULL,NULL,NULL,'2',NULL),
(1473,'Miina','Sabiin',NULL,NULL,NULL,'2',NULL),
(1474,NULL,'Preisberg',NULL,NULL,NULL,'3',NULL),
(1475,'Marie','Tuul',NULL,NULL,NULL,'2',NULL),
(1476,'August','Treiberg',NULL,NULL,NULL,'1',NULL),
(1477,'Triinu','Einsok',NULL,NULL,NULL,'2',NULL),
(1478,'Juuli','Väärsi',NULL,NULL,NULL,'2',NULL),
(1479,'Eduard','Oja',NULL,NULL,NULL,'3',NULL),
(1480,'Ann','Pakkas',NULL,NULL,NULL,'2','Snd Jõetaguse külas; 14 a. eest Illukale asunud, enne seda 18 a. Kurtnal elanud.'),
(1481,'Anu','Vissel',NULL,NULL,NULL,'3',NULL),
(1482,'Reet','Vaher',NULL,NULL,NULL,'2',NULL),
(1483,'Tiina','Allik',NULL,NULL,NULL,'3',NULL),
(1484,'Kadri','Prääts',NULL,1873,NULL,'2','Khk ja sünniaasta küsimärgiga.'),
(1485,'Maret','Tomson',NULL,NULL,NULL,'3',NULL),
(1486,'Jakob','Strantmann',NULL,NULL,NULL,'1',NULL),
(1487,'Mari','Sikk',NULL,NULL,NULL,'2',NULL),
(1488,'Ann','Anis',NULL,1885,NULL,'2','Srn. 1962 (VK). Andmed KKI 11, 528/30. Olnud enamasti põllutööline, pooletalupidaja. Suur pulmalaulik. [T. S.]'),
(1489,'Katariina','Põlma',NULL,NULL,NULL,'2',NULL),
(1490,'Anna','Liiver',NULL,NULL,NULL,'2',NULL),
(1491,'Leenu','Piispa',NULL,NULL,NULL,'2','Teksti ja viisi koguja info on erinev: Leena Piispa (sdn. Kolmi) lauldud. 81 a. v. sdn Kundas, Ojamäel, vabadik. Nigula kihelk., üleskirj. Kohalas, 23. VI 905" (viis, lk 159) "Leenu Piispa 80 a. sünd. Kilmi [Kilni?] Ojamäel sünd. ja kasv. Nigula k." (tekst, lk 688). Otsustasin: Leenu Piispa, 81 a, millele vastab paremini H II 34. Ojamäe küla ei ole Viru-Nigulas, seega vist talu. H II 34 järgi elab ta 1905. aastal Ojakülas. [T. S.] Sünnia. u. 1824, seega ilmselt sama, kes Leena Piispa, snd. samuti u. 1824 Ojamäel vabadikuna (vt EÜS II 759). Sellele osutab ka koguja märkus: "Ka tema vanemad siin kasvanud ja elanud."  [T. S.]"'),
(1492,'Leenu','Tulp',NULL,1870,NULL,'2',NULL),
(1493,'Juhan','Zeiger',NULL,NULL,NULL,'3',NULL),
(1494,'Anu','Kõrgesaar',NULL,1853,NULL,'2','sünniaasta ja neiupõlvenimi Lepik: GENi'),
(1495,'Melania','Meriloo',NULL,1887,NULL,'2',NULL),
(1496,'Maria','Koert',NULL,1880,NULL,'2','Srn. 1970 (VK)'),
(1497,'Triinu','Pärsamm',NULL,NULL,NULL,'2',NULL),
(1498,'Krõõt','Lillestern',NULL,NULL,NULL,'2',NULL),
(1499,'Ann','Volga-Kanskopp','Kanskopp, Ann',1852,NULL,'2',NULL),
(1500,'M.','Mihkelson',NULL,NULL,NULL,'3',NULL),
(1501,'Kaarel','Mõrd',NULL,NULL,NULL,'1',NULL),
(1502,'Rõõt','Grauberg',NULL,NULL,NULL,'2',NULL),
(1503,'K.','Alev',NULL,NULL,NULL,'3',NULL),
(1504,'Leena','Pullu',NULL,NULL,NULL,'2',NULL),
(1505,'Ann','Esken',NULL,NULL,NULL,'2',NULL),
(1506,'J.','Tõllasson',NULL,NULL,NULL,'3',NULL),
(1507,'Alma','Lubi',NULL,NULL,NULL,'2',NULL),
(1508,'Sohvi','Kallion',NULL,NULL,NULL,'2','vanus antud umbes [T. S.]'),
(1509,'Einar','Sinijärv',NULL,NULL,NULL,'3',NULL),
(1510,'Ervine','Terris',NULL,NULL,NULL,'2',NULL),
(1511,'Mai','Alasi',NULL,NULL,NULL,'2',NULL),
(1512,'Hans','Saul',NULL,NULL,NULL,'1',NULL),
(1513,'Leenu','Vares',NULL,NULL,NULL,'2',NULL),
(1514,'Johannes','Raja',NULL,NULL,NULL,'3',NULL),
(1515,'Leen','Riis',NULL,NULL,NULL,'2',NULL),
(1516,'Joosep','Karu',NULL,NULL,NULL,'1',NULL),
(1517,'Liisa','Pahk',NULL,NULL,NULL,'2','Sündinud Võidekülas... kus laulud õpinud. 28. a. eest Aru külasse tulnud.'),
(1518,'Kai','Seebak',NULL,NULL,NULL,'2','Esitaja elulugu EÜS II 1036. Elab vaestemajas, oli kogumiskäigu ajal Sääsküla koolimajas koduhoidjaks, on Einmanni mõisas vaimuks olnud.'),
(1519,'Anna','Lepik',NULL,NULL,NULL,'2',NULL),
(1520,'Liina','Val''k',NULL,NULL,NULL,'2','Snd Härmson. Vanemad on ka elanud Meeksi mõisas, Tema mees olnud siin metsavahiks. Osa eluaastaist on elanud Setumaal, kuulnud setu laule ja olnud ka ise eeslauljaks. (ERS II 35, 419)'),
(1521,'Mall','Alles',NULL,NULL,NULL,'2',NULL),
(1522,'Pauline','Kalkun',NULL,NULL,NULL,'2',NULL),
(1523,'Leenu','Reemets',NULL,NULL,NULL,'2',NULL),
(1524,'Melania','Valm','Liiva Mann',NULL,NULL,'2',NULL),
(1525,'Mari','Räps',NULL,NULL,NULL,'2',NULL),
(1526,'Kai','Muni',NULL,NULL,NULL,'2',NULL),
(1527,'Aleksandra','Lõhmus',NULL,1916,NULL,'2',NULL),
(1528,'Mare','Vainula',NULL,NULL,NULL,'2',NULL),
(1529,'Liisu','Eisenschmidt',NULL,NULL,NULL,'2','Viisikogus näib vanus 56.'),
(1530,'Hans','Pärtel',NULL,NULL,NULL,'1',NULL),
(1531,'Mari','Saalup',NULL,NULL,NULL,'2',NULL),
(1532,'Mari','Kõre',NULL,NULL,NULL,'2',NULL),
(1533,'Maria','Metsa','Metsamaa Mari',NULL,NULL,'3',NULL),
(1534,'Velli','Elhi',NULL,NULL,NULL,'2',NULL),
(1535,'Gustav','Einstruk',NULL,NULL,NULL,'1',NULL),
(1536,'Mai','Krasmann',NULL,NULL,NULL,'2','Mai Krassmann, Kaidma k. 67 a. (EÜS II 667 (163), 67 a v. sdn Kaitmal, -- L. Krasmann''i mehe ema" (EÜS II 757). Ka Liina nime kirjutatakse nii Krassmann kui Krasmann. [T. S.]"'),
(1537,'Anna','Poone',NULL,NULL,NULL,'2','Bohne?'),
(1538,'Peeter','Põder',NULL,NULL,NULL,'1',NULL),
(1539,'Mart','Vaht',NULL,NULL,NULL,'1','Sndn, kasv ja elanud, laulud õppinud Hageri k.'),
(1540,'Leenu','Kensapa',NULL,NULL,NULL,'2',NULL),
(1541,'Reet','Hennok',NULL,NULL,NULL,'2',NULL),
(1542,'Liisu','Aadler',NULL,NULL,NULL,'2','Andmed EÜS VIII 1320: Seal ka üles kasv. Mohni saarel elanud, Turboneeme laulud[?]""'),
(1543,'Maria','Strandberg',NULL,1873,NULL,'2','Khk küsimärgiga'),
(1544,'Mai','Videlik',NULL,NULL,NULL,'2',NULL),
(1545,'V.','Kurg',NULL,NULL,NULL,'3',NULL),
(1546,'Mari','Noorhani',NULL,NULL,NULL,'2',NULL),
(1547,'A.','Maasik',NULL,NULL,NULL,'3',NULL),
(1548,'Triinu','Ungers',NULL,NULL,NULL,'2',NULL),
(1549,'Jekaterina','Udras',NULL,1927,NULL,'2',NULL),
(1550,'Eha','Viluoja',NULL,NULL,NULL,'3',NULL),
(1551,'Joosep','Birnbaum',NULL,NULL,NULL,'1',NULL),
(1552,'Kaarel','Trei',NULL,NULL,NULL,'1',NULL),
(1553,'Ella','Loob',NULL,NULL,NULL,'2',NULL),
(1554,'Maarja','Ots',NULL,NULL,NULL,'2','Sndn jasv. ja elanud Kukruse külas Jõhvi kihelk. Sääl ka laulud õpinud ja üleskirj." (lk 904)."'),
(1555,'Leenu','Akermann',NULL,NULL,NULL,'2',NULL),
(1556,'Liisa','Jõgi',NULL,NULL,NULL,'2',NULL),
(1557,'Anne','Mäeste',NULL,1915,NULL,'2',NULL),
(1558,'Kadri','Viikström',NULL,NULL,NULL,'2',NULL),
(1559,'Mari','Soodam',NULL,NULL,NULL,'2',NULL),
(1560,'H.','Lemendik',NULL,NULL,NULL,'3',NULL),
(1561,'Jüri','Ropenreibenberg',NULL,NULL,NULL,'1',NULL),
(1562,'Hans','Silbermann',NULL,NULL,NULL,'3',NULL),
(1563,'Asta','Karimõis',NULL,NULL,NULL,'2',NULL),
(1564,'Leena','Pakkas','Lien Pakas',NULL,NULL,'2','Snd Ädiveres, 3aastaselt Raudile saanud, kus üleskasv, ja laulud õpinud, Raudkülas--" (lk 890) "Siin Raudil snd ja elanud" (lk 1006)"'),
(1565,'Eeva','Vihand',NULL,NULL,NULL,'2',NULL),
(1566,'Hans','Kurvits',NULL,NULL,NULL,'3',NULL),
(1567,'Luise','Pütsepp',NULL,NULL,NULL,'2','Ahja algkooli juhataja pr. (tekst)'),
(1568,'Emilie','Leiss',NULL,NULL,NULL,'2',NULL),
(1569,'Unu','Kikat',NULL,NULL,NULL,'1',NULL),
(1570,NULL,'Bruus',NULL,NULL,NULL,'3',NULL),
(1571,'Lovisa','Pukk',NULL,NULL,NULL,'2',NULL),
(1572,'Marie','Villemson',NULL,NULL,NULL,'2',NULL),
(1573,'Kadri','Hermann',NULL,NULL,NULL,'2',NULL),
(1574,'Ülo','Tedre',NULL,NULL,NULL,'3',NULL),
(1575,'Marie','Sepp',NULL,NULL,NULL,'2',NULL),
(1576,'Ieva','Viikina',NULL,NULL,NULL,'2',NULL),
(1577,'Leida','Laasma',NULL,1907,NULL,'2',NULL),
(1578,'Anna','Evert',NULL,NULL,NULL,'2',NULL),
(1579,'Maria','Silbermann',NULL,NULL,NULL,'2','Andmed EÜS VIII 1320: Seal ka üles kasv. Kolga mõisas teenind. Viinistu laul.""'),
(1580,'Mari','Kask',NULL,1857,NULL,'2',NULL),
(1581,'Mai','Pütka',NULL,NULL,NULL,'2','Pärit Paasverest, ka laulud sealt.'),
(1582,'Marie','Helimets',NULL,NULL,NULL,'2',NULL),
(1583,'M.','Bormeister',NULL,NULL,NULL,'3',NULL),
(1584,'Liina','Krasmann',NULL,NULL,NULL,'2',NULL),
(1585,'Jaan','Bleksner',NULL,NULL,NULL,'1',NULL),
(1586,'Mari','Leius',NULL,NULL,NULL,'2',NULL),
(1587,'H.','Spriit',NULL,NULL,NULL,'3',NULL),
(1588,'Tiina','Trump',NULL,NULL,NULL,'2',NULL),
(1589,'Anna','Köster',NULL,NULL,NULL,'2',NULL),
(1590,'Anna','Vaher',NULL,1883,NULL,'2','MF, Zeiger 40 on nimekuju Anna Vaher. Vanas Kandles on Ann Vaher.'),
(1591,'J.','Saarm',NULL,NULL,NULL,'3',NULL),
(1592,'Valentiina','Pääbo',NULL,NULL,NULL,'2',NULL),
(1593,'Mari','Pehka',NULL,NULL,NULL,'2',NULL),
(1594,'Irina','Kivest',NULL,NULL,NULL,'2',NULL),
(1595,'Kat''areen','Vain',NULL,NULL,NULL,'2',NULL),
(1596,'Ell','Kurno',NULL,NULL,NULL,'2',NULL),
(1597,'Mari','Poltsi',NULL,1844,NULL,'2',NULL),
(1598,'Oskar','Köster',NULL,NULL,NULL,'3',NULL),
(1599,'Ingrid','Rüütel',NULL,NULL,NULL,'3',NULL),
(1600,'Jakob','Thaler',NULL,NULL,NULL,'1',NULL),
(1601,'Joosep','Luik',NULL,NULL,NULL,'1',NULL),
(1602,'Liisa','Repnu',NULL,NULL,NULL,'2',NULL),
(1603,'Jaan','Veide',NULL,NULL,NULL,'1','Orig vanus 50-55, panin keskmise. T. S.'),
(1604,'Saara','Adamson',NULL,NULL,NULL,'2',NULL),
(1605,'Salme','Saar',NULL,NULL,NULL,'2',NULL),
(1606,'Minna','Siirak',NULL,NULL,NULL,'2',NULL),
(1607,'Irina','Oidekivi',NULL,1872,NULL,'2',NULL),
(1608,'Ann','Pirk',NULL,NULL,NULL,'2',NULL),
(1609,'Eva','Plakso',NULL,NULL,NULL,'2',NULL),
(1610,'Ella von','Schultz-Adaievsky',NULL,NULL,NULL,'3',NULL),
(1611,'Andres','Aavik',NULL,NULL,NULL,'1',NULL),
(1612,'Liisa','Purk',NULL,NULL,NULL,'2',NULL),
(1613,'Leenu','Ernits','Raja vanaema',1823,NULL,'2','Leenu Ernits, snd. Blumberg, srn 1904 81-aastaselt, siit sai sünniaasta u 1823.'),
(1614,'Axel August','Borenius-Lähteenkorva',NULL,NULL,NULL,'3',NULL),
(1615,'Mari','Gutves',NULL,NULL,NULL,'2',NULL),
(1616,'Anna','Johanson',NULL,NULL,NULL,'3',NULL),
(1617,'Anna','Oru',NULL,1911,NULL,'2',NULL),
(1618,'Elli','Ranna',NULL,NULL,NULL,'2',NULL),
(1619,'Ellen','Liiv',NULL,NULL,NULL,'3',NULL),
(1620,'Anna','Martinof',NULL,NULL,NULL,'2',NULL),
(1621,'Maria','Liivamägi',NULL,NULL,NULL,'2',NULL),
(1622,'Gustav','Mursak',NULL,NULL,NULL,'1',NULL),
(1623,'Madli','Oning',NULL,NULL,NULL,'2',NULL),
(1624,'Jüri','Sõster',NULL,1834,NULL,'1','Jüri Sõsteri elulugu EÜS VII, pärast lk 217'),
(1625,'J.','Märtson',NULL,NULL,NULL,'3',NULL),
(1626,'Jaan','Eisberg',NULL,NULL,NULL,'1',NULL),
(1627,'Armas Otto','Väisänen',NULL,NULL,NULL,'3',NULL),
(1628,'Toomas','Lepp',NULL,NULL,NULL,'1',NULL),
(1629,'Jaan','Küien',NULL,NULL,NULL,'1',NULL),
(1630,'Johann','Veissmann',NULL,NULL,NULL,'1',NULL),
(1631,'Madis','Krasmann',NULL,NULL,NULL,'1',NULL),
(1632,'Juuli','Koppel',NULL,NULL,NULL,'2',NULL),
(1633,'Anu','Kask',NULL,NULL,NULL,'2',NULL),
(1634,'Ann','Vestmann',NULL,NULL,NULL,'2',NULL),
(1635,'Paul','Martinof',NULL,NULL,NULL,'1',NULL),
(1636,'Reet','Risu',NULL,NULL,NULL,'2',NULL),
(1637,'Mari','Kallas',NULL,NULL,NULL,'2',NULL),
(1638,'J.','Mamberg',NULL,NULL,NULL,'3',NULL),
(1639,'Mari','Sarv',NULL,1884,NULL,'2',NULL),
(1640,'Tatjana',NULL,'Vasila Tat''o',NULL,NULL,'2',NULL),
(1641,'Darja','Rõugumees',NULL,NULL,NULL,'2',NULL),
(1642,'Miina','Morel',NULL,NULL,NULL,'2','Tuli Kanepist u 50 aastat tagasi.'),
(1643,'Ivar','Trikkel',NULL,NULL,NULL,'3',NULL),
(1644,'Madli','Kuhlback',NULL,NULL,NULL,'2',NULL),
(1645,'Oskar','Noodaspära',NULL,NULL,NULL,'1',NULL),
(1646,'Aleksander','Laan',NULL,NULL,NULL,'3',NULL),
(1647,'Jekaterina','Karjus',NULL,NULL,NULL,'2',NULL),
(1648,'Maria','Kempman',NULL,NULL,NULL,'2',NULL),
(1649,'Sohvi','Tamming',NULL,NULL,NULL,'2','Neiu Sohvi Tamming, Jaani t.'),
(1650,'Vilhelmine','Parha',NULL,NULL,NULL,'2',NULL),
(1651,'Ann','Amos',NULL,NULL,NULL,'2',NULL),
(1652,'Samuel','Mesipuu',NULL,NULL,NULL,'1',NULL),
(1653,'E.','Mauer',NULL,NULL,NULL,'3',NULL),
(1654,'Kai','Viikmann',NULL,NULL,NULL,'2',NULL),
(1655,NULL,'Feldfebel',NULL,NULL,NULL,'3',NULL),
(1656,'Miili','Kõivupuu',NULL,NULL,NULL,'2',NULL),
(1657,'Morits','Petäi',NULL,NULL,NULL,'1',NULL),
(1658,'Ann','Kukepall',NULL,NULL,NULL,'2',NULL),
(1659,'Liisu','Reimel',NULL,NULL,NULL,'2',NULL),
(1660,'August','Liiv',NULL,NULL,NULL,'3',NULL),
(1661,'Ellu','Elbret',NULL,NULL,NULL,'2',NULL),
(1662,'Sakna','Mari',NULL,NULL,NULL,'2',NULL),
(1663,'Matti','Kuzma',NULL,NULL,NULL,'1',NULL),
(1664,'O.','Kiiss',NULL,NULL,NULL,'3',NULL),
(1665,'Theodor','Saar','Rehe Veeda; Kaerametsa Veeda',1906,NULL,'1',NULL),
(1666,'Villem','Pedruk',NULL,NULL,NULL,'1',NULL),
(1667,'Mart','Pill',NULL,NULL,NULL,'1',NULL),
(1668,'Anu','Palta',NULL,NULL,NULL,'2','Origin: Kaavri k, 78 a. (EÜS III 669), Kaavere k (EÜS III 580), Odiste k, 78 a. (EÜS III 518, 611), umb. 70 a. (EÜS III 611)'),
(1669,'Kai','Karjus',NULL,NULL,NULL,'2',NULL),
(1670,'Ann','Meelmann',NULL,NULL,NULL,'2',NULL),
(1671,'Aadu','Aumann',NULL,NULL,NULL,'1',NULL),
(1672,'Irina',NULL,'Tan''o I''ro',NULL,NULL,'2',NULL),
(1673,'Juhan','Kallion',NULL,NULL,NULL,'1','vallavanem, vanus umbes [T. S.]'),
(1674,'Mart','Herbst',NULL,NULL,NULL,'1','Herbst on snd, kasvanud ja elanud Palu mõisas, seal ka laulud õppinud. (lk 507). T. S.'),
(1675,'Anu','Tilemann',NULL,NULL,NULL,'2',NULL),
(1676,'Mihkel','Kukk',NULL,NULL,NULL,'1',NULL),
(1677,'Liiso','Liblikas',NULL,NULL,NULL,'2',NULL),
(1678,'Hiob','Birnbaum',NULL,NULL,NULL,'1',NULL),
(1679,'O.','Puurmann',NULL,NULL,NULL,'3',NULL),
(1680,'August','Mauer',NULL,NULL,NULL,'3',NULL),
(1681,'Leenu','Ahlberg',NULL,NULL,NULL,'2',NULL),
(1682,'Triin','Parkas',NULL,NULL,NULL,'2',NULL),
(1683,'Mihkel','Sild',NULL,NULL,NULL,'3',NULL),
(1684,'Mart','Karu',NULL,NULL,NULL,'1',NULL),
(1685,'Aleksander','Ots',NULL,NULL,NULL,'1',NULL),
(1686,'Liisa','Kivi',NULL,NULL,NULL,'2',NULL),
(1687,'Mart','Uustalu',NULL,1861,NULL,'1',NULL),
(1688,'Liini','Ränk',NULL,NULL,NULL,'2',NULL),
(1689,'Friedrich','Paulmeister',NULL,NULL,NULL,'3',NULL),
(1690,'Helen','Kõmmus',NULL,NULL,NULL,'2',NULL)
;


INSERT INTO folk_tune.users(id, email, roles, firstname, lastname) VALUES 
('ad7e1b8a-9af9-4df5-ac80-88f3120b0cfe', 'admin@ekm.ee', ARRAY['admin'], 'Admin', 'Istrator'),
('31554769-b23b-4e3a-b2be-7320c0b3f523', 'taivelohmuse@netscape.net', ARRAY['admin'], 'Taive', 'Lõhmuse'),
('2a70be90-2c43-4d25-8a3f-4a35de35b0de', 'helen@ekm.ee', ARRAY['admin'], 'Helen', '')
;

INSERT INTO folk_tune.user_credentials(password, userid)
(SELECT '$2a$10$NkXNEbcUVbW6jopSkoVvIeTgbX8acFD/BRMBUAFS3FP4lxNNaXnxS', 'ad7e1b8a-9af9-4df5-ac80-88f3120b0cfe')
;
