INSERT INTO folk_tune.sexes (title) 
VALUES 
    ('mees'),
    ('naine'),
    ('teadmata'),
    ('ei ole võimalik määratleda')
;

INSERT INTO folk_tune.user_role_types (title) 
VALUES 
    ('administraator'),
    ('toimetaja'),
    ('tavakasutaja')
;

INSERT INTO folk_tune.tune_states (title) 
VALUES 
    ('sisestatud'),
    ('kontrollitud')
;

INSERT INTO folk_tune.nations (title)
VALUES 
    ('eesti'),
    ('vene')
;

INSERT INTO folk_tune.languages (title) 
VALUES 
    ('eesti'),
    ('vene')
;

INSERT INTO folk_tune.countries (title) 
VALUES 
    ('Eesti'),
    ('Läti'),
    ('Põhja-Kaukaasia'),
    ('Venemaa')
;

INSERT INTO folk_tune.tune_person_role_types (title)
VALUES
    ('viisikoguja'),
    ('salvestaja'),
    ('tekstikoguja'),
    ('esitaja'),
    ('uurija')
;

INSERT INTO folk_tune.tune_place_types (title) 
VALUES 
    ('elukoht'),
    ('päritolukoht'),
    ('varasem elukoht')
;

INSERT INTO folk_tune.parishes (title) 
VALUES
    ('Ambla'),
    ('Anna'),
    ('Anseküla'),
    ('Antsla'),
    ('Audru'),
    ('Emmaste'),
    ('Haapsalu'),
    ('Hageri'),
    ('Haljala'),
    ('Halliste'),
    ('Hanila'),
    ('Hargla'),
    ('Harju-Jaani'),
    ('Helme'),
    ('Häädemeeste'),
    ('Iisaku'),
    ('Jaani'),
    ('Jamburi Simititsa'),
    ('Juuru'),
    ('Jõelähtme'),
    ('Jõhvi'),
    ('Jämaja'),
    ('Järva-Jaani'),
    ('Järva-Madise'),
    ('Jüri'),
    ('Kaarma'),
    ('Kadrina'),
    ('Kambja'),
    ('Kanepi'),
    ('Karja'),
    ('Karksi'),
    ('Karula'),
    ('Karuse'),
    ('Keila'),
    ('Kihelkonna'),
    ('Kihnu'),
    ('Kirbla'),
    ('Kodavere'),
    ('Koeru'),
    ('Kolga-Jaani'),
    ('Kose'),
    ('Kraasna'),
    ('Kullamaa'),
    ('Kursi'),
    ('Kuusalu'),
    ('Kõpu'),
    ('Käina'),
    ('Kärla'),
    ('Laiuse'),
    ('Leivu'),
    ('Lihula'),
    ('Lutsi'),
    ('Lääne-Nigula'),
    ('Lüganuse'),
    ('Maarja-Magdaleena'),
    ('Martna'),
    ('Meremäe'),
    ('Mihkli'),
    ('Muhu'),
    ('Mustjala'),
    ('Märjamaa'),
    ('Narva'),
    ('Nissi'),
    ('Noarootsi'),
    ('Nõo'),
    ('Orarino'),
    ('Otepää'),
    ('Paistu'),
    ('Palamuse'),
    ('Peetri'),
    ('Peterburg'),
    ('Petserimaa'),
    ('Pilistvere'),
    ('Puhja'),
    ('Põhja-Kaukaasia eesti asundus'),
    ('Põltsamaa'),
    ('Põlva'),
    ('Pärnu'),
    ('Pärnu-Jaagupi'),
    ('Pöide'),
    ('Püha'),
    ('Pühalepa'),
    ('Rakvere'),
    ('Rannu'),
    ('Rapla'),
    ('Reigi'),
    ('Ridala'),
    ('Risti'),
    ('Ruhnu'),
    ('Rõngu'),
    ('Rõuge'),
    ('Räpina'),
    ('Saarde'),
    ('Sangaste'),
    ('Setu'),
    ('Simuna'),
    ('Suure-Jaani'),
    ('Tallinn'),
    ('Tartu'),
    ('Tartu-Maarja'),
    ('Tarvastu'),
    ('Tori'),
    ('Torma'),
    ('Tõstamaa'),
    ('Türi'),
    ('Urvaste'),
    ('Vaivara'),
    ('Varbla'),
    ('Vastseliina'),
    ('Vigala'),
    ('Viljandi'),
    ('Viru-Jaagupi'),
    ('Viru-Nigula'),
    ('Vormsi'),
    ('Võnnu'),
    ('Võrumaa'),
    ('Väike-Maarja'),
    ('Vändra'),
    ('Äksi'),
    ('ei ole võimalik määratleda'),
    ('määramata'),
    ('teadmata')
;

INSERT INTO folk_tune.municipalities (title) 
VALUES
    ('Abja'),
    ('Adavere'),
    ('Ahja'),
    ('Aidu'),
    ('Alatskivi'),
    ('Albu'),
    ('Aleksandri'),
    ('Alliku'),
    ('Are'),
    ('Aruküla'),
    ('Asuküla'),
    ('Atla'),
    ('Einmani'),
    ('Eistvere'),
    ('Elistvere'),
    ('Enge'),
    ('Erastvere'),
    ('Erra'),
    ('Ervita'),
    ('Esna'),
    ('Haanja'),
    ('Halinga'),
    ('Halliku'),
    ('Heimtali'),
    ('Hellamaa'),
    ('Holstre'),
    ('Illuka'),
    ('Jõe'),
    ('Jõhvi'),
    ('Järvakandi'),
    ('Järve'),
    ('Järvesuu'),
    ('Kaarli'),
    ('Kabala'),
    ('Kaisma'),
    ('Kaiu'),
    ('Kallaste'),
    ('Kammeri'),
    ('Karksi'),
    ('Karula'),
    ('Kasaritsa'),
    ('Kastre-Võnnu'),
    ('Kavilda'),
    ('Kehkna'),
    ('Kihnu'),
    ('Kiikla'),
    ('Kirbla'),
    ('Kirna'),
    ('Kohtla'),
    ('Koigi'),
    ('Kodijärve'),
    ('Koiola'),
    ('Kokora'),
    ('Kolga'),
    ('Kolovere-Kalju'),
    ('Kolu'),
    ('Koonga'),
    ('Kooraste'),
    ('Krabi'),
    ('Kunda'),
    ('Kuusalu'),
    ('Kõnnu'),
    ('Kõo'),
    ('Kädva'),
    ('Kärla'),
    ('Kärstna'),
    ('Käru'),
    ('Laekvere'),
    ('Laius-Tähkvere'),
    ('Lehtse'),
    ('Lelle'),
    ('Lihula'),
    ('Liigvalla'),
    ('Lohusuu'),
    ('Lokuta'),
    ('Loodna'),
    ('Loosi'),
    ('Luiste'),
    ('Luunja'),
    ('Lõo'),
    ('Lähtru'),
    ('Lümanda'),
    ('Maasi'),
    ('Meeksi'),
    ('Meremäe'),
    ('Mikitamäe'),
    ('Misso'),
    ('Mooste'),
    ('Muhu-Suure'),
    ('Mustjala'),
    ('Muuga'),
    ('Mõniste'),
    ('Mäe'),
    ('Mäetaguse'),
    ('Märjamaa'),
    ('Müüsleri'),
    ('Neeruti'),
    ('Nirza'),
    ('Nõva'),
    ('Olustvere'),
    ('Oru'),
    ('Otepää kirikuvald'),
    ('Paadremaa'),
    ('Paasvere'),
    ('Paatsalu'),
    ('Pala'),
    ('Palmse'),
    ('Palupera'),
    ('Paslepa'),
    ('Peetri'),
    ('Peningi'),
    ('Peri'),
    ('Petseri'),
    ('Piirsalu'),
    ('Piiumetsa'),
    ('Pilda'),
    ('Polli'),
    ('Pragi'),
    ('Puiatu'),
    ('Pöögle'),
    ('Raikküla'),
    ('Rakvere'),
    ('Rannu'),
    ('Rapla'),
    ('Restu'),
    ('Riidaja'),
    ('Risti'),
    ('Ropka'),
    ('Röa'),
    ('Saaluse'),
    ('Saatse'),
    ('Saksi'),
    ('Saku'),
    ('Salla'),
    ('Sangaste'),
    ('Saru'),
    ('Sauga'),
    ('Saulepi'),
    ('Seli'),
    ('Seliste'),
    ('Sinalepa'),
    ('Soosaare'),
    ('Sõmeru'),
    ('Särevere'),
    ('Taheva'),
    ('Talli'),
    ('Tammiste'),
    ('Tarvastu'),
    ('Timo'),
    ('Toila'),
    ('Toolamaa'),
    ('Tsooru'),
    ('Tudulinna'),
    ('Tuhalaane'),
    ('Tõstamaa'),
    ('Türi'),
    ('Ulila'),
    ('Undla'),
    ('Ungru'),
    ('Urvaste'),
    ('Uue-Kariste'),
    ('Uuemõisa'),
    ('Vaabina'),
    ('Vahastu'),
    ('Vaimastvere'),
    ('Valguta'),
    ('Valtu'),
    ('Vana-Antsla'),
    ('Vana-Antsmõisa'),
    ('Vana-Roosa'),
    ('Vana-Vändra'),
    ('Vao'),
    ('Vara'),
    ('Varangu'),
    ('Vastemõisa'),
    ('Vastse-Kasaritsa'),
    ('Vastse-Otepää'),
    ('Velise'),
    ('Venevere'),
    ('Veriora'),
    ('Vigala'),
    ('Vihterpalu'),
    ('Viimsi'),
    ('Viiratsi'),
    ('Viitina'),
    ('Vilo'),
    ('Virtsu'),
    ('Voltveti'),
    ('Voose'),
    ('Võisiku'),
    ('Võlla'),
    ('Võnnu'),
    ('Võru'),
    ('Väinjärve'),
    ('Värska'),
    ('Väätsa'),
    ('Õisu')
;

INSERT INTO folk_tune.villages (title) 
VALUES
    ('Aakre'),
    ('Aaspere'),
    ('Aavere'),
    ('Abaja'),
    ('Abja'),
    ('Abja-Paluoja'),
    ('Abula'),
    ('Aburi'),
    ('Adavere'),
    ('Adiste'),
    ('Aesoo'),
    ('Aidu'),
    ('Aidu-Liiva'),
    ('Aidu-Nõmme'),
    ('Ala'),
    ('Ala-Hanikase'),
    ('Alaküla'),
    ('Alaotsa'),
    ('Albu'),
    ('Allika'),
    ('Alliklepa'),
    ('Alasoo'),
    ('Alu'),
    ('Aluvere'),
    ('Ammuta'),
    ('Andi'),
    ('Anelema'),
    ('Angapere'),
    ('Anija'),
    ('Aniste'),
    ('Annikvere'),
    ('Antsla'),
    ('Ao'),
    ('Aranküla'),
    ('Arava'),
    ('Aravete'),
    ('Are'),
    ('Ariste'),
    ('Arkna'),
    ('Aru'),
    ('Aruküla'),
    ('Aruvälja'),
    ('Arvila'),
    ('Assamalla'),
    ('Asu'),
    ('Asva'),
    ('Atla'),
    ('Atsalama'),
    ('Audjassaare'),
    ('Audla'),
    ('Austla'),
    ('Avanduse'),
    ('Avispea'),
    ('Eametsa'),
    ('Eavere'),
    ('Edivere'),
    ('Edru'),
    ('Eesnurga'),
    ('Eigla'),
    ('Eisma'),
    ('Eistvere'),
    ('Elistvere'),
    ('Ellavere'),
    ('Eoste'),
    ('Epliku'),
    ('Erastvere'),
    ('Ermakova'),
    ('Ervita'),
    ('Esna'),
    ('Greči'),
    ('Haapsalu'),
    ('Haavakannu'),
    ('Haavakivi'),
    ('Hageri'),
    ('Hagudi'),
    ('Halinga'),
    ('Hallipaju'),
    ('Hammaste'),
    ('Hanguse'),
    ('Hara'),
    ('Hargla'),
    ('Hauaneeme'),
    ('Heimtali'),
    ('Helda'),
    ('Hellekunnu'),
    ('Hellenurme'),
    ('Helmküla'),
    ('Hilana'),
    ('Himma'),
    ('Himmaste'),
    ('Hinsa'),
    ('Holstre'),
    ('Hummuli'),
    ('Huuksi'),
    ('Häidaste'),
    ('Hälvati'),
    ('Härjanurme'),
    ('Hürsi'),
    ('Igavere'),
    ('Igrise'),
    ('Ihasalu'),
    ('Illevere'),
    ('Illuka'),
    ('Ilmjärve'),
    ('Imastu'),
    ('Imatu'),
    ('Imavere'),
    ('Imste'),
    ('Ingliste'),
    ('Irvala'),
    ('Jaamistõ'),
    ('Jalukse'),
    ('Jauni'),
    ('Jugo'),
    ('Juminda'),
    ('Junnküla'),
    ('Jõepere'),
    ('Jõesuu'),
    ('Jõetaguse'),
    ('Jõhvi'),
    ('Jädivere'),
    ('Jäneda'),
    ('Järavere'),
    ('Järise'),
    ('Järva-Jaani'),
    ('Järve'),
    ('Järvepää'),
    ('Kaalepi'),
    ('Kaarli'),
    ('Kaasiku'),
    ('Kaberla'),
    ('Kabli'),
    ('Kadapiku'),
    ('Kaerepere'),
    ('Kaersoo'),
    ('Kagavere'),
    ('Kahala'),
    ('Kaiavere'),
    ('Kaidma'),
    ('Kaika'),
    ('Kalda'),
    ('Kalesi'),
    ('Kalitsa'),
    ('Kalle'),
    ('Kalme'),
    ('Kammeri'),
    ('Kandle'),
    ('Kannu'),
    ('Kantsi'),
    ('Kapra'),
    ('Kargaja'),
    ('Karijärve'),
    ('Karivärava'),
    ('Karja'),
    ('Karkuse'),
    ('Karste'),
    ('Karula'),
    ('Karuli'),
    ('Kasaritsa'),
    ('Kasispea'),
    ('Kassari'),
    ('Kasvandu'),
    ('Kauksi'),
    ('Kausi'),
    ('Kavastu'),
    ('Kedre'),
    ('Keeni'),
    ('Kehra'),
    ('Keika'),
    ('Keila-Joa'),
    ('Kereme'),
    ('Kergu'),
    ('Keri'),
    ('Keskküla'),
    ('Kesu'),
    ('Kiduspe'),
    ('Kihelkonna'),
    ('Kihlepa'),
    ('Kihme'),
    ('Kiideva'),
    ('Kiisa'),
    ('Kiiu-Aabla'),
    ('Kilgi'),
    ('Kiltsi'),
    ('Kinksi'),
    ('Kiraste'),
    ('Kirbla'),
    ('Kirbu'),
    ('Kirikuküla'),
    ('Kirimäe'),
    ('Kirna'),
    ('Kitseküla'),
    ('Kivi-Vigala'),
    ('Kiviloo'),
    ('Kiviõli'),
    ('Kliima'),
    ('Kloostri'),
    ('Kodijärve'),
    ('Kodru'),
    ('Koeru'),
    ('Kogula'),
    ('Kohala'),
    ('Kohtla'),
    ('Koidu'),
    ('Koigi'),
    ('Koigu'),
    ('Koimla'),
    ('Kokseri'),
    ('Koksvere'),
    ('Kokõmäe'),
    ('Kolga'),
    ('Kolga-Aabla'),
    ('Kolo'),
    ('Kolovina'),
    ('Kolpino'),
    ('Koluvere'),
    ('Konguta'),
    ('Konju'),
    ('Konsu'),
    ('Koobassaare'),
    ('Koogimäe'),
    ('Koordi'),
    ('Koosa'),
    ('Kose'),
    ('Kosselka'),
    ('Kostiranna'),
    ('Krantsova'),
    ('Kuigatsi'),
    ('Kuivajõe'),
    ('Kukevere'),
    ('Kukruse'),
    ('Kuksema'),
    ('Kuldre'),
    ('Kulisko'),
    ('Kunda'),
    ('Kura'),
    ('Kureküla'),
    ('Kuressaare'),
    ('Kurevere'),
    ('Kurjavere'),
    ('Kurtna'),
    ('Kurukse'),
    ('Kuura'),
    ('Kõiguste'),
    ('Kõldu'),
    ('Kõmmaste'),
    ('Kõnnu'),
    ('Kõo'),
    ('Kõoküla'),
    ('Kõpu'),
    ('Kõrbse'),
    ('Kõrgepalu'),
    ('Kõrkvere'),
    ('Kõrveküla'),
    ('Kõrvetaguse'),
    ('Kõõru'),
    ('Käravete'),
    ('Kärevere'),
    ('Kärstna'),
    ('Käru'),
    ('Käva'),
    ('Küllätüvä'),
    ('Kürema'),
    ('Laane'),
    ('Laasna'),
    ('Lahe'),
    ('Lahepera'),
    ('Lahu'),
    ('Laitse'),
    ('Laiuse'),
    ('Lalli'),
    ('Lapetukme'),
    ('Lasila'),
    ('Laukna'),
    ('Leedi'),
    ('Leesi'),
    ('Leevaku'),
    ('Lehtse'),
    ('Leie'),
    ('Leimani'),
    ('Leisi'),
    ('Lemsi'),
    ('Lepa'),
    ('Lepiku'),
    ('Levala'),
    ('Levalõpme'),
    ('Levi'),
    ('Lihula'),
    ('Liiva'),
    ('Linaküla'),
    ('Lindsi'),
    ('Linnamäe'),
    ('Linnuse'),
    ('Linte'),
    ('Lipa'),
    ('Litvina'),
    ('Livoonia'),
    ('Lohkuse'),
    ('Lokuta'),
    ('Loobu'),
    ('Loodna'),
    ('Looküla'),
    ('Luhamaa'),
    ('Luiga'),
    ('Lustivere'),
    ('Lõo'),
    ('Lõpemetsa'),
    ('Lõpolje'),
    ('Lõve'),
    ('Lõõla'),
    ('Lädina'),
    ('Lähtepea'),
    ('Länga'),
    ('Lüganuse'),
    ('Lümanda'),
    ('Lütä'),
    ('Maidla'),
    ('Marinu'),
    ('Matsi'),
    ('Meeksi'),
    ('Mehikoorma'),
    ('Merise'),
    ('Metsaküla'),
    ('Metsiku'),
    ('Metsküla'),
    ('Metsla'),
    ('Metstaguse'),
    ('Miiaste'),
    ('Mihkli'),
    ('Mikitamäe'),
    ('Moe'),
    ('Moldova'),
    ('Molnika'),
    ('Mooste'),
    ('Muda'),
    ('Muhu'),
    ('Mukri'),
    ('Muratsi'),
    ('Murikatsi'),
    ('Murruste'),
    ('Mustjala'),
    ('Mustla'),
    ('Mutiku'),
    ('Muuga'),
    ('Mõisaküla'),
    ('Mõndsi'),
    ('Mõnikuste'),
    ('Mõniste'),
    ('Mõtsakuru'),
    ('Mäeküla'),
    ('Mäetaguse'),
    ('Mäksa'),
    ('Mäla'),
    ('Mäliste'),
    ('Märjamaa'),
    ('Määranõmme'),
    ('Määsi'),
    ('Möldri'),
    ('Mürgi'),
    ('Müüsleri'),
    ('Nadalama'),
    ('Naelavere'),
    ('Naha'),
    ('Nahkanuia'),
    ('Naistevälja'),
    ('Napi'),
    ('Nava'),
    ('Neemisküla'),
    ('Neeruti'),
    ('Nehatu'),
    ('Ninase'),
    ('Nuhja'),
    ('Nuia'),
    ('Nurme'),
    ('Nuustaku'),
    ('Nõmme'),
    ('Nõmmküla'),
    ('Nõmpa'),
    ('Nõo'),
    ('Nõva'),
    ('Näpi'),
    ('Obinitsa'),
    ('Obriku'),
    ('Odiste'),
    ('Oe'),
    ('Oeti'),
    ('Ohakvere'),
    ('Ohekatku'),
    ('Ohepalu'),
    ('Ohtja'),
    ('Oina'),
    ('Oisu'),
    ('Ojaküla'),
    ('Ojamäe'),
    ('Ojasuu'),
    ('Olgaküla'),
    ('Ollepa'),
    ('Olli'),
    ('Olohova'),
    ('Oola'),
    ('Oomküla'),
    ('Oore'),
    ('Oparino'),
    ('Orava'),
    ('Orgemäe'),
    ('Orgita'),
    ('Orinõmme'),
    ('Oru'),
    ('Oti'),
    ('Paasiku'),
    ('Paduvere'),
    ('Paemurru'),
    ('Paenasti'),
    ('Paenküla'),
    ('Painküla'),
    ('Pahtpää'),
    ('Pala'),
    ('Paljasmaa'),
    ('Palmse'),
    ('Palo'),
    ('Palupera'),
    ('Pankjavitsa'),
    ('Paraküla'),
    ('Parasmetsa'),
    ('Parasmäe'),
    ('Parika'),
    ('Paslepa'),
    ('Peatskivi'),
    ('Pedaspea'),
    ('Peeri'),
    ('Peraküla'),
    ('Peri'),
    ('Perila-Liivaaugu'),
    ('Perjatsi'),
    ('Persikivi'),
    ('Pihla'),
    ('Piigaste'),
    ('Piilsi'),
    ('Piiri'),
    ('Piisupi'),
    ('Piiumetsa'),
    ('Pikasilla'),
    ('Pikavere'),
    ('Pikevere'),
    ('Pikva'),
    ('Pindi'),
    ('Pirmastu'),
    ('Pliia'),
    ('Poanse'),
    ('Poksa'),
    ('Polli'),
    ('Porkuni'),
    ('Prangli'),
    ('Prümli'),
    ('Puhkova'),
    ('Puhmu'),
    ('Puiatu'),
    ('Puise'),
    ('Puista'),
    ('Pullevere'),
    ('Punase Lageda'),
    ('Punnissaare'),
    ('Puramäe'),
    ('Purtse'),
    ('Puru'),
    ('Pusi'),
    ('Putkaste'),
    ('Puurmanni'),
    ('Põdrangu'),
    ('Põhjaka'),
    ('Põikva'),
    ('Põlde'),
    ('Põlula'),
    ('Põrstõ'),
    ('Päelda'),
    ('Päidla'),
    ('Päite'),
    ('Päovere'),
    ('Pärassaare'),
    ('Pärnu'),
    ('Pääsna'),
    ('Pöögle'),
    ('Pööra'),
    ('Pühaste'),
    ('Püssi'),
    ('Raadama'),
    ('Raasilla'),
    ('Radaja'),
    ('Rahtla'),
    ('Rahuste'),
    ('Raigastvere'),
    ('Raigla'),
    ('Raitla'),
    ('Rakke'),
    ('Randivälja'),
    ('Randvere'),
    ('Ranna'),
    ('Rannapungerja'),
    ('Rannu'),
    ('Rapla'),
    ('Rastla'),
    ('Raudi'),
    ('Rebase'),
    ('Rebu'),
    ('Rehatse'),
    ('Rehe'),
    ('Reidipõllu'),
    ('Retla'),
    ('Ridaküla'),
    ('Ridasi'),
    ('Riisa'),
    ('Risti'),
    ('Ristiküla'),
    ('Rohu'),
    ('Rooküla'),
    ('Roosna-Alliku'),
    ('Roostoja'),
    ('Rootsi'),
    ('Rootsiküla'),
    ('Rootsivere'),
    ('Rummu'),
    ('Rutja'),
    ('Ruusmäe'),
    ('Rõbikova'),
    ('Rõhu'),
    ('Rõsna'),
    ('Rõstla'),
    ('Räsna'),
    ('Rääptsova'),
    ('Saanika'),
    ('Saasna'),
    ('Saatse'),
    ('Sabelina'),
    ('Saburi'),
    ('Saetsuva'),
    ('Saha'),
    ('Saka'),
    ('Saksa'),
    ('Saksi'),
    ('Salla'),
    ('Salme'),
    ('Salmistu'),
    ('Salutaguse'),
    ('Sambu'),
    ('Samma'),
    ('Sangla'),
    ('Sargvere'),
    ('Sarise'),
    ('Saru'),
    ('Sauga'),
    ('Saurova'),
    ('Sauvere'),
    ('Savilepa'),
    ('Savira'),
    ('Seidla'),
    ('Selgase'),
    ('Selise'),
    ('Seliste'),
    ('Selli'),
    ('Sepa'),
    ('Seretsüvä'),
    ('Serga'),
    ('Sigula'),
    ('Sika'),
    ('Silla'),
    ('Sinalepa'),
    ('Sindi'),
    ('Sirtsi'),
    ('Sivaći'),
    ('Soelaanõ'),
    ('Soeva'),
    ('Sokolova'),
    ('Sompa'),
    ('Sooaluste'),
    ('Soomevere'),
    ('Soomra'),
    ('Soonda'),
    ('Sootaga'),
    ('Sootaguse'),
    ('Sudiste'),
    ('Suislepa'),
    ('Sulustvere'),
    ('Suurejõe'),
    ('Suurekõrve'),
    ('Suuremõisa'),
    ('Suure-Kareda'),
    ('Suure-Nedsaja'),
    ('Suurküla'),
    ('Suurpea'),
    ('Säkna'),
    ('Säpina'),
    ('Säre'),
    ('Särevere'),
    ('Sääre'),
    ('Sääreküla'),
    ('Sääritsa'),
    ('Sürgavere'),
    ('Taevere'),
    ('Taga-Võõbu'),
    ('Tagula'),
    ('Tahkuranna'),
    ('Tahu'),
    ('Tahula'),
    ('Talka'),
    ('Tammese'),
    ('Tammiku'),
    ('Tammispea'),
    ('Tammispää'),
    ('Tammiste'),
    ('Tammistu'),
    ('Tammneeme'),
    ('Tamsi'),
    ('Tapa'),
    ('Tapiku'),
    ('Tapurla'),
    ('Tarumaa'),
    ('Tedre'),
    ('Teenuse'),
    ('Tessova'),
    ('Tiirhanna'),
    ('Tiirimetsa'),
    ('Tohera'),
    ('Toila'),
    ('Tonja'),
    ('Toomika'),
    ('Tooste'),
    ('Tootsi'),
    ('Torila'),
    ('Tornimäe'),
    ('Tossumetsa'),
    ('Treiali'),
    ('Treimani'),
    ('Treski'),
    ('Triigi'),
    ('Truba'),
    ('Trõnne'),
    ('Tsirgumäe'),
    ('Tudu'),
    ('Tudulinna'),
    ('Tuplova'),
    ('Turbuneeme'),
    ('Turuküla'),
    ('Tusti'),
    ('Tõdva'),
    ('Tõhela'),
    ('Tõlliste'),
    ('Tõrdu'),
    ('Tõrma'),
    ('Tõrve'),
    ('Tõstamaa'),
    ('Tõusi'),
    ('Tähemaa'),
    ('Tänassilma'),
    ('Tääglova'),
    ('Töganitsa'),
    ('Türju'),
    ('Udria'),
    ('Udriku'),
    ('Uduvere'),
    ('Uibujärve'),
    ('Uku'),
    ('Ulila'),
    ('Undla'),
    ('Uniküla'),
    ('Unkavitsa'),
    ('Usinitsa'),
    ('Uueküla'),
    ('Uuemõisa'),
    ('Uue-Suistle'),
    ('Uuri'),
    ('Uusküla'),
    ('Uusna'),
    ('Vaabina'),
    ('Vaasu'),
    ('Vahakulmu'),
    ('Vahastu'),
    ('Vaiatu'),
    ('Vaimastvere'),
    ('Vainupea'),
    ('Vaivere'),
    ('Vaivina'),
    ('Valaste'),
    ('Valasti'),
    ('Valgjärve'),
    ('Valguta'),
    ('Valkla'),
    ('Valma'),
    ('Valtu'),
    ('Vana-Antsla'),
    ('Vanaaseme'),
    ('Vanakubja'),
    ('Vanaküla'),
    ('Vanamõisa'),
    ('Vana-Roosa'),
    ('Vandjala'),
    ('Vandu'),
    ('Vao'),
    ('Varangu'),
    ('Varesmäe'),
    ('Vareste'),
    ('Vasilde'),
    ('Vasla'),
    ('Vastemõisa'),
    ('Vastse-Antsla'),
    ('Vastse-Otepää'),
    ('Vasula'),
    ('Vatku'),
    ('Vatla'),
    ('Vedernika'),
    ('Vedra'),
    ('Vejnali'),
    ('Veneküla'),
    ('Venevere'),
    ('Veretinä'),
    ('Verevi'),
    ('Verhulitsa'),
    ('Veskiküla'),
    ('Vetepere'),
    ('Vetla'),
    ('Vidrike'),
    ('Vihasoo'),
    ('Vihula'),
    ('Viinistu'),
    ('Viira'),
    ('Viisu'),
    ('Viljandi'),
    ('Vilo'),
    ('Viruvere'),
    ('Virve'),
    ('Vissuvere'),
    ('Visusti'),
    ('Vitsiku'),
    ('Vivva'),
    ('Voka'),
    ('Vologda'),
    ('Vuti'),
    ('Võhma'),
    ('Võhmetu'),
    ('Võhmuta'),
    ('Võide'),
    ('Võiküla'),
    ('Võipere'),
    ('Võisiku'),
    ('Võlla'),
    ('Võmmorski'),
    ('Võnnu'),
    ('Võntküla'),
    ('Võpolsova'),
    ('Võrnu'),
    ('Võuküla'),
    ('Võõpsu'),
    ('Väike-Kalju'),
    ('Väike-Kareda'),
    ('Väike-Lähtru'),
    ('Väike-Puiatu'),
    ('Väike-Rõsna'),
    ('Väike-Saka'),
    ('Väluste'),
    ('Värska'),
    ('Väätsa'),
    ('Õisu'),
    ('Õvanurme'),
    ('Ähijärve'),
    ('Ämbra'),
    ('Ämmuste'),
    ('Änari'),
    ('Ärina'),
    ('Öötla'),
    ('Ülensi'),
    ('Üru')
    ;

INSERT INTO folk_tune.actual_performance_types (title, description)
VALUES 
    ('Ü', 'Üksi'),
    ('E+K', 'Eeslaulja ja koor'),
    ('E+Ü', 'Ees- ja järellaulja'),
    ('R', 'Rühmalaul'),
    ('Ka', 'Kahekesi, ilma ees- ja järellaulmiseta'),
    ('ei ole võimalik määratleda', NULL), 
    ('määramata', NULL), 
    ('teadmata', NULL)
;    

INSERT INTO folk_tune.traditional_performance_types (title, description)
VALUES
    ('Ü', 'Üksi'),
    ('E+K', 'Eeslaulja ja koor'),
    ('E+Ü', 'Ees- ja järellaulja'),
    ('R', 'Rühmalaul'),
    ('Ka', 'Kahekesi, ilma ees- ja järellaulmiseta'),
    ('ei ole võimalik määratleda', NULL), 
    ('määramata', NULL), 
    ('teadmata', NULL)
;

INSERT INTO folk_tune.actual_action_types (title, description)
VALUES
    ('hällitades', NULL), 
    ('hüpitades (last)', NULL), 
    ('istudes', NULL), 
    ('jalarõhk', NULL), 
    ('kaar', NULL), 
    ('kiikudes', NULL), 
    ('kolonn (üksteise taga)', NULL), 
    ('kulg', NULL), 
    ('käerõhk', NULL), 
    ('mängitades', NULL), 
    ('pöör (setu)', NULL), 
    ('rida', NULL), 
    ('ring (lahtine)', NULL), 
    ('rinnati', NULL), 
    ('seistes', NULL), 
    ('sõõr (kinnine)', NULL), 
    ('tammudes', NULL), 
    ('tantsides', NULL),
    ('vibutades', 'nt sirpi'),
    ('viirg (kõrvuti)', NULL), 
    ('õõtsudes', NULL), 
    ('ei ole võimalik määratleda', NULL), 
    ('määramata', NULL), 
    ('teadmata', NULL)
;

INSERT INTO folk_tune.traditional_action_types (title, description)
VALUES
    ('hällitades', NULL), 
    ('hüpitades (last)', NULL), 
    ('istudes', NULL), 
    ('jalarõhk', NULL), 
    ('kaar', NULL), 
    ('kiikudes', NULL), 
    ('kolonn (üksteise taga)', NULL), 
    ('kulg', NULL), 
    ('käerõhk', NULL), 
    ('mängitades', NULL),
    ('pöör (setu)', NULL), 
    ('rida', NULL), 
    ('ring (lahtine)', NULL), 
    ('rinnati', NULL), 
    ('seistes', NULL), 
    ('sõõr (kinnine)', NULL), 
    ('tammudes', NULL), 
    ('tantsides', NULL), 
    ('vibutades', 'nt sirpi'),
    ('viirg (kõrvuti)', NULL), 
    ('õõtsudes', NULL), 
    ('ei ole võimalik määratleda', NULL), 
    ('määramata', NULL), 
    ('teadmata', NULL)
;

INSERT INTO folk_tune.song_genres (parent_id, title, description, lft, rght)
VALUES 
    (NULL, 'hääl', NULL, 1, 12),
    (1, 'hääl_muu', NULL, 2, 3),
    (1, 'linnu', NULL, 4, 5),
    (1, 'loodus', NULL, 6, 7),
    (1, 'pilli', NULL, 8, 9),
    (1, 'talu', NULL, 10, 11),
    (NULL, 'hüüded', NULL, 13, 20),
    (7, 'helletus', NULL, 14, 15),
    (7, 'hüüded_muu', NULL, 16, 17),
    (7, 'karja', NULL, 18, 19),
    (NULL, 'itk', NULL, 21, 30),
    (11, 'juhu', NULL, 22, 23),
    (11, 'nekruti', NULL, 24, 25),
    (11, 'pulma', NULL, 26, 27),
    (11, 'surnu', NULL, 28, 29),
    (NULL, 'jutulaul', NULL, 31, 36),
    (16, 'jutt_muu', NULL, 32, 33),
    (16, 'muinasjutt', NULL, 34, 35),
    (NULL, 'jutustav', NULL, 37, 42),
    (19, 'meeste', NULL, 38, 39),
    (19, 'naiste', NULL, 40, 41),
    (NULL, 'kal', NULL, 43, 62),
    (22, 'jaani', NULL, 44, 45),
    (22, 'jõulu', NULL, 46, 47),
    (22, 'jüri', NULL, 48, 49),
    (22, 'kadri', NULL, 50, 51),
    (22, 'kiige', NULL, 52, 53),
    (22, 'mardi', NULL, 54, 55),
    (22, 'muu_kal', NULL, 56, 57),
    (22, 'urbe', NULL, 58, 59),
    (22, 'vastla', NULL, 60, 61),
    (NULL, 'laste', NULL, 63, 76),
    (32, 'ahel', NULL, 64, 65),
    (32, 'hälli', NULL, 64, 65),
    (32, 'hüpitus', NULL, 66, 67),
    (32, 'laste', NULL, 68, 69),
    (32, 'mängitus', NULL, 70, 71),
    (32, 'mängu', NULL, 72, 73),
    (NULL, 'loits', NULL, 74, 75),
    (39, 'muu_loits', NULL, 77, 84),
    (39, 'ravi', NULL, 78, 79),
    (39, 'töö', NULL, 82, 83),
    (NULL, 'lüürika', NULL, 85, 90),
    (43, 'meeste', NULL, 86, 87),
    (43, 'naiste', NULL, 88, 89),
    (NULL, 'pidu', NULL, 91, 102),
    (46, 'mängu', NULL, 92, 93),
    (46, 'praasnik', NULL, 94, 95),
    (46, 'pulma', NULL, 96, 97),
    (46, 'tantsu', NULL, 98, 99),
    (46, 'varru', NULL, 100, 101),
    (NULL, 'pidu_laste', NULL, 103, 106),
    (52, 'mängu', NULL, 104, 105),
    (NULL, 'töö', NULL, 107, 130),
    (54, 'heina', NULL, 108, 109),
    (54, 'kaluri', NULL, 110, 111),
    (54, 'karja', NULL, 112, 113),
    (54, 'ketrus', NULL, 114, 115),
    (54, 'lõikus', NULL, 116, 117),
    (54, 'lüps', NULL, 118, 119),
    (54, 'marja', NULL, 120, 121),
    (54, 'muu_töö', NULL, 122, 123),
    (54, 'talgu', NULL, 124, 125),
    (54, 'või', NULL, 126, 127),
    (54, 'õitsi', NULL, 128, 129),
    (NULL, 'uuem rahvalaul', NULL, 131, 144),
    (66, 'külalaul', NULL, 132, 133),
    (66, 'paroodiad', NULL, 134, 135),
    (66, 'ringmängu', NULL, 136, 137),
    (66, 'sentiment', 'sentimentaalsed laulud (armastus, üksindus, uuemad vaeslapselaulud)', 138, 139),
    (66, 'sõja_vangi', NULL, 140, 141),
    (66, 'vaimulikud', NULL, 142, 143),
    (NULL, 'vaimulik', NULL, 145, 146),
    (NULL, 'ei ole võimalik määratleda', NULL, 147, 148),
    (NULL, 'määramata', NULL, 149, 150),
    (NULL, 'teadmata', NULL, 151, 152)
;

INSERT INTO folk_tune.tune_genres (parent_id, title, description, lft, rght)
VALUES 
    (NULL, 'hääl', NULL, 1, 12),
    (1, 'hääl_muu', NULL, 2, 3),
    (1, 'linnu', NULL, 4, 5),
    (1, 'loodus', NULL, 6, 7),
    (1, 'pilli', NULL, 8, 9),
    (1, 'talu', NULL, 10, 11),
    (NULL, 'hüüded', NULL, 13, 20),
    (7, 'helletus', NULL, 14, 15),
    (7, 'hüüded_muu', NULL, 16, 17),
    (7, 'karja', NULL, 18, 19),
    (NULL, 'itk', NULL, 21, 30),
    (11, 'juhu', NULL, 22, 23),
    (11, 'nekruti', NULL, 24, 25),
    (11, 'pulma', NULL, 26, 27),
    (11, 'surnu', NULL, 28, 29),
    (NULL, 'jutulaul', NULL, 31, 36),
    (16, 'jutt_muu', NULL, 32, 33),
    (16, 'muinasjutt', NULL, 34, 35),
    (NULL, 'jutustav', NULL, 37, 42),
    (19, 'meeste', NULL, 38, 39),
    (19, 'naiste', NULL, 40, 41),
    (NULL, 'kal', NULL, 43, 62),
    (22, 'jaani', NULL, 44, 45),
    (22, 'jõulu', NULL, 46, 47),
    (22, 'jüri', NULL, 48, 49),
    (22, 'kadri', NULL, 50, 51),
    (22, 'kiige', NULL, 52, 53),
    (22, 'mardi', NULL, 54, 55),
    (22, 'muu_kal', NULL, 56, 57),
    (22, 'urbe', NULL, 58, 59),
    (22, 'vastla', NULL, 60, 61),
    (NULL, 'laste', NULL, 63, 76),
    (32, 'ahel', NULL, 64, 65),
    (32, 'hälli', NULL, 64, 65),
    (32, 'hüpitus', NULL, 66, 67),
    (32, 'laste', NULL, 68, 69),
    (32, 'mängitus', NULL, 70, 71),
    (32, 'mängu', NULL, 72, 73),
    (NULL, 'loits', NULL, 74, 75),
    (39, 'muu_loits', NULL, 77, 84),
    (39, 'ravi', NULL, 78, 79),
    (39, 'töö', NULL, 82, 83),
    (NULL, 'lüürika', NULL, 85, 90),
    (43, 'meeste', NULL, 86, 87),
    (43, 'naiste', NULL, 88, 89),
    (NULL, 'pidu', NULL, 91, 102),
    (46, 'mängu', NULL, 92, 93),
    (46, 'praasnik', NULL, 94, 95),
    (46, 'pulma', NULL, 96, 97),
    (46, 'tantsu', NULL, 98, 99),
    (46, 'varru', NULL, 100, 101),
    (NULL, 'pidu_laste', NULL, 103, 106),
    (52, 'mängu', NULL, 104, 105),
    (NULL, 'töö', NULL, 107, 130),
    (54, 'heina', NULL, 108, 109),
    (54, 'kaluri', NULL, 110, 111),
    (54, 'karja', NULL, 112, 113),
    (54, 'ketrus', NULL, 114, 115),
    (54, 'lõikus', NULL, 116, 117),
    (54, 'lüps', NULL, 118, 119),
    (54, 'marja', NULL, 120, 121),
    (54, 'muu_töö', NULL, 122, 123),
    (54, 'talgu', NULL, 124, 125),
    (54, 'või', NULL, 126, 127),
    (54, 'õitsi', NULL, 128, 129),
    (NULL, 'uuem rahvalaul', NULL, 131, 144),
    (66, 'külalaul', NULL, 132, 133),
    (66, 'paroodiad', NULL, 134, 135),
    (66, 'ringmängu', NULL, 136, 137),
    (66, 'sentiment', 'sentimentaalsed laulud (armastus, üksindus, uuemad vaeslapselaulud)', 138, 139),
    (66, 'sõja_vangi', NULL, 140, 141),
    (66, 'vaimulikud', NULL, 142, 143),
    (NULL, 'vaimulik', NULL, 145, 146),
    (NULL, 'ei ole võimalik määratleda', NULL, 147, 148),
    (NULL, 'määramata', NULL, 149, 150),
    (NULL, 'teadmata', NULL, 151, 152)
;

INSERT INTO folk_tune.song_topics (parent_id, title, description, lft, rght)
VALUES
    (NULL, 'töö', 'tööd, tegevused', 1, 94),
    (1, 'kari', 'karjatamine, kari, karjane', 2, 3),
    (1, 'õits', 'õitsilkäimine', 4, 5),
    (1, 'hein', 'heinatööd', 6, 7),
    (1, 'kütis', 'kütis', 8, 9),
    (1, 'künd', 'künd', 10, 11),
    (1, 'külv', 'külv', 12, 13),
    (1, 'sõnnik', 'sõnnikulaotamine', 14, 15),
    (1, 'lõikus', 'lõikus', 16, 17),
    (1, 'lina', 'linatööd', 18, 19),
    (1, 'rehepeks', 'rehepeks', 20, 21),
    (1, 'talgud', 'talgud', 22, 23),
    (1, 'lüps', 'lüpsmine', 24, 25),
    (1, 'või', 'võitegu', 26, 27),
    (1, 'jahvatus', 'jahvatamine (käsikivi, veski)', 28, 29),
    (1, 'söögitegu', 'keetmine, küpsetamine', 30, 31),
    (1, 'joogitegu', 'taari ja õlle valmistamine', 32, 33),
    (1, 'lambaniitmine', 'lambaniitmine', 34, 35),
    (1, 'kraasimine, ketrus', 'kraasimine, ketrus', 36, 37),
    (1, 'kangakudumine', 'kangakudumine', 38, 39),
    (1, 'vanutamine, uhtumine', 'vanutamine, uhtumine', 40, 41),
    (1, 'õmblemine', 'õmblemine', 42, 43),
    (1, 'pesupesemine', 'pesupesemine', 44, 45),
    (1, 'koristamine', 'koristamine, pühkimine', 46, 47),
    (1, 'riietus, ehted', 'riietumine, ehtimine, rõivad, ehted', 48, 49),
    (1, 'juuksed', 'juustelõikamine, peasugemine, juuksed, peahari', 50, 51),
    (1, 'saun', 'saun, leil, saunaskäimine, vihtlemine', 52, 53),
    (1, 'ravimine, haigused', 'arstimine, arst, tervis, haigus, trauma, ussihammustus jne', 54, 55),
    (1, 'nõidumine, ennustamine', 'nõidumine, ennustamine', 56, 57),
    (1, 'mäng', 'mängimine', 58, 59),
    (1, 'tuli', 'tuletegemine, tuli', 60, 61),
    (1, 'külalised', 'külaskäimine, külalised', 62, 63),
    (1, 'söök-jook', 'söömine-joomine, söögid-joogid', 64, 65),
    (1, 'viin, kõrts, joodik', 'viin, kõrts, joodik', 66, 67),
    (1, 'piip, tubakas', 'piip, tubakas', 68, 69),
    (1, 'kiik', 'kiikumine, kiigelkäimine, kiik', 70, 71),
    (1, 'sanditamine', 'sanditamine', 72, 73),
    (1, 'liulaskmine', 'liulaskmine', 74, 75),
    (1, 'laul', 'laulmine, laul, laulik', 76, 77),
    (1, 'pill', 'pillimäng, pillimees, pillid', 78, 79),
    (1, 'tants', 'tantsimine', 80, 81),
    (1, 'teekond', 'teekäimine, teekond', 82, 83),
    (1, 'hobune', 'hobune, sõit hobusega, veod', 84, 85),
    (1, 'laev, paat', 'laeva-, paadisõit', 86, 87),
    (1, 'ost-müük, laen', 'linnas turul, poes käimine; ost-müük, laenamine', 88, 89),
    (1, 'kalur', 'kalapüük, kalur, kalad', 90, 91),
    (1, 'jaht', 'jaht, jahimees, jahiloomad', 92, 93),
    (NULL, 'kal', 'kalendripühad ja tähtpäevad', 95, 112),
    (48, 'jõulud', 'jõulud, näärid', 96, 97),
    (48, 'vastla', 'vastlad', 98, 99),
    (48, 'lihavõtted', 'lihavõtted', 100, 101),
    (48, 'jaani', 'jaanipäev', 102, 103),
    (48, 'mardi', 'mardipäev', 104, 105),
    (48, 'kadri', 'kadripäev', 106, 107),
    (48, 'külapühad', 'külapühad (praasnikud)', 108, 109),
    (48, 'muu_kal', 'muud kalendripühad', 110, 111),
    (NULL, 'pere', 'abielu, perekond', 113, 132),
    (57, 'laps', 'laps (kandmine, sünnitamine, hällitamine, hoidmine, kasvatamine)', 114, 115),
    (57, 'neiu ja kodu', 'kodu, kasvupõli, neiupõli, kodust lahkumine', 116, 117),
    (57, 'vaeslaps', 'vaeslaps', 118, 119),
    (57, 'poisid-tüdrukud', 'poisid ja tüdrukud (poiste kiitus ja pilge, vanapoiss, poissmees, neidude kiitus ja pilge, vanatüdruk)', 120, 121),
    (57, 'suhted', 'kaasavalik, armastus, kosjad', 122, 123),
    (57, 'pulmad', 'pulmad (st laulud, milles juttu pulmadest või mis kirjeldavad üksikuid pulmakombeid jne)', 124, 125),
    (57, 'abielu', 'abielu, mees ja naine, isa- ja mehekodu', 126, 127),
    (57, 'lesk', 'lesk', 128, 129),
    (57, 'muud peresuhted', 'perekonnasuhted üldiselt, õed-vennad, vanemad lapsed', 130, 131),
    (NULL, 'elumured', 'elu hooled ja mured', 133, 148),
    (67, 'virkus-laiskus', 'töökus ja laiskus, väsimus ja puhkus, uni', 134, 135),
    (67, 'tüli', 'laim, tüli ja riid', 136, 137),
    (67, 'õnnetus', 'õnnetused, äpardused', 138, 139),
    (67, 'nälg', 'nälg', 140, 141),
    (67, 'surm', 'surm', 142, 143),
    (67, 'kurbus', 'mure, kurbus, lein', 144, 145),
    (67, 'saatus', 'tundmatu tulevik, elusaatus', 146, 147),
    (NULL, 'ühiskond', 'Sotsiaalsed kihistused, ühiskondlikud suhted, ajaloolised sündmused', 149, 166),
    (75, 'mõis', 'mõisaorjus (ja kõik sellega seotu)', 150, 151),
    (75, 'peremees-sulane', 'peremees, sulane, saunik', 152, 153),
    (75, 'rikas-vaene', 'rikas ja vaene', 154, 155),
    (75, 'kerjus', 'kerjus', 156, 157),
    (75, 'linn', 'linn', 158, 159),
    (75, 'nekrut', 'nekrut, soldat, sõda', 160, 161),
    (75, 'kuningas', 'kuningad, keisrid jms', 162, 163),
    (75, 'kirik', 'kirik, kirikuõpetaja, köster', 164, 165),
    (NULL, 'usund', 'usk ja mütoloogia', 167, 174),
    (84, 'müüdid', 'müütilised sündmused (tekkelood jms)', 168, 169),
    (84, 'ristiusk', 'ristiusukujutelmad, piiblitegelased', 170, 171),
    (84, 'uskumused-olendid', 'mitmesugused rahvausundilised kujutelmad ja uskumusolendid', 172, 173),
    (NULL, 'loodus', 'loodus', 175, 188),
    (88, 'taevakehad, loodusjõud', 'taevakehad, loodusjõud', 176, 177),
    (88, 'ilmastik, aastaajad', 'ilmastik, aastaajad', 178, 179),
    (88, 'maastik', 'maastikuobjektid (veekogud, mäed jms)', 180, 181),
    (88, 'taimed', 'taimed (ka kultuurtaimed)', 182, 183),
    (88, 'puud', 'puud, mets', 184, 185),
    (88, 'loomad', 'linnud, loomad, putukad', 186, 187),
    (NULL, 'ei ole võimalik määratleda', NULL, 189, 190),
    (NULL, 'teadmata', NULL, 191, 192),
    (NULL, 'määramata', NULL, 193, 194)
;

INSERT INTO folk_tune.verse_forms (title, description)
VALUES
    ('runo', 'runolaul (regivärss)'),
    ('siird', 'siirdevormiline'),
    ('riim', 'lõppriimiline'),
    ('rõhuline', 'rõhuline värss (itk, loits, vaimulik värsilugemine vms)'),
    ('asem', 'asemantilistest silpidest või vokaalidest koosnev (huiked, joiud jne)'),
    ('muu_v', 'muud vormid')
;

INSERT INTO folk_tune.sound_ranges (title)
VALUES
    ('1'),
    ('10s'),
    ('10v'),
    ('11'),
    ('11s'),
    ('11v'),
    ('12'),
    ('12s'),
    ('12v'),
    ('2'),
    ('2s'),
    ('2v'),
    ('3'),
    ('3[6s]'),
    ('3s'),
    ('3s[6s]'),
    ('3v'),
    ('4'),
    ('4[5]'),
    ('4[5>]'),
    ('4[5v]'),
    ('4[6v]'),
    ('4[7s]'),
    ('4[7v]'),
    ('4[9v]'),
    ('4<'),
    ('5'),
    ('5[6s]'),
    ('5[8]'),
    ('5>'),
    ('5>[7s]'),
    ('5>[8]'),
    ('6'),
    ('6s'),
    ('6s[7s]'),
    ('6s[8]'),
    ('6v'),
    ('6v[10v]'),
    ('6v[5]'),
    ('6v[7v]'),
    ('6v[8]'),
    ('7'),
    ('7s'),
    ('7v'),
    ('8'),
    ('8[7v]'),
    ('9s'),
    ('9v'),
    ('ei ole võimalik määratleda'),
    ('määramata'),
    ('teadmata')
;

INSERT INTO folk_tune.tune_forms (title, description)
VALUES
    ('1', 'Üherealine'),
    ('1 või 2', 'Ühe- või kaherealine viis'),
    ('1[2]', 'Põhiliselt üherealine, laulu sees kohati kaherealine'),
    ('1[2]R1', 'Põhiliselt üherealine, kohati kaherealine, üherealise refrääniga'),
    ('1[2]R1/2', 'Põhiliselt üherealine, kohati kaherealine, poolerealise refrääniga'),
    ('1R1', 'Üherealine viis üherealise refrääniga'),
    ('1R1/2', 'Üherealine viis poolerealise refrääniga'),
    ('1Rpikk', 'Üherealine viis pikema refrääniga'),
    ('1Rsise', 'Üherealine viis, refräänsõna on viisirea sees ja lõpus'),
    ('2', 'Kaherealine'),
    ('2 või 4', 'Kahe- või neljarealine viis'),
    ('2[1]', 'Põhiliselt kaherealine, laulu sees kohati üherealine'),
    ('2[3]', 'Põhiliselt kaherealine, kohati kolmerealine'),
    ('2[4]', 'Põhiliselt kaherealine, kohati neljarealine'),
    ('2R1', 'Kaherealine viis üherealise refrääniga'),
    ('2R1/2', 'Kaherealine viis poolerealise refrääniga'),
    ('2R1eri', 'Kaherealine viis üherealise refrääniga, kummagi viisirea järel on erinev refrään'),
    ('2R2', 'Kaherealine viis kaherealise refrääniga'),
    ('2Reri', 'Kaherealine viis, kummagi viisirea järel on eri pikkusega refrään'),
    ('2Rsise', 'Kaherealine viis, refräänsõna on viisiridade sees ja lõpus'),
    ('3', 'Kolmerealine viis'),
    ('3[2]', 'Kolmerealine viis, kohati kaherealine'),
    ('4', 'Neljarealine viis'),
    ('ebaregulaarne', 'Ebaregulaarne vorm')
;

INSERT INTO folk_tune.text_forms (title, description)
VALUES
    ('A', 'Värsse lauldakse järjest'),
    ('A[AB]', 'Värsse lauldakse järjest, aga mõnikord moodustuvad paarid'),
    ('AA', 'Värsse korratakse'),
    ('AA või AABB', 'Korratakse järgemööda kas üksikuid värsse või värsipaaride eri pooli'),
    ('AA või muu', 'Värsse arvatavasti korratakse, aga pole piisavalt teavet'),
    ('AA, AB', 'Mõnikord lauldakse värsse järjestikku, mõnikord korratakse'),
    ('AA[AB]', 'Värsse enamasti korratakse, mõnikord lauldakse paarikaupa'),
    ('AAB', 'Värssi korratakse ja selle järle lauldakse üksik värss'),
    ('AABB', 'Värsipaari esimest ja teist värssi korratakse eraldi'),
    ('AB', 'Värsse lauldakse paarikaupa'),
    ('AB või ABAB', 'Lauldakse värsipaar või terveiid värsipaare korratakse'),
    ('AB või ABCD', 'Värsse lauldakse paarikaupa või neljakaupa'),
    ('AB või muu', 'Värsse arvatavasti lauldakse paarikaupa, aga pole piisavalt teavet'),
    ('AB[AA]', 'Värsse enamasti lauldakse paarikaupa, mõnikord aga korratakse värssi teise visiireaga'),
    ('AB[ABAB]', 'Värsse lauldakse järjest paarikaupa, aga mõnda värsipaari ka korratakse'),
    ('AB[ABC]', 'Värsse lauldakse paarikaupa, aga mõnikord kolmekaupa'),
    ('ABAB', 'Värsipaari korratakse'),
    ('ABAB[AA]', 'Värsipaari korratakse, aga mõnikord korratakse üksikut värssi'),
    ('ABB', 'Lauldakse üks värss ja seejärel kaks korda teine'),
    ('ABC', 'Värsse lauldakse kolmikute kaupa'),
    ('ABCC', 'Lauldakse värsipaar ja seejärel kaks korda üksik värss'),
    ('ABCD', 'Värsid lauldakse neljakaupa'),
    ('ABCD EFEF', 'Lauldakse neli värssi ja siis korratakse järgnevat värsipaari'),
    ('ABCDEF', 'Lauldakse 6 värssi'),
    ('ABR', 'Värsipaar ja refrään'),
    ('ABRB', 'Üks värss, teine värss, refrään, teine värss'),
    ('AR', 'Lauldakse värss ja refrään'),
    ('ARAR', 'Värssi ja refrääni korratakse'),
    ('ARBR', 'Üks värss, refrään, teine värss, refrään'),
    ('ASR', 'Siserefrääniga struktuur: Värsi vahel ja lõpus võib olla refräänsõnu.'),
    ('ebaregulaarne', 'Ebaregulaarne vorm'),
    ('muu', 'Muud teadmata või kirjeldamata regulaarsed vormid.'),
    ('XXXY', 'Poolvärssidest koosnev struktuur on kahe värsi pikkune. Lauldakse: 3x esimene värsipool X + teine värsipool Y.'),
    ('XXY', 'Väike täht tähendab poolvärssi, seega struktuur on 1,5 värsi pikkune. Lauldakse: 2x esimene värsipool X + teine värsipool Y.'),
    ('XYXZ', 'Poolvärssidest koosnev struktuur on kahe värsi pikkune. Lauldakse esimene värsipool X + teine värsipool Y + uuesti esimene värsipool X ja uus teine värsipool Z.')
;

INSERT INTO folk_tune.transcription_sources (title) 
VALUES
    ('noot'),
    ('heli'),
    ('video')
;

INSERT INTO folk_tune.transcription_person_role_types (title)
VALUES
    ('noodistaja'),
    ('litereerija'),
    ('noodigraafik'),
    ('toimetaja')
;