INSERT INTO folk_tune.sexes (title) 
VALUES 
    ('mees'),
    ('naine'),
    ('teadmata'),
    ('ei ole võimalik määratleda')
;

INSERT INTO folk_tune.tune_states (title) 
VALUES 
    ('sisestatud'),
    ('kontrollitud')
;

INSERT INTO folk_tune.nations (title)
VALUES 
    ('eesti'),
    ('vene')
;

INSERT INTO folk_tune.languages (title) 
VALUES 
    ('eesti'),
    ('vene')
;

INSERT INTO folk_tune.countries (title) 
VALUES 
    ('Eesti'),
    ('Läti'),
    ('Põhja-Kaukaasia'),
    ('Venemaa')
;

INSERT INTO folk_tune.tune_person_role_types (title)
VALUES
    ('viisikoguja'),
    ('salvestaja'),
    ('tekstikoguja'),
    ('esitaja'),
    ('uurija')
;

INSERT INTO folk_tune.tune_place_types (title) 
VALUES 
    ('elukoht'),
    ('päritolukoht'),
    ('varasem elukoht')
;

INSERT INTO folk_tune.parishes (title) 
VALUES
    ('Ambla'),
    ('Anna'),
    ('Anseküla'),
    ('Antsla'),
    ('Audru'),
    ('Emmaste'),
    ('Haapsalu'),
    ('Hageri'),
    ('Haljala'),
    ('Halliste'),
    ('Hanila'),
    ('Hargla'),
    ('Harju-Jaani'),
    ('Helme'),
    ('Häädemeeste'),
    ('Iisaku'),
    ('Jaani'),
    ('Jamburi Simititsa'),
    ('Juuru'),
    ('Jõelähtme'),
    ('Jõhvi'),
    ('Jämaja'),
    ('Järva-Jaani'),
    ('Järva-Madise'),
    ('Jüri'),
    ('Kaarma'),
    ('Kadrina'),
    ('Kambja'),
    ('Kanepi'),
    ('Karja'),
    ('Karksi'),
    ('Karula'),
    ('Karuse'),
    ('Keila'),
    ('Kihelkonna'),
    ('Kihnu'),
    ('Kirbla'),
    ('Kodavere'),
    ('Koeru'),
    ('Kolga-Jaani'),
    ('Kose'),
    ('Kraasna'),
    ('Kullamaa'),
    ('Kursi'),
    ('Kuusalu'),
    ('Kõpu'),
    ('Käina'),
    ('Kärla'),
    ('Laiuse'),
    ('Leivu'),
    ('Lihula'),
    ('Lutsi'),
    ('Lääne-Nigula'),
    ('Lüganuse'),
    ('Maarja-Magdaleena'),
    ('Martna'),
    ('Meremäe'),
    ('Mihkli'),
    ('Muhu'),
    ('Mustjala'),
    ('Märjamaa'),
    ('Narva'),
    ('Nissi'),
    ('Noarootsi'),
    ('Nõo'),
    ('Orarino'),
    ('Otepää'),
    ('Paistu'),
    ('Palamuse'),
    ('Peetri'),
    ('Peterburg'),
    ('Petserimaa'),
    ('Pilistvere'),
    ('Puhja'),
    ('Põhja-Kaukaasia eesti asundus'),
    ('Põltsamaa'),
    ('Põlva'),
    ('Pärnu'),
    ('Pärnu-Jaagupi'),
    ('Pöide'),
    ('Püha'),
    ('Pühalepa'),
    ('Rakvere'),
    ('Rannu'),
    ('Rapla'),
    ('Reigi'),
    ('Ridala'),
    ('Risti'),
    ('Ruhnu'),
    ('Rõngu'),
    ('Rõuge'),
    ('Räpina'),
    ('Saarde'),
    ('Sangaste'),
    ('Setu'),
    ('Simuna'),
    ('Suure-Jaani'),
    ('Tallinn'),
    ('Tartu'),
    ('Tartu-Maarja'),
    ('Tarvastu'),
    ('Tori'),
    ('Torma'),
    ('Tõstamaa'),
    ('Türi'),
    ('Urvaste'),
    ('Vaivara'),
    ('Varbla'),
    ('Vastseliina'),
    ('Vigala'),
    ('Viljandi'),
    ('Viru-Jaagupi'),
    ('Viru-Nigula'),
    ('Vormsi'),
    ('Võnnu'),
    ('Võrumaa'),
    ('Väike-Maarja'),
    ('Vändra'),
    ('Äksi'),
    ('ei ole võimalik määratleda'),
    ('määramata'),
    ('teadmata')
;

INSERT INTO folk_tune.municipalities (title) 
VALUES
    ('Abja'),
    ('Adavere'),
    ('Ahja'),
    ('Aidu'),
    ('Alatskivi'),
    ('Albu'),
    ('Aleksandri'),
    ('Alliku'),
    ('Are'),
    ('Aruküla'),
    ('Asuküla'),
    ('Atla'),
    ('Einmani'),
    ('Eistvere'),
    ('Elistvere'),
    ('Enge'),
    ('Erastvere'),
    ('Erra'),
    ('Ervita'),
    ('Esna'),
    ('Haanja'),
    ('Halinga'),
    ('Halliku'),
    ('Heimtali'),
    ('Hellamaa'),
    ('Holstre'),
    ('Illuka'),
    ('Jõe'),
    ('Jõhvi'),
    ('Järvakandi'),
    ('Järve'),
    ('Järvesuu'),
    ('Kaarli'),
    ('Kabala'),
    ('Kaisma'),
    ('Kaiu'),
    ('Kallaste'),
    ('Kammeri'),
    ('Karksi'),
    ('Karula'),
    ('Kasaritsa'),
    ('Kastre-Võnnu'),
    ('Kavilda'),
    ('Kehkna'),
    ('Kihnu'),
    ('Kiikla'),
    ('Kirbla'),
    ('Kirna'),
    ('Kohtla'),
    ('Koigi'),
    ('Kodijärve'),
    ('Koiola'),
    ('Kokora'),
    ('Kolga'),
    ('Kolovere-Kalju'),
    ('Kolu'),
    ('Koonga'),
    ('Kooraste'),
    ('Krabi'),
    ('Kunda'),
    ('Kuusalu'),
    ('Kõnnu'),
    ('Kõo'),
    ('Kädva'),
    ('Kärla'),
    ('Kärstna'),
    ('Käru'),
    ('Laekvere'),
    ('Laius-Tähkvere'),
    ('Lehtse'),
    ('Lelle'),
    ('Lihula'),
    ('Liigvalla'),
    ('Lohusuu'),
    ('Lokuta'),
    ('Loodna'),
    ('Loosi'),
    ('Luiste'),
    ('Luunja'),
    ('Lõo'),
    ('Lähtru'),
    ('Lümanda'),
    ('Maasi'),
    ('Meeksi'),
    ('Meremäe'),
    ('Mikitamäe'),
    ('Misso'),
    ('Mooste'),
    ('Muhu-Suure'),
    ('Mustjala'),
    ('Muuga'),
    ('Mõniste'),
    ('Mäe'),
    ('Mäetaguse'),
    ('Märjamaa'),
    ('Müüsleri'),
    ('Neeruti'),
    ('Nirza'),
    ('Nõva'),
    ('Olustvere'),
    ('Oru'),
    ('Otepää kirikuvald'),
    ('Paadremaa'),
    ('Paasvere'),
    ('Paatsalu'),
    ('Pala'),
    ('Palmse'),
    ('Palupera'),
    ('Paslepa'),
    ('Peetri'),
    ('Peningi'),
    ('Peri'),
    ('Petseri'),
    ('Piirsalu'),
    ('Piiumetsa'),
    ('Pilda'),
    ('Polli'),
    ('Pragi'),
    ('Puiatu'),
    ('Pöögle'),
    ('Raikküla'),
    ('Rakvere'),
    ('Rannu'),
    ('Rapla'),
    ('Restu'),
    ('Riidaja'),
    ('Risti'),
    ('Ropka'),
    ('Röa'),
    ('Saaluse'),
    ('Saatse'),
    ('Saksi'),
    ('Saku'),
    ('Salla'),
    ('Sangaste'),
    ('Saru'),
    ('Sauga'),
    ('Saulepi'),
    ('Seli'),
    ('Seliste'),
    ('Sinalepa'),
    ('Soosaare'),
    ('Sõmeru'),
    ('Särevere'),
    ('Taheva'),
    ('Talli'),
    ('Tammiste'),
    ('Tarvastu'),
    ('Timo'),
    ('Toila'),
    ('Toolamaa'),
    ('Tsooru'),
    ('Tudulinna'),
    ('Tuhalaane'),
    ('Tõstamaa'),
    ('Türi'),
    ('Ulila'),
    ('Undla'),
    ('Ungru'),
    ('Urvaste'),
    ('Uue-Kariste'),
    ('Uuemõisa'),
    ('Vaabina'),
    ('Vahastu'),
    ('Vaimastvere'),
    ('Valguta'),
    ('Valtu'),
    ('Vana-Antsla'),
    ('Vana-Antsmõisa'),
    ('Vana-Roosa'),
    ('Vana-Vändra'),
    ('Vao'),
    ('Vara'),
    ('Varangu'),
    ('Vastemõisa'),
    ('Vastse-Kasaritsa'),
    ('Vastse-Otepää'),
    ('Velise'),
    ('Venevere'),
    ('Veriora'),
    ('Vigala'),
    ('Vihterpalu'),
    ('Viimsi'),
    ('Viiratsi'),
    ('Viitina'),
    ('Vilo'),
    ('Virtsu'),
    ('Voltveti'),
    ('Voose'),
    ('Võisiku'),
    ('Võlla'),
    ('Võnnu'),
    ('Võru'),
    ('Väinjärve'),
    ('Värska'),
    ('Väätsa'),
    ('Õisu')
;

INSERT INTO folk_tune.villages (title) 
VALUES
    ('Aakre'),
    ('Aaspere'),
    ('Aavere'),
    ('Abaja'),
    ('Abja'),
    ('Abja-Paluoja'),
    ('Abula'),
    ('Aburi'),
    ('Adavere'),
    ('Adiste'),
    ('Aesoo'),
    ('Aidu'),
    ('Aidu-Liiva'),
    ('Aidu-Nõmme'),
    ('Ala'),
    ('Ala-Hanikase'),
    ('Alaküla'),
    ('Alaotsa'),
    ('Albu'),
    ('Allika'),
    ('Alliklepa'),
    ('Alasoo'),
    ('Alu'),
    ('Aluvere'),
    ('Ammuta'),
    ('Andi'),
    ('Anelema'),
    ('Angapere'),
    ('Anija'),
    ('Aniste'),
    ('Annikvere'),
    ('Antsla'),
    ('Ao'),
    ('Aranküla'),
    ('Arava'),
    ('Aravete'),
    ('Are'),
    ('Ariste'),
    ('Arkna'),
    ('Aru'),
    ('Aruküla'),
    ('Aruvälja'),
    ('Arvila'),
    ('Assamalla'),
    ('Asu'),
    ('Asva'),
    ('Atla'),
    ('Atsalama'),
    ('Audjassaare'),
    ('Audla'),
    ('Austla'),
    ('Avanduse'),
    ('Avispea'),
    ('Eametsa'),
    ('Eavere'),
    ('Edivere'),
    ('Edru'),
    ('Eesnurga'),
    ('Eigla'),
    ('Eisma'),
    ('Eistvere'),
    ('Elistvere'),
    ('Ellavere'),
    ('Eoste'),
    ('Epliku'),
    ('Erastvere'),
    ('Ermakova'),
    ('Ervita'),
    ('Esna'),
    ('Greči'),
    ('Haapsalu'),
    ('Haavakannu'),
    ('Haavakivi'),
    ('Hageri'),
    ('Hagudi'),
    ('Halinga'),
    ('Hallipaju'),
    ('Hammaste'),
    ('Hanguse'),
    ('Hara'),
    ('Hargla'),
    ('Hauaneeme'),
    ('Heimtali'),
    ('Helda'),
    ('Hellekunnu'),
    ('Hellenurme'),
    ('Helmküla'),
    ('Hilana'),
    ('Himma'),
    ('Himmaste'),
    ('Hinsa'),
    ('Holstre'),
    ('Hummuli'),
    ('Huuksi'),
    ('Häidaste'),
    ('Hälvati'),
    ('Härjanurme'),
    ('Hürsi'),
    ('Igavere'),
    ('Igrise'),
    ('Ihasalu'),
    ('Illevere'),
    ('Illuka'),
    ('Ilmjärve'),
    ('Imastu'),
    ('Imatu'),
    ('Imavere'),
    ('Imste'),
    ('Ingliste'),
    ('Irvala'),
    ('Jaamistõ'),
    ('Jalukse'),
    ('Jauni'),
    ('Jugo'),
    ('Juminda'),
    ('Junnküla'),
    ('Jõepere'),
    ('Jõesuu'),
    ('Jõetaguse'),
    ('Jõhvi'),
    ('Jädivere'),
    ('Jäneda'),
    ('Järavere'),
    ('Järise'),
    ('Järva-Jaani'),
    ('Järve'),
    ('Järvepää'),
    ('Kaalepi'),
    ('Kaarli'),
    ('Kaasiku'),
    ('Kaberla'),
    ('Kabli'),
    ('Kadapiku'),
    ('Kaerepere'),
    ('Kaersoo'),
    ('Kagavere'),
    ('Kahala'),
    ('Kaiavere'),
    ('Kaidma'),
    ('Kaika'),
    ('Kalda'),
    ('Kalesi'),
    ('Kalitsa'),
    ('Kalle'),
    ('Kalme'),
    ('Kammeri'),
    ('Kandle'),
    ('Kannu'),
    ('Kantsi'),
    ('Kapra'),
    ('Kargaja'),
    ('Karijärve'),
    ('Karivärava'),
    ('Karja'),
    ('Karkuse'),
    ('Karste'),
    ('Karula'),
    ('Karuli'),
    ('Kasaritsa'),
    ('Kasispea'),
    ('Kassari'),
    ('Kasvandu'),
    ('Kauksi'),
    ('Kausi'),
    ('Kavastu'),
    ('Kedre'),
    ('Keeni'),
    ('Kehra'),
    ('Keika'),
    ('Keila-Joa'),
    ('Kereme'),
    ('Kergu'),
    ('Keri'),
    ('Keskküla'),
    ('Kesu'),
    ('Kiduspe'),
    ('Kihelkonna'),
    ('Kihlepa'),
    ('Kihme'),
    ('Kiideva'),
    ('Kiisa'),
    ('Kiiu-Aabla'),
    ('Kilgi'),
    ('Kiltsi'),
    ('Kinksi'),
    ('Kiraste'),
    ('Kirbla'),
    ('Kirbu'),
    ('Kirikuküla'),
    ('Kirimäe'),
    ('Kirna'),
    ('Kitseküla'),
    ('Kivi-Vigala'),
    ('Kiviloo'),
    ('Kiviõli'),
    ('Kliima'),
    ('Kloostri'),
    ('Kodijärve'),
    ('Kodru'),
    ('Koeru'),
    ('Kogula'),
    ('Kohala'),
    ('Kohtla'),
    ('Koidu'),
    ('Koigi'),
    ('Koigu'),
    ('Koimla'),
    ('Kokseri'),
    ('Koksvere'),
    ('Kokõmäe'),
    ('Kolga'),
    ('Kolga-Aabla'),
    ('Kolo'),
    ('Kolovina'),
    ('Kolpino'),
    ('Koluvere'),
    ('Konguta'),
    ('Konju'),
    ('Konsu'),
    ('Koobassaare'),
    ('Koogimäe'),
    ('Koordi'),
    ('Koosa'),
    ('Kose'),
    ('Kosselka'),
    ('Kostiranna'),
    ('Krantsova'),
    ('Kuigatsi'),
    ('Kuivajõe'),
    ('Kukevere'),
    ('Kukruse'),
    ('Kuksema'),
    ('Kuldre'),
    ('Kulisko'),
    ('Kunda'),
    ('Kura'),
    ('Kureküla'),
    ('Kuressaare'),
    ('Kurevere'),
    ('Kurjavere'),
    ('Kurtna'),
    ('Kurukse'),
    ('Kuura'),
    ('Kõiguste'),
    ('Kõldu'),
    ('Kõmmaste'),
    ('Kõnnu'),
    ('Kõo'),
    ('Kõoküla'),
    ('Kõpu'),
    ('Kõrbse'),
    ('Kõrgepalu'),
    ('Kõrkvere'),
    ('Kõrveküla'),
    ('Kõrvetaguse'),
    ('Kõõru'),
    ('Käravete'),
    ('Kärevere'),
    ('Kärstna'),
    ('Käru'),
    ('Käva'),
    ('Küllätüvä'),
    ('Kürema'),
    ('Laane'),
    ('Laasna'),
    ('Lahe'),
    ('Lahepera'),
    ('Lahu'),
    ('Laitse'),
    ('Laiuse'),
    ('Lalli'),
    ('Lapetukme'),
    ('Lasila'),
    ('Laukna'),
    ('Leedi'),
    ('Leesi'),
    ('Leevaku'),
    ('Lehtse'),
    ('Leie'),
    ('Leimani'),
    ('Leisi'),
    ('Lemsi'),
    ('Lepa'),
    ('Lepiku'),
    ('Levala'),
    ('Levalõpme'),
    ('Levi'),
    ('Lihula'),
    ('Liiva'),
    ('Linaküla'),
    ('Lindsi'),
    ('Linnamäe'),
    ('Linnuse'),
    ('Linte'),
    ('Lipa'),
    ('Litvina'),
    ('Livoonia'),
    ('Lohkuse'),
    ('Lokuta'),
    ('Loobu'),
    ('Loodna'),
    ('Looküla'),
    ('Luhamaa'),
    ('Luiga'),
    ('Lustivere'),
    ('Lõo'),
    ('Lõpemetsa'),
    ('Lõpolje'),
    ('Lõve'),
    ('Lõõla'),
    ('Lädina'),
    ('Lähtepea'),
    ('Länga'),
    ('Lüganuse'),
    ('Lümanda'),
    ('Lütä'),
    ('Maidla'),
    ('Marinu'),
    ('Matsi'),
    ('Meeksi'),
    ('Mehikoorma'),
    ('Merise'),
    ('Metsaküla'),
    ('Metsiku'),
    ('Metsküla'),
    ('Metsla'),
    ('Metstaguse'),
    ('Miiaste'),
    ('Mihkli'),
    ('Mikitamäe'),
    ('Moe'),
    ('Moldova'),
    ('Molnika'),
    ('Mooste'),
    ('Muda'),
    ('Muhu'),
    ('Mukri'),
    ('Muratsi'),
    ('Murikatsi'),
    ('Murruste'),
    ('Mustjala'),
    ('Mustla'),
    ('Mutiku'),
    ('Muuga'),
    ('Mõisaküla'),
    ('Mõndsi'),
    ('Mõnikuste'),
    ('Mõniste'),
    ('Mõtsakuru'),
    ('Mäeküla'),
    ('Mäetaguse'),
    ('Mäksa'),
    ('Mäla'),
    ('Mäliste'),
    ('Märjamaa'),
    ('Määranõmme'),
    ('Määsi'),
    ('Möldri'),
    ('Mürgi'),
    ('Müüsleri'),
    ('Nadalama'),
    ('Naelavere'),
    ('Naha'),
    ('Nahkanuia'),
    ('Naistevälja'),
    ('Napi'),
    ('Nava'),
    ('Neemisküla'),
    ('Neeruti'),
    ('Nehatu'),
    ('Ninase'),
    ('Nuhja'),
    ('Nuia'),
    ('Nurme'),
    ('Nuustaku'),
    ('Nõmme'),
    ('Nõmmküla'),
    ('Nõmpa'),
    ('Nõo'),
    ('Nõva'),
    ('Näpi'),
    ('Obinitsa'),
    ('Obriku'),
    ('Odiste'),
    ('Oe'),
    ('Oeti'),
    ('Ohakvere'),
    ('Ohekatku'),
    ('Ohepalu'),
    ('Ohtja'),
    ('Oina'),
    ('Oisu'),
    ('Ojaküla'),
    ('Ojamäe'),
    ('Ojasuu'),
    ('Olgaküla'),
    ('Ollepa'),
    ('Olli'),
    ('Olohova'),
    ('Oola'),
    ('Oomküla'),
    ('Oore'),
    ('Oparino'),
    ('Orava'),
    ('Orgemäe'),
    ('Orgita'),
    ('Orinõmme'),
    ('Oru'),
    ('Oti'),
    ('Paasiku'),
    ('Paduvere'),
    ('Paemurru'),
    ('Paenasti'),
    ('Paenküla'),
    ('Painküla'),
    ('Pahtpää'),
    ('Pala'),
    ('Paljasmaa'),
    ('Palmse'),
    ('Palo'),
    ('Palupera'),
    ('Pankjavitsa'),
    ('Paraküla'),
    ('Parasmetsa'),
    ('Parasmäe'),
    ('Parika'),
    ('Paslepa'),
    ('Peatskivi'),
    ('Pedaspea'),
    ('Peeri'),
    ('Peraküla'),
    ('Peri'),
    ('Perila-Liivaaugu'),
    ('Perjatsi'),
    ('Persikivi'),
    ('Pihla'),
    ('Piigaste'),
    ('Piilsi'),
    ('Piiri'),
    ('Piisupi'),
    ('Piiumetsa'),
    ('Pikasilla'),
    ('Pikavere'),
    ('Pikevere'),
    ('Pikva'),
    ('Pindi'),
    ('Pirmastu'),
    ('Pliia'),
    ('Poanse'),
    ('Poksa'),
    ('Polli'),
    ('Porkuni'),
    ('Prangli'),
    ('Prümli'),
    ('Puhkova'),
    ('Puhmu'),
    ('Puiatu'),
    ('Puise'),
    ('Puista'),
    ('Pullevere'),
    ('Punase Lageda'),
    ('Punnissaare'),
    ('Puramäe'),
    ('Purtse'),
    ('Puru'),
    ('Pusi'),
    ('Putkaste'),
    ('Puurmanni'),
    ('Põdrangu'),
    ('Põhjaka'),
    ('Põikva'),
    ('Põlde'),
    ('Põlula'),
    ('Põrstõ'),
    ('Päelda'),
    ('Päidla'),
    ('Päite'),
    ('Päovere'),
    ('Pärassaare'),
    ('Pärnu'),
    ('Pääsna'),
    ('Pöögle'),
    ('Pööra'),
    ('Pühaste'),
    ('Püssi'),
    ('Raadama'),
    ('Raasilla'),
    ('Radaja'),
    ('Rahtla'),
    ('Rahuste'),
    ('Raigastvere'),
    ('Raigla'),
    ('Raitla'),
    ('Rakke'),
    ('Randivälja'),
    ('Randvere'),
    ('Ranna'),
    ('Rannapungerja'),
    ('Rannu'),
    ('Rapla'),
    ('Rastla'),
    ('Raudi'),
    ('Rebase'),
    ('Rebu'),
    ('Rehatse'),
    ('Rehe'),
    ('Reidipõllu'),
    ('Retla'),
    ('Ridaküla'),
    ('Ridasi'),
    ('Riisa'),
    ('Risti'),
    ('Ristiküla'),
    ('Rohu'),
    ('Rooküla'),
    ('Roosna-Alliku'),
    ('Roostoja'),
    ('Rootsi'),
    ('Rootsiküla'),
    ('Rootsivere'),
    ('Rummu'),
    ('Rutja'),
    ('Ruusmäe'),
    ('Rõbikova'),
    ('Rõhu'),
    ('Rõsna'),
    ('Rõstla'),
    ('Räsna'),
    ('Rääptsova'),
    ('Saanika'),
    ('Saasna'),
    ('Saatse'),
    ('Sabelina'),
    ('Saburi'),
    ('Saetsuva'),
    ('Saha'),
    ('Saka'),
    ('Saksa'),
    ('Saksi'),
    ('Salla'),
    ('Salme'),
    ('Salmistu'),
    ('Salutaguse'),
    ('Sambu'),
    ('Samma'),
    ('Sangla'),
    ('Sargvere'),
    ('Sarise'),
    ('Saru'),
    ('Sauga'),
    ('Saurova'),
    ('Sauvere'),
    ('Savilepa'),
    ('Savira'),
    ('Seidla'),
    ('Selgase'),
    ('Selise'),
    ('Seliste'),
    ('Selli'),
    ('Sepa'),
    ('Seretsüvä'),
    ('Serga'),
    ('Sigula'),
    ('Sika'),
    ('Silla'),
    ('Sinalepa'),
    ('Sindi'),
    ('Sirtsi'),
    ('Sivaći'),
    ('Soelaanõ'),
    ('Soeva'),
    ('Sokolova'),
    ('Sompa'),
    ('Sooaluste'),
    ('Soomevere'),
    ('Soomra'),
    ('Soonda'),
    ('Sootaga'),
    ('Sootaguse'),
    ('Sudiste'),
    ('Suislepa'),
    ('Sulustvere'),
    ('Suurejõe'),
    ('Suurekõrve'),
    ('Suuremõisa'),
    ('Suure-Kareda'),
    ('Suure-Nedsaja'),
    ('Suurküla'),
    ('Suurpea'),
    ('Säkna'),
    ('Säpina'),
    ('Säre'),
    ('Särevere'),
    ('Sääre'),
    ('Sääreküla'),
    ('Sääritsa'),
    ('Sürgavere'),
    ('Taevere'),
    ('Taga-Võõbu'),
    ('Tagula'),
    ('Tahkuranna'),
    ('Tahu'),
    ('Tahula'),
    ('Talka'),
    ('Tammese'),
    ('Tammiku'),
    ('Tammispea'),
    ('Tammispää'),
    ('Tammiste'),
    ('Tammistu'),
    ('Tammneeme'),
    ('Tamsi'),
    ('Tapa'),
    ('Tapiku'),
    ('Tapurla'),
    ('Tarumaa'),
    ('Tedre'),
    ('Teenuse'),
    ('Tessova'),
    ('Tiirhanna'),
    ('Tiirimetsa'),
    ('Tohera'),
    ('Toila'),
    ('Tonja'),
    ('Toomika'),
    ('Tooste'),
    ('Tootsi'),
    ('Torila'),
    ('Tornimäe'),
    ('Tossumetsa'),
    ('Treiali'),
    ('Treimani'),
    ('Treski'),
    ('Triigi'),
    ('Truba'),
    ('Trõnne'),
    ('Tsirgumäe'),
    ('Tudu'),
    ('Tudulinna'),
    ('Tuplova'),
    ('Turbuneeme'),
    ('Turuküla'),
    ('Tusti'),
    ('Tõdva'),
    ('Tõhela'),
    ('Tõlliste'),
    ('Tõrdu'),
    ('Tõrma'),
    ('Tõrve'),
    ('Tõstamaa'),
    ('Tõusi'),
    ('Tähemaa'),
    ('Tänassilma'),
    ('Tääglova'),
    ('Töganitsa'),
    ('Türju'),
    ('Udria'),
    ('Udriku'),
    ('Uduvere'),
    ('Uibujärve'),
    ('Uku'),
    ('Ulila'),
    ('Undla'),
    ('Uniküla'),
    ('Unkavitsa'),
    ('Usinitsa'),
    ('Uueküla'),
    ('Uuemõisa'),
    ('Uue-Suistle'),
    ('Uuri'),
    ('Uusküla'),
    ('Uusna'),
    ('Vaabina'),
    ('Vaasu'),
    ('Vahakulmu'),
    ('Vahastu'),
    ('Vaiatu'),
    ('Vaimastvere'),
    ('Vainupea'),
    ('Vaivere'),
    ('Vaivina'),
    ('Valaste'),
    ('Valasti'),
    ('Valgjärve'),
    ('Valguta'),
    ('Valkla'),
    ('Valma'),
    ('Valtu'),
    ('Vana-Antsla'),
    ('Vanaaseme'),
    ('Vanakubja'),
    ('Vanaküla'),
    ('Vanamõisa'),
    ('Vana-Roosa'),
    ('Vandjala'),
    ('Vandu'),
    ('Vao'),
    ('Varangu'),
    ('Varesmäe'),
    ('Vareste'),
    ('Vasilde'),
    ('Vasla'),
    ('Vastemõisa'),
    ('Vastse-Antsla'),
    ('Vastse-Otepää'),
    ('Vasula'),
    ('Vatku'),
    ('Vatla'),
    ('Vedernika'),
    ('Vedra'),
    ('Vejnali'),
    ('Veneküla'),
    ('Venevere'),
    ('Veretinä'),
    ('Verevi'),
    ('Verhulitsa'),
    ('Veskiküla'),
    ('Vetepere'),
    ('Vetla'),
    ('Vidrike'),
    ('Vihasoo'),
    ('Vihula'),
    ('Viinistu'),
    ('Viira'),
    ('Viisu'),
    ('Viljandi'),
    ('Vilo'),
    ('Viruvere'),
    ('Virve'),
    ('Vissuvere'),
    ('Visusti'),
    ('Vitsiku'),
    ('Vivva'),
    ('Voka'),
    ('Vologda'),
    ('Vuti'),
    ('Võhma'),
    ('Võhmetu'),
    ('Võhmuta'),
    ('Võide'),
    ('Võiküla'),
    ('Võipere'),
    ('Võisiku'),
    ('Võlla'),
    ('Võmmorski'),
    ('Võnnu'),
    ('Võntküla'),
    ('Võpolsova'),
    ('Võrnu'),
    ('Võuküla'),
    ('Võõpsu'),
    ('Väike-Kalju'),
    ('Väike-Kareda'),
    ('Väike-Lähtru'),
    ('Väike-Puiatu'),
    ('Väike-Rõsna'),
    ('Väike-Saka'),
    ('Väluste'),
    ('Värska'),
    ('Väätsa'),
    ('Õisu'),
    ('Õvanurme'),
    ('Ähijärve'),
    ('Ämbra'),
    ('Ämmuste'),
    ('Änari'),
    ('Ärina'),
    ('Öötla'),
    ('Ülensi'),
    ('Üru')
    ;

INSERT INTO folk_tune.actual_performance_types (title, description)
VALUES 
    ('Ü', 'Üksi'),
    ('E+K', 'Eeslaulja ja koor'),
    ('E+Ü', 'Ees- ja järellaulja'),
    ('R', 'Rühmalaul'),
    ('Ka', 'Kahekesi, ilma ees- ja järellaulmiseta'),
    ('ei ole võimalik määratleda', NULL), 
    ('määramata', NULL), 
    ('teadmata', NULL)
; 

INSERT INTO folk_tune.traditional_performance_types (title, description)
VALUES
    ('Ü', 'Üksi'),
    ('E+K', 'Eeslaulja ja koor'),
    ('E+Ü', 'Ees- ja järellaulja'),
    ('R', 'Rühmalaul'),
    ('Ka', 'Kahekesi, ilma ees- ja järellaulmiseta'),
    ('ei ole võimalik määratleda', NULL), 
    ('määramata', NULL), 
    ('teadmata', NULL)
;

INSERT INTO folk_tune.actual_action_types (title, description)
VALUES
    ('hällitades', NULL), 
    ('hüpitades (last)', NULL), 
    ('istudes', NULL), 
    ('jalarõhk', NULL), 
    ('kaar', NULL), 
    ('kiikudes', NULL), 
    ('kolonn (üksteise taga)', NULL), 
    ('kulg', NULL), 
    ('käerõhk', NULL), 
    ('mängitades', NULL), 
    ('pöör (setu)', NULL), 
    ('rida', NULL), 
    ('ring (lahtine)', NULL), 
    ('rinnati', NULL), 
    ('seistes', NULL), 
    ('sõõr (kinnine)', NULL), 
    ('tammudes', NULL), 
    ('tantsides', NULL),
    ('vibutades', 'nt sirpi'),
    ('viirg (kõrvuti)', NULL), 
    ('õõtsudes', NULL), 
    ('ei ole võimalik määratleda', NULL), 
    ('määramata', NULL), 
    ('teadmata', NULL)
;

INSERT INTO folk_tune.traditional_action_types (title, description)
VALUES
    ('hällitades', NULL), 
    ('hüpitades (last)', NULL), 
    ('istudes', NULL), 
    ('jalarõhk', NULL), 
    ('kaar', NULL), 
    ('kiikudes', NULL), 
    ('kolonn (üksteise taga)', NULL), 
    ('kulg', NULL), 
    ('käerõhk', NULL), 
    ('mängitades', NULL),
    ('pöör (setu)', NULL), 
    ('rida', NULL), 
    ('ring (lahtine)', NULL), 
    ('rinnati', NULL), 
    ('seistes', NULL), 
    ('sõõr (kinnine)', NULL), 
    ('tammudes', NULL), 
    ('tantsides', NULL), 
    ('vibutades', 'nt sirpi'),
    ('viirg (kõrvuti)', NULL), 
    ('õõtsudes', NULL), 
    ('ei ole võimalik määratleda', NULL), 
    ('määramata', NULL), 
    ('teadmata', NULL)
;
  
INSERT INTO folk_tune.song_genres (parent_id, title, description, lft, rght)
VALUES 
    (NULL, 'hääl', NULL, 1, 12),
    (1, 'hääl_muu', NULL, 2, 3),
    (1, 'linnu', NULL, 4, 5),
    (1, 'loodus', NULL, 6, 7),
    (1, 'pilli', NULL, 8, 9),
    (1, 'talu', NULL, 10, 11),
    (NULL, 'hüüded', NULL, 13, 20),
    (7, 'helletus', NULL, 14, 15),
    (7, 'hüüded_muu', NULL, 16, 17),
    (7, 'karja', NULL, 18, 19),
    (NULL, 'itk', NULL, 21, 30),
    (11, 'juhu', NULL, 22, 23),
    (11, 'nekruti', NULL, 24, 25),
    (11, 'pulma', NULL, 26, 27),
    (11, 'surnu', NULL, 28, 29),
    (NULL, 'jutulaul', NULL, 31, 36),
    (16, 'jutt_muu', NULL, 32, 33),
    (16, 'muinasjutt', NULL, 34, 35),
    (NULL, 'jutustav', NULL, 37, 42),
    (19, 'meeste', NULL, 38, 39),
    (19, 'naiste', NULL, 40, 41),
    (NULL, 'kal', NULL, 43, 62),
    (22, 'jaani', NULL, 44, 45),
    (22, 'jõulu', NULL, 46, 47),
    (22, 'jüri', NULL, 48, 49),
    (22, 'kadri', NULL, 50, 51),
    (22, 'kiige', NULL, 52, 53),
    (22, 'mardi', NULL, 54, 55),
    (22, 'muu_kal', NULL, 56, 57),
    (22, 'urbe', NULL, 58, 59),
    (22, 'vastla', NULL, 60, 61),
    (NULL, 'laste', NULL, 63, 76),
    (32, 'ahel', NULL, 64, 65),
    (32, 'hälli', NULL, 64, 65),
    (32, 'hüpitus', NULL, 66, 67),
    (32, 'laste', NULL, 68, 69),
    (32, 'mängitus', NULL, 70, 71),
    (32, 'mängu', NULL, 72, 73),
    (NULL, 'loits', NULL, 74, 75),
    (39, 'muu_loits', NULL, 77, 84),
    (39, 'ravi', NULL, 78, 79),
    (39, 'töö', NULL, 82, 83),
    (NULL, 'lüürika', NULL, 85, 90),
    (43, 'meeste', NULL, 86, 87),
    (43, 'naiste', NULL, 88, 89),
    (NULL, 'pidu', NULL, 91, 102),
    (46, 'mängu', NULL, 92, 93),
    (46, 'praasnik', NULL, 94, 95),
    (46, 'pulma', NULL, 96, 97),
    (46, 'tantsu', NULL, 98, 99),
    (46, 'varru', NULL, 100, 101),
    (NULL, 'pidu_laste', NULL, 103, 106),
    (52, 'mängu', NULL, 104, 105),
    (NULL, 'töö', NULL, 107, 130),
    (54, 'heina', NULL, 108, 109),
    (54, 'kaluri', NULL, 110, 111),
    (54, 'karja', NULL, 112, 113),
    (54, 'ketrus', NULL, 114, 115),
    (54, 'lõikus', NULL, 116, 117),
    (54, 'lüps', NULL, 118, 119),
    (54, 'marja', NULL, 120, 121),
    (54, 'muu_töö', NULL, 122, 123),
    (54, 'talgu', NULL, 124, 125),
    (54, 'või', NULL, 126, 127),
    (54, 'õitsi', NULL, 128, 129),
    (NULL, 'uuem rahvalaul', NULL, 131, 144),
    (66, 'külalaul', NULL, 132, 133),
    (66, 'paroodiad', NULL, 134, 135),
    (66, 'ringmängu', NULL, 136, 137),
    (66, 'sentiment', 'sentimentaalsed laulud (armastus, üksindus, uuemad vaeslapselaulud)', 138, 139),
    (66, 'sõja_vangi', NULL, 140, 141),
    (66, 'vaimulikud', NULL, 142, 143),
    (NULL, 'vaimulik', NULL, 145, 146),
    (NULL, 'ei ole võimalik määratleda', NULL, 147, 148),
    (NULL, 'määramata', NULL, 149, 150),
    (NULL, 'teadmata', NULL, 151, 152)
;

INSERT INTO folk_tune.tune_genres (parent_id, title, description, lft, rght)
VALUES 
    (NULL, 'hääl', NULL, 1, 12),
    (1, 'hääl_muu', NULL, 2, 3),
    (1, 'linnu', NULL, 4, 5),
    (1, 'loodus', NULL, 6, 7),
    (1, 'pilli', NULL, 8, 9),
    (1, 'talu', NULL, 10, 11),
    (NULL, 'hüüded', NULL, 13, 20),
    (7, 'helletus', NULL, 14, 15),
    (7, 'hüüded_muu', NULL, 16, 17),
    (7, 'karja', NULL, 18, 19),
    (NULL, 'itk', NULL, 21, 30),
    (11, 'juhu', NULL, 22, 23),
    (11, 'nekruti', NULL, 24, 25),
    (11, 'pulma', NULL, 26, 27),
    (11, 'surnu', NULL, 28, 29),
    (NULL, 'jutulaul', NULL, 31, 36),
    (16, 'jutt_muu', NULL, 32, 33),
    (16, 'muinasjutt', NULL, 34, 35),
    (NULL, 'jutustav', NULL, 37, 42),
    (19, 'meeste', NULL, 38, 39),
    (19, 'naiste', NULL, 40, 41),
    (NULL, 'kal', NULL, 43, 62),
    (22, 'jaani', NULL, 44, 45),
    (22, 'jõulu', NULL, 46, 47),
    (22, 'jüri', NULL, 48, 49),
    (22, 'kadri', NULL, 50, 51),
    (22, 'kiige', NULL, 52, 53),
    (22, 'mardi', NULL, 54, 55),
    (22, 'muu_kal', NULL, 56, 57),
    (22, 'urbe', NULL, 58, 59),
    (22, 'vastla', NULL, 60, 61),
    (NULL, 'laste', NULL, 63, 76),
    (32, 'ahel', NULL, 64, 65),
    (32, 'hälli', NULL, 64, 65),
    (32, 'hüpitus', NULL, 66, 67),
    (32, 'laste', NULL, 68, 69),
    (32, 'mängitus', NULL, 70, 71),
    (32, 'mängu', NULL, 72, 73),
    (NULL, 'loits', NULL, 74, 75),
    (39, 'muu_loits', NULL, 77, 84),
    (39, 'ravi', NULL, 78, 79),
    (39, 'töö', NULL, 82, 83),
    (NULL, 'lüürika', NULL, 85, 90),
    (43, 'meeste', NULL, 86, 87),
    (43, 'naiste', NULL, 88, 89),
    (NULL, 'pidu', NULL, 91, 102),
    (46, 'mängu', NULL, 92, 93),
    (46, 'praasnik', NULL, 94, 95),
    (46, 'pulma', NULL, 96, 97),
    (46, 'tantsu', NULL, 98, 99),
    (46, 'varru', NULL, 100, 101),
    (NULL, 'pidu_laste', NULL, 103, 106),
    (52, 'mängu', NULL, 104, 105),
    (NULL, 'töö', NULL, 107, 130),
    (54, 'heina', NULL, 108, 109),
    (54, 'kaluri', NULL, 110, 111),
    (54, 'karja', NULL, 112, 113),
    (54, 'ketrus', NULL, 114, 115),
    (54, 'lõikus', NULL, 116, 117),
    (54, 'lüps', NULL, 118, 119),
    (54, 'marja', NULL, 120, 121),
    (54, 'muu_töö', NULL, 122, 123),
    (54, 'talgu', NULL, 124, 125),
    (54, 'või', NULL, 126, 127),
    (54, 'õitsi', NULL, 128, 129),
    (NULL, 'uuem rahvalaul', NULL, 131, 144),
    (66, 'külalaul', NULL, 132, 133),
    (66, 'paroodiad', NULL, 134, 135),
    (66, 'ringmängu', NULL, 136, 137),
    (66, 'sentiment', 'sentimentaalsed laulud (armastus, üksindus, uuemad vaeslapselaulud)', 138, 139),
    (66, 'sõja_vangi', NULL, 140, 141),
    (66, 'vaimulikud', NULL, 142, 143),
    (NULL, 'vaimulik', NULL, 145, 146),
    (NULL, 'ei ole võimalik määratleda', NULL, 147, 148),
    (NULL, 'määramata', NULL, 149, 150),
    (NULL, 'teadmata', NULL, 151, 152)
;

INSERT INTO folk_tune.song_topics (parent_id, title, description, lft, rght)
VALUES
    (NULL, 'töö', 'tööd, tegevused', 1, 94),
    (1, 'kari', 'karjatamine, kari, karjane', 2, 3),
    (1, 'õits', 'õitsilkäimine', 4, 5),
    (1, 'hein', 'heinatööd', 6, 7),
    (1, 'kütis', 'kütis', 8, 9),
    (1, 'künd', 'künd', 10, 11),
    (1, 'külv', 'külv', 12, 13),
    (1, 'sõnnik', 'sõnnikulaotamine', 14, 15),
    (1, 'lõikus', 'lõikus', 16, 17),
    (1, 'lina', 'linatööd', 18, 19),
    (1, 'rehepeks', 'rehepeks', 20, 21),
    (1, 'talgud', 'talgud', 22, 23),
    (1, 'lüps', 'lüpsmine', 24, 25),
    (1, 'või', 'võitegu', 26, 27),
    (1, 'jahvatus', 'jahvatamine (käsikivi, veski)', 28, 29),
    (1, 'söögitegu', 'keetmine, küpsetamine', 30, 31),
    (1, 'joogitegu', 'taari ja õlle valmistamine', 32, 33),
    (1, 'lambaniitmine', 'lambaniitmine', 34, 35),
    (1, 'kraasimine, ketrus', 'kraasimine, ketrus', 36, 37),
    (1, 'kangakudumine', 'kangakudumine', 38, 39),
    (1, 'vanutamine, uhtumine', 'vanutamine, uhtumine', 40, 41),
    (1, 'õmblemine', 'õmblemine', 42, 43),
    (1, 'pesupesemine', 'pesupesemine', 44, 45),
    (1, 'koristamine', 'koristamine, pühkimine', 46, 47),
    (1, 'riietus, ehted', 'riietumine, ehtimine, rõivad, ehted', 48, 49),
    (1, 'juuksed', 'juustelõikamine, peasugemine, juuksed, peahari', 50, 51),
    (1, 'saun', 'saun, leil, saunaskäimine, vihtlemine', 52, 53),
    (1, 'ravimine, haigused', 'arstimine, arst, tervis, haigus, trauma, ussihammustus jne', 54, 55),
    (1, 'nõidumine, ennustamine', 'nõidumine, ennustamine', 56, 57),
    (1, 'mäng', 'mängimine', 58, 59),
    (1, 'tuli', 'tuletegemine, tuli', 60, 61),
    (1, 'külalised', 'külaskäimine, külalised', 62, 63),
    (1, 'söök-jook', 'söömine-joomine, söögid-joogid', 64, 65),
    (1, 'viin, kõrts, joodik', 'viin, kõrts, joodik', 66, 67),
    (1, 'piip, tubakas', 'piip, tubakas', 68, 69),
    (1, 'kiik', 'kiikumine, kiigelkäimine, kiik', 70, 71),
    (1, 'sanditamine', 'sanditamine', 72, 73),
    (1, 'liulaskmine', 'liulaskmine', 74, 75),
    (1, 'laul', 'laulmine, laul, laulik', 76, 77),
    (1, 'pill', 'pillimäng, pillimees, pillid', 78, 79),
    (1, 'tants', 'tantsimine', 80, 81),
    (1, 'teekond', 'teekäimine, teekond', 82, 83),
    (1, 'hobune', 'hobune, sõit hobusega, veod', 84, 85),
    (1, 'laev, paat', 'laeva-, paadisõit', 86, 87),
    (1, 'ost-müük, laen', 'linnas turul, poes käimine; ost-müük, laenamine', 88, 89),
    (1, 'kalur', 'kalapüük, kalur, kalad', 90, 91),
    (1, 'jaht', 'jaht, jahimees, jahiloomad', 92, 93),
    (NULL, 'kal', 'kalendripühad ja tähtpäevad', 95, 112),
    (48, 'jõulud', 'jõulud, näärid', 96, 97),
    (48, 'vastla', 'vastlad', 98, 99),
    (48, 'lihavõtted', 'lihavõtted', 100, 101),
    (48, 'jaani', 'jaanipäev', 102, 103),
    (48, 'mardi', 'mardipäev', 104, 105),
    (48, 'kadri', 'kadripäev', 106, 107),
    (48, 'külapühad', 'külapühad (praasnikud)', 108, 109),
    (48, 'muu_kal', 'muud kalendripühad', 110, 111),
    (NULL, 'pere', 'abielu, perekond', 113, 132),
    (57, 'laps', 'laps (kandmine, sünnitamine, hällitamine, hoidmine, kasvatamine)', 114, 115),
    (57, 'neiu ja kodu', 'kodu, kasvupõli, neiupõli, kodust lahkumine', 116, 117),
    (57, 'vaeslaps', 'vaeslaps', 118, 119),
    (57, 'poisid-tüdrukud', 'poisid ja tüdrukud (poiste kiitus ja pilge, vanapoiss, poissmees, neidude kiitus ja pilge, vanatüdruk)', 120, 121),
    (57, 'suhted', 'kaasavalik, armastus, kosjad', 122, 123),
    (57, 'pulmad', 'pulmad (st laulud, milles juttu pulmadest või mis kirjeldavad üksikuid pulmakombeid jne)', 124, 125),
    (57, 'abielu', 'abielu, mees ja naine, isa- ja mehekodu', 126, 127),
    (57, 'lesk', 'lesk', 128, 129),
    (57, 'muud peresuhted', 'perekonnasuhted üldiselt, õed-vennad, vanemad lapsed', 130, 131),
    (NULL, 'elumured', 'elu hooled ja mured', 133, 148),
    (67, 'virkus-laiskus', 'töökus ja laiskus, väsimus ja puhkus, uni', 134, 135),
    (67, 'tüli', 'laim, tüli ja riid', 136, 137),
    (67, 'õnnetus', 'õnnetused, äpardused', 138, 139),
    (67, 'nälg', 'nälg', 140, 141),
    (67, 'surm', 'surm', 142, 143),
    (67, 'kurbus', 'mure, kurbus, lein', 144, 145),
    (67, 'saatus', 'tundmatu tulevik, elusaatus', 146, 147),
    (NULL, 'ühiskond', 'Sotsiaalsed kihistused, ühiskondlikud suhted, ajaloolised sündmused', 149, 166),
    (75, 'mõis', 'mõisaorjus (ja kõik sellega seotu)', 150, 151),
    (75, 'peremees-sulane', 'peremees, sulane, saunik', 152, 153),
    (75, 'rikas-vaene', 'rikas ja vaene', 154, 155),
    (75, 'kerjus', 'kerjus', 156, 157),
    (75, 'linn', 'linn', 158, 159),
    (75, 'nekrut', 'nekrut, soldat, sõda', 160, 161),
    (75, 'kuningas', 'kuningad, keisrid jms', 162, 163),
    (75, 'kirik', 'kirik, kirikuõpetaja, köster', 164, 165),
    (NULL, 'usund', 'usk ja mütoloogia', 167, 174),
    (84, 'müüdid', 'müütilised sündmused (tekkelood jms)', 168, 169),
    (84, 'ristiusk', 'ristiusukujutelmad, piiblitegelased', 170, 171),
    (84, 'uskumused-olendid', 'mitmesugused rahvausundilised kujutelmad ja uskumusolendid', 172, 173),
    (NULL, 'loodus', 'loodus', 175, 188),
    (88, 'taevakehad, loodusjõud', 'taevakehad, loodusjõud', 176, 177),
    (88, 'ilmastik, aastaajad', 'ilmastik, aastaajad', 178, 179),
    (88, 'maastik', 'maastikuobjektid (veekogud, mäed jms)', 180, 181),
    (88, 'taimed', 'taimed (ka kultuurtaimed)', 182, 183),
    (88, 'puud', 'puud, mets', 184, 185),
    (88, 'loomad', 'linnud, loomad, putukad', 186, 187),
    (NULL, 'ei ole võimalik määratleda', NULL, 189, 190),
    (NULL, 'teadmata', NULL, 191, 192),
    (NULL, 'määramata', NULL, 193, 194)
;

INSERT INTO folk_tune.verse_forms (title, description)
VALUES
    ('runo', 'runolaul (regivärss)'),
    ('siird', 'siirdevormiline'),
    ('riim', 'lõppriimiline'),
    ('rõhuline', 'rõhuline värss (itk, loits, vaimulik värsilugemine vms)'),
    ('asem', 'asemantilistest silpidest või vokaalidest koosnev (huiked, joiud jne)'),
    ('muu_v', 'muud vormid')
;

INSERT INTO folk_tune.sound_ranges (title)
VALUES
    ('1'),
    ('10s'),
    ('10v'),
    ('11'),
    ('11s'),
    ('11v'),
    ('12'),
    ('12s'),
    ('12v'),
    ('2'),
    ('2s'),
    ('2v'),
    ('3'),
    ('3[6s]'),
    ('3s'),
    ('3s[6s]'),
    ('3v'),
    ('4'),
    ('4[5]'),
    ('4[5>]'),
    ('4[5v]'),
    ('4[6v]'),
    ('4[7s]'),
    ('4[7v]'),
    ('4[9v]'),
    ('4<'),
    ('5'),
    ('5[6s]'),
    ('5[8]'),
    ('5>'),
    ('5>[7s]'),
    ('5>[8]'),
    ('6'),
    ('6s'),
    ('6s[7s]'),
    ('6s[8]'),
    ('6v'),
    ('6v[10v]'),
    ('6v[5]'),
    ('6v[7v]'),
    ('6v[8]'),
    ('7'),
    ('7s'),
    ('7v'),
    ('8'),
    ('8[7v]'),
    ('9s'),
    ('9v'),
    ('ei ole võimalik määratleda'),
    ('määramata'),
    ('teadmata')
;

INSERT INTO folk_tune.tune_forms (title, description)
VALUES
    ('1', 'Üherealine'),
    ('1 või 2', 'Ühe- või kaherealine viis'),
    ('1[2]', 'Põhiliselt üherealine, laulu sees kohati kaherealine'),
    ('1[2]R1', 'Põhiliselt üherealine, kohati kaherealine, üherealise refrääniga'),
    ('1[2]R1/2', 'Põhiliselt üherealine, kohati kaherealine, poolerealise refrääniga'),
    ('1R1', 'Üherealine viis üherealise refrääniga'),
    ('1R1/2', 'Üherealine viis poolerealise refrääniga'),
    ('1Rpikk', 'Üherealine viis pikema refrääniga'),
    ('1Rsise', 'Üherealine viis, refräänsõna on viisirea sees ja lõpus'),
    ('2', 'Kaherealine'),
    ('2 või 4', 'Kahe- või neljarealine viis'),
    ('2[1]', 'Põhiliselt kaherealine, laulu sees kohati üherealine'),
    ('2[3]', 'Põhiliselt kaherealine, kohati kolmerealine'),
    ('2[4]', 'Põhiliselt kaherealine, kohati neljarealine'),
    ('2R1', 'Kaherealine viis üherealise refrääniga'),
    ('2R1/2', 'Kaherealine viis poolerealise refrääniga'),
    ('2R1eri', 'Kaherealine viis üherealise refrääniga, kummagi viisirea järel on erinev refrään'),
    ('2R2', 'Kaherealine viis kaherealise refrääniga'),
    ('2Reri', 'Kaherealine viis, kummagi viisirea järel on eri pikkusega refrään'),
    ('2Rsise', 'Kaherealine viis, refräänsõna on viisiridade sees ja lõpus'),
    ('3', 'Kolmerealine viis'),
    ('3[2]', 'Kolmerealine viis, kohati kaherealine'),
    ('4', 'Neljarealine viis'),
    ('ebaregulaarne', 'Ebaregulaarne vorm')
;

INSERT INTO folk_tune.text_forms (title, description)
VALUES
    ('A', 'Värsse lauldakse järjest'),
    ('A[AB]', 'Värsse lauldakse järjest, aga mõnikord moodustuvad paarid'),
    ('AA', 'Värsse korratakse'),
    ('AA või AABB', 'Korratakse järgemööda kas üksikuid värsse või värsipaaride eri pooli'),
    ('AA või muu', 'Värsse arvatavasti korratakse, aga pole piisavalt teavet'),
    ('AA, AB', 'Mõnikord lauldakse värsse järjestikku, mõnikord korratakse'),
    ('AA[AB]', 'Värsse enamasti korratakse, mõnikord lauldakse paarikaupa'),
    ('AAB', 'Värssi korratakse ja selle järle lauldakse üksik värss'),
    ('AABB', 'Värsipaari esimest ja teist värssi korratakse eraldi'),
    ('AB', 'Värsse lauldakse paarikaupa'),
    ('AB või ABAB', 'Lauldakse värsipaar või terveiid värsipaare korratakse'),
    ('AB või ABCD', 'Värsse lauldakse paarikaupa või neljakaupa'),
    ('AB või muu', 'Värsse arvatavasti lauldakse paarikaupa, aga pole piisavalt teavet'),
    ('AB[AA]', 'Värsse enamasti lauldakse paarikaupa, mõnikord aga korratakse värssi teise visiireaga'),
    ('AB[ABAB]', 'Värsse lauldakse järjest paarikaupa, aga mõnda värsipaari ka korratakse'),
    ('AB[ABC]', 'Värsse lauldakse paarikaupa, aga mõnikord kolmekaupa'),
    ('ABAB', 'Värsipaari korratakse'),
    ('ABAB[AA]', 'Värsipaari korratakse, aga mõnikord korratakse üksikut värssi'),
    ('ABB', 'Lauldakse üks värss ja seejärel kaks korda teine'),
    ('ABC', 'Värsse lauldakse kolmikute kaupa'),
    ('ABCC', 'Lauldakse värsipaar ja seejärel kaks korda üksik värss'),
    ('ABCD', 'Värsid lauldakse neljakaupa'),
    ('ABCD EFEF', 'Lauldakse neli värssi ja siis korratakse järgnevat värsipaari'),
    ('ABCDEF', 'Lauldakse 6 värssi'),
    ('ABR', 'Värsipaar ja refrään'),
    ('ABRB', 'Üks värss, teine värss, refrään, teine värss'),
    ('AR', 'Lauldakse värss ja refrään'),
    ('ARAR', 'Värssi ja refrääni korratakse'),
    ('ARBR', 'Üks värss, refrään, teine värss, refrään'),
    ('ASR', 'Siserefrääniga struktuur: Värsi vahel ja lõpus võib olla refräänsõnu.'),
    ('ebaregulaarne', 'Ebaregulaarne vorm'),
    ('muu', 'Muud teadmata või kirjeldamata regulaarsed vormid.'),
    ('XXXY', 'Poolvärssidest koosnev struktuur on kahe värsi pikkune. Lauldakse: 3x esimene värsipool X + teine värsipool Y.'),
    ('XXY', 'Väike täht tähendab poolvärssi, seega struktuur on 1,5 värsi pikkune. Lauldakse: 2x esimene värsipool X + teine värsipool Y.'),
    ('XYXZ', 'Poolvärssidest koosnev struktuur on kahe värsi pikkune. Lauldakse esimene värsipool X + teine värsipool Y + uuesti esimene värsipool X ja uus teine värsipool Z.')
;

INSERT INTO folk_tune.rhythm_types (title)
VALUES
    ('1'),
    ('5'),
    ('2')
;
INSERT INTO folk_tune.transcription_sources (title)
VALUES
    ('noot'),
    ('heli'),
    ('video')
;

INSERT INTO folk_tune.transcription_person_role_types (title)
VALUES
    ('noodistaja'),
    ('litereerija'),
    ('noodigraafik'),
    ('toimetaja')
;

INSERT INTO folk_tune.key_signatures (title) 
VALUES 
    ('#f')
;





INSERT INTO persons (pid,given_name,surname,nickname,birth_year,death_year,sex_id,remarks) VALUES
	 (NULL,'J.','Polakess',NULL,NULL,NULL,3,NULL),
	 (NULL,'Aino','Strutzkin',NULL,NULL,NULL,3,NULL),
	 (NULL,'Liisu','Maisa',NULL,NULL,NULL,2,NULL),
	 (NULL,'Mari','Neumanoff',NULL,NULL,NULL,2,NULL),
	 (NULL,'Jüri','Pallas',NULL,NULL,NULL,1,NULL),
	 (NULL,'Jaan','Kääpasuu',NULL,NULL,NULL,1,NULL),
	 (NULL,'Anatoli','Garšnek',NULL,NULL,NULL,3,NULL),
	 (NULL,'Gerda','Laugaste',NULL,NULL,NULL,3,NULL),
	 (NULL,'Verner','Reinhold',NULL,NULL,NULL,1,NULL),
	 (NULL,'Hermilda','Koitmaa',NULL,NULL,NULL,2,NULL),
	 (NULL,'Juhan','Holts',NULL,NULL,NULL,1,NULL),
	 (NULL,'Tatjana','Toomemets',NULL,NULL,NULL,2,NULL),
	 (NULL,'Jaan','Lillimägi',NULL,NULL,NULL,1,NULL),
	 (NULL,'Linda','Lauri',NULL,NULL,NULL,2,NULL),
	 (NULL,'O.','Kallas',NULL,NULL,NULL,3,NULL),
	 (NULL,'Anna','Ploompuu',NULL,1906,NULL,2,NULL),
	 (NULL,NULL,NULL,'Tõnise Liisu',NULL,NULL,2,'"Tõnize Liizu (Ievan sisar) sekä sisar = Ieva, y. n.(?) 50". Ieva võib olla Ieva Viikina (vt Lähteenkorva nr. 357). [T. S.]'),
	 (NULL,'Viisa','Hõbeda',NULL,NULL,NULL,2,NULL),
	 (NULL,'Maie Marie','Männi',NULL,1833,NULL,2,'Geni: Maia Marie Männi, snd. 1833. "Snd ja üleskasv. Põlulas, Jaagupi kihelk.; 50 a eest Nõmmele Avispea küla asunud, kus üleskirj."'),
	 (NULL,'K.','Jegorova',NULL,NULL,NULL,3,NULL),
	 (NULL,'Anastasia','Luik','Nasta Luik',NULL,NULL,3,NULL),
	 (NULL,'Amalie','Thaler',NULL,NULL,NULL,2,NULL),
	 (NULL,'Leena','Valdmann',NULL,NULL,NULL,2,NULL),
	 (NULL,'Madleena','Kristal',NULL,NULL,NULL,2,NULL),
	 (NULL,'Mari','Adermann',NULL,NULL,NULL,2,'"Sndn. üleskasv. ja elanud Järve külas, sääl õpinud; üleskirj. Peri külas -- kuhu ta 35 a. eest asunud." (lk 906)'),
	 (NULL,'J.','Erlemann',NULL,NULL,NULL,3,NULL),
	 (NULL,'Mart','Herbst',NULL,NULL,NULL,1,'Herbst on snd, kasvanud ja elanud Palu mõisas, seal ka laulud õppinud. (EÜS VIII 507). T. S.'),
	 (NULL,'Liisa','Lenk',NULL,NULL,NULL,2,NULL),
	 (NULL,'Viiu','Raudsepp',NULL,NULL,NULL,2,NULL),
	 (NULL,'Elts','Baumann',NULL,NULL,NULL,2,'Originaalis kaks nimekuju.'),
	 (NULL,'Kai','Näpp',NULL,NULL,NULL,2,NULL),
	 (NULL,'Jüri','Antov',NULL,NULL,NULL,1,NULL),
	 (NULL,'Anna','Lepp',NULL,NULL,NULL,2,NULL),
	 (NULL,'Jakob','Peil',NULL,NULL,NULL,1,NULL),
	 (NULL,'Kadri',NULL,'Andrese Kadri',NULL,NULL,2,NULL),
	 (NULL,'Marie','Eiden',NULL,NULL,NULL,2,NULL),
	 (NULL,'Tõnis','Aru',NULL,NULL,NULL,1,NULL),
	 (NULL,NULL,'Saks',NULL,NULL,NULL,3,NULL),
	 (NULL,'Ann','Siitas',NULL,NULL,NULL,2,NULL),
	 (NULL,'Leena','Blum',NULL,NULL,NULL,2,NULL),
	 (NULL,'Miina','Paris',NULL,NULL,NULL,2,NULL),
	 (NULL,'Ann','Laan',NULL,1850,NULL,2,'Esitaja Ann Laan on koguja ema. Vanus: 73 on 1923, 71 on 1921 (teksti juures). Geni: Anna Laan, snd Waldman, 1850-1929, Seliste küla, poeg Aleksander Laan'),
	 (NULL,'Kai','Reisikorv',NULL,NULL,NULL,2,'Sündinud Järva-Jaanis Keikla külas, kus ka laulud õppinud.'),
	 (NULL,'Liisa','Kaldrik',NULL,NULL,NULL,2,NULL),
	 (NULL,'Meos','Kolk',NULL,NULL,NULL,1,NULL),
	 (NULL,'Natalie','Einmann',NULL,1884,NULL,2,NULL),
	 (NULL,'Leenu','Tomberg',NULL,NULL,NULL,2,NULL),
	 (NULL,'Kadri','Mõtus',NULL,NULL,NULL,2,NULL),
	 (NULL,'Elisabeth','Lukk',NULL,NULL,NULL,2,NULL),
	 (NULL,'Mari','Kirschbaum',NULL,NULL,NULL,2,NULL),
	 (NULL,'J.','Palumeister',NULL,NULL,NULL,3,NULL),
	 (NULL,'Anna','Kuld',NULL,NULL,NULL,2,NULL),
	 (NULL,'Adeele','Deepus',NULL,NULL,NULL,2,NULL),
	 (NULL,'Eeva','Maalberg',NULL,NULL,NULL,2,NULL),
	 (NULL,'Liis','Peltser',NULL,1857,NULL,2,'Viisid õppinud sünnikohas Mõnistes, ainult kas''ke kan''ke viisid = kaasitused Taheval.'),
	 (NULL,'Ann','Kuldkepp',NULL,NULL,NULL,2,NULL),
	 (NULL,'Mart','Tiisvald','Tisak',1841,NULL,1,'Geni: Mart Tiiswaldt (Tiiswald, Tiisvald), Tõnno p. Palu, Järva-Peetri khk, 1841-1924. Mart Tiisvald, Hansu p. on tema onupoeg.'),
	 (NULL,'Anna','Randjärv',NULL,NULL,NULL,2,NULL),
	 (NULL,'Kadri','Puusepp',NULL,NULL,NULL,2,'Andmed: EÜS VIII 1317. "Virvel üles kasvanud"'),
	 (NULL,'Valentiina','Pääba',NULL,NULL,NULL,2,NULL),
	 (NULL,'Greet','Vessmann',NULL,NULL,NULL,2,NULL),
	 (NULL,'Anna','Otti',NULL,NULL,NULL,2,NULL),
	 (NULL,'Maria','Ader',NULL,NULL,NULL,2,NULL),
	 (NULL,'Liisa','Kümmel',NULL,NULL,NULL,2,NULL),
	 (NULL,'Mari','Anepaju',NULL,NULL,NULL,2,NULL),
	 (NULL,'Eduard','Viidakas',NULL,NULL,NULL,3,NULL),
	 (NULL,'M.','Sibul',NULL,NULL,NULL,3,NULL),
	 (NULL,'Mai','Sahari',NULL,NULL,NULL,2,NULL),
	 (NULL,'J.','Leppik',NULL,NULL,NULL,3,NULL),
	 (NULL,'J.','Kask',NULL,NULL,NULL,3,NULL),
	 (NULL,'Morits','Petäi',NULL,NULL,NULL,1,'Jenny Petäi on Morits Petäi tütar.'),
	 (NULL,'Ell','Savisikk',NULL,NULL,NULL,2,NULL),
	 (NULL,'Mai','Senkbusch',NULL,NULL,NULL,2,NULL),
	 (NULL,'Emilie','Older',NULL,1904,NULL,2,NULL),
	 (NULL,'Mari','Teigar',NULL,NULL,NULL,2,NULL),
	 (NULL,'Miina','Vendak',NULL,NULL,NULL,2,NULL),
	 (NULL,'Ann','Taul',NULL,NULL,NULL,2,NULL),
	 (NULL,'Reet','Mänd',NULL,NULL,NULL,2,NULL),
	 (NULL,'Mihkel','Pehka',NULL,NULL,NULL,3,NULL),
	 (NULL,'Juuli','Tilk',NULL,NULL,NULL,2,NULL),
	 (NULL,'Aliide','Salström',NULL,NULL,NULL,2,NULL),
	 (NULL,'Jaan','Sumberg',NULL,NULL,NULL,1,NULL),
	 (NULL,'Liidia','Strandson',NULL,1896,NULL,2,NULL),
	 (NULL,'Helmi','Valk',NULL,NULL,NULL,3,NULL),
	 (NULL,NULL,'Viidik',NULL,NULL,NULL,3,NULL),
	 (NULL,'Edgar','Eisenschmidt',NULL,NULL,NULL,3,NULL),
	 (NULL,'Roman','Altmets',NULL,1888,NULL,1,NULL),
	 (NULL,'Miina','Völmre',NULL,NULL,NULL,2,NULL),
	 (NULL,'Tõnis','Soon',NULL,NULL,NULL,1,NULL),
	 (NULL,'Liisa','Andrei',NULL,NULL,NULL,2,NULL),
	 (NULL,'Maria','Loob',NULL,1898,NULL,2,NULL),
	 (NULL,'Jüri','Weissmann',NULL,NULL,NULL,1,NULL),
	 (NULL,'J.','Schmidt',NULL,NULL,NULL,3,NULL),
	 (NULL,'Anna','Ots',NULL,NULL,NULL,2,NULL),
	 (NULL,'Miina','Maaker',NULL,NULL,NULL,2,NULL),
	 (NULL,'Jaan','Kleesment',NULL,NULL,NULL,1,NULL),
	 (NULL,'Mai','Mäitse',NULL,NULL,NULL,2,NULL),
	 (NULL,'Anu','Jürgenson',NULL,NULL,NULL,2,NULL),
	 (NULL,'Emilie','Kõiv',NULL,NULL,NULL,2,NULL),
	 (NULL,'Villem','Arge',NULL,NULL,NULL,1,NULL),
	 (NULL,'Mai','Pärs',NULL,NULL,NULL,2,NULL),
	 (NULL,'Madis','Kontson',NULL,1848,NULL,1,NULL),
	 (NULL,'Mari','Normann',NULL,NULL,NULL,2,NULL),
	 (NULL,'Liisu','Viilberg',NULL,NULL,NULL,2,NULL),
	 (NULL,'Karl August','Hermann',NULL,NULL,NULL,3,NULL),
	 (NULL,'Juula','Üksti',NULL,NULL,NULL,2,NULL),
	 (NULL,'Katri','Susi',NULL,NULL,NULL,2,NULL),
	 (NULL,'Juuli','Erlach',NULL,NULL,NULL,2,NULL),
	 (NULL,'Anna','Härm',NULL,NULL,NULL,2,'Tulnud Setumaalt u 15 a tagasi, s.o. 1938.'),
	 (NULL,'Ann','Metsamärt',NULL,NULL,NULL,2,NULL),
	 (NULL,'Katri','Kentsiko',NULL,NULL,NULL,2,'52 a elanud Timo vallas. Laulud kuulnud "ilmast". Ema surnud varakult. Veel eluloost ERA II 35, 595.'),
	 (NULL,'Johannes','Rand',NULL,NULL,NULL,1,NULL),
	 (NULL,'Mikk','Triefeldt',NULL,NULL,NULL,1,NULL),
	 (NULL,'Ann','Volk',NULL,NULL,NULL,2,'"Sndn., kasv. ja elanud Suures Karedas, laulud õpinud vaimus käies." Orig: on kaks nimekuju. Mees Toomas Valk.'),
	 (NULL,'Tiina','Anwelt',NULL,NULL,NULL,2,'Anwed (Anvelt?), Siimeni talu vanaema.'),
	 (NULL,'Hendrik','Jantson',NULL,NULL,NULL,1,'Nimi Hendrek (Plaatide registris)'),
	 (NULL,'Kadri','Martinson',NULL,NULL,NULL,2,NULL),
	 (NULL,'Lilli','Koppel',NULL,NULL,NULL,2,NULL),
	 (NULL,'Mari','Neimann',NULL,NULL,NULL,2,NULL),
	 (NULL,'Palaga','Kadajamägi',NULL,NULL,NULL,2,NULL),
	 (NULL,'Elts','Veidentamm',NULL,NULL,NULL,2,NULL),
	 (NULL,'Julius','Sollmann',NULL,NULL,NULL,3,NULL),
	 (NULL,'Hendrik','Grünberg',NULL,NULL,NULL,1,NULL),
	 (NULL,'Liis','Alas','Kuraga Liis',NULL,NULL,2,NULL),
	 (NULL,'Madli','Pirju',NULL,NULL,NULL,2,NULL),
	 (NULL,'Alide','Saat',NULL,NULL,NULL,3,NULL),
	 (NULL,'Tiina','Schink',NULL,NULL,NULL,2,NULL),
	 (NULL,'Madli','Lepp',NULL,NULL,NULL,2,NULL),
	 (NULL,'Liisa','Lund',NULL,NULL,NULL,2,'Vanuse kohta orig: u 30 (Saat, viis, lk 88), u 35 (Viidebaum, tekst, lk 93); panin siia keskmise.'),
	 (NULL,'Samel','Veisbach',NULL,NULL,NULL,1,NULL),
	 (NULL,'Liisa','Markopf',NULL,NULL,NULL,2,NULL),
	 (NULL,'Johannes','Traks',NULL,NULL,NULL,1,NULL),
	 (NULL,'Mari','Nessler',NULL,NULL,NULL,2,NULL),
	 (NULL,'Iida','Kalden',NULL,NULL,NULL,2,NULL),
	 (NULL,'Hans','Tuulver',NULL,NULL,NULL,1,NULL),
	 (NULL,'Ann','Tuherm',NULL,NULL,NULL,2,'"Sndn. Seidlas, üleskasv. ja õpinud Kuksemal, üleskirj. Eru talus Wehtepere külas Järva-Madise kihelk. 71 a." (EÜS VII 1499) "70 aastat vana, Seidla vallast" (EÜS VII 1649)'),
	 (NULL,'Veera','Karazenkova',NULL,NULL,NULL,2,'eestlase naine'),
	 (NULL,'Krõõt','Luik',NULL,NULL,NULL,2,NULL),
	 (NULL,'S.','Talvik',NULL,NULL,NULL,3,NULL),
	 (NULL,'Kristjan','Torop',NULL,NULL,NULL,3,NULL),
	 (NULL,'Helmi','Ots',NULL,NULL,NULL,2,NULL),
	 (NULL,'Anna','Ilumets',NULL,NULL,NULL,2,NULL),
	 (NULL,'Anu','Veskus',NULL,NULL,NULL,2,NULL),
	 (NULL,'Linda','Saar',NULL,NULL,NULL,2,NULL),
	 (NULL,'Adam','Andik',NULL,NULL,NULL,1,NULL),
	 (NULL,'Eduard','Päts',NULL,NULL,NULL,1,NULL),
	 (NULL,'K.','Ruusamägi',NULL,NULL,NULL,2,NULL),
	 (NULL,'M.','Jallai',NULL,NULL,NULL,3,NULL),
	 (NULL,'Jevdokia','Luik','O''de Luik',NULL,NULL,2,NULL),
	 (NULL,'Miina','Pulk',NULL,NULL,NULL,2,NULL),
	 (NULL,'Mari','Parnat',NULL,NULL,NULL,2,NULL),
	 (NULL,'Miili','Sirel',NULL,NULL,NULL,2,NULL),
	 (NULL,'Jakob','Wirth',NULL,NULL,NULL,1,NULL),
	 (NULL,'Veera','Võsu',NULL,1913,NULL,2,NULL),
	 (NULL,'Jüri','Schmuul',NULL,NULL,NULL,1,NULL),
	 (NULL,'J.','Ponamar',NULL,NULL,NULL,3,NULL),
	 (NULL,'V.','Luga',NULL,NULL,NULL,3,NULL),
	 (NULL,'Maali','Nurmberg',NULL,NULL,NULL,2,NULL),
	 (NULL,'Alma','Talve',NULL,NULL,NULL,2,NULL),
	 (NULL,'Ann','Volga-Kanskopp','Kanskopp, Ann',1852,NULL,2,'Kanskopp (Volga), Ann (register), Kanskopp, Ann (ERA III 2, 261; ERA II 17)'),
	 (NULL,'Toomas','Köömel',NULL,NULL,NULL,1,NULL),
	 (NULL,'Mall','Kunttus',NULL,NULL,NULL,3,NULL),
	 (NULL,'Miina','Rohr',NULL,NULL,NULL,2,NULL),
	 (NULL,'Jaak','Änilane',NULL,NULL,NULL,1,NULL),
	 (NULL,'Jüri','Kiremia',NULL,NULL,NULL,1,NULL),
	 (NULL,'Liisu','Eisenschmidt',NULL,NULL,NULL,2,NULL),
	 (NULL,'Reet','Joosepsaar',NULL,NULL,NULL,2,NULL),
	 (NULL,NULL,'Karro',NULL,NULL,NULL,1,NULL),
	 (NULL,'Maria','Laas',NULL,1890,NULL,2,NULL),
	 (NULL,'Ellu','Sõstar',NULL,NULL,NULL,2,'Snd. Aidakats'),
	 (NULL,'Tõnu','Voors',NULL,NULL,NULL,1,NULL),
	 (NULL,'Elisabet','Vari',NULL,NULL,NULL,2,NULL),
	 (NULL,'Leena','Neitov',NULL,NULL,NULL,2,NULL),
	 (NULL,'Liisa','Gerberson',NULL,NULL,NULL,2,NULL),
	 (NULL,'Elisabet','Türk','Meräse Liis; Salu Liis; Merase Liisi',1897,NULL,2,NULL),
	 (NULL,'Anu','Valu',NULL,NULL,NULL,2,NULL),
	 (NULL,'O.','Siiak',NULL,NULL,NULL,3,NULL),
	 (NULL,'Mari','Luts',NULL,1870,1913,2,'Oletatavad eluaastad Genist, sel juhul snd Johanson.'),
	 (NULL,'I.','Tobler',NULL,NULL,NULL,3,NULL),
	 (NULL,'Mai','Viil',NULL,NULL,NULL,2,NULL),
	 (NULL,'Andrei','Ramul',NULL,1842,NULL,1,NULL),
	 (NULL,'Eliisabeta','Põld',NULL,1892,NULL,2,NULL),
	 (NULL,'Kai','Kasimir',NULL,NULL,NULL,2,NULL),
	 (NULL,'Els','Tõllason',NULL,NULL,NULL,2,NULL),
	 (NULL,'Jaak','Ratassepp',NULL,NULL,NULL,1,NULL),
	 (NULL,'Ü.','Matjus',NULL,NULL,NULL,3,NULL),
	 (NULL,'Elts','Kask',NULL,NULL,NULL,2,NULL),
	 (NULL,'Juhan','Rosenberg',NULL,NULL,NULL,1,NULL),
	 (NULL,'A.','Tael',NULL,NULL,NULL,3,NULL),
	 (NULL,'K.','Ruut',NULL,NULL,NULL,3,NULL),
	 (NULL,'Hans','Grünwaldt',NULL,NULL,NULL,1,NULL),
	 (NULL,'Liisa','Paju',NULL,NULL,NULL,2,NULL),
	 (NULL,'Kadri','Krönström',NULL,NULL,NULL,2,NULL),
	 (NULL,'Mari','Leichter',NULL,1859,NULL,2,'1873 asunud Rakvere kihelkonda.'),
	 (NULL,'Ann','Pussov',NULL,NULL,NULL,2,NULL),
	 (NULL,'Elena','Laanetu','Laanetu Ol''lo',1911,NULL,2,NULL),
	 (NULL,'Elisabet','Raudsepp',NULL,1891,NULL,2,NULL),
	 (NULL,'Emilie','Timusk',NULL,NULL,NULL,2,NULL),
	 (NULL,'Mare','Pook',NULL,NULL,NULL,2,NULL),
	 (NULL,'Ann','Sild',NULL,NULL,NULL,2,NULL),
	 (NULL,'Peeter','Fuchs',NULL,NULL,NULL,1,NULL),
	 (NULL,'A.','Losmann',NULL,NULL,NULL,3,NULL),
	 (NULL,'Loreida','Soodla',NULL,1924,NULL,2,NULL),
	 (NULL,'Mai','Elken',NULL,NULL,NULL,2,NULL),
	 (NULL,'R.','Kõhelik',NULL,NULL,NULL,3,NULL),
	 (NULL,'Elts','Junkvist',NULL,NULL,NULL,2,'"Leesil üles kasvanud."'),
	 (NULL,'H.','Eller',NULL,NULL,NULL,1,NULL),
	 (NULL,'Mari','Siimson',NULL,NULL,NULL,2,NULL),
	 (NULL,'Ann','Sepp',NULL,1827,NULL,2,NULL),
	 (NULL,'Marie','Harjus',NULL,NULL,NULL,2,NULL),
	 (NULL,'Ann','Raudsepp',NULL,NULL,NULL,2,NULL),
	 (NULL,'Ann','Paltsmar',NULL,NULL,NULL,2,NULL),
	 (NULL,'A.','Suurkask',NULL,NULL,NULL,3,NULL),
	 (NULL,'Hip','Kahr',NULL,NULL,NULL,2,NULL),
	 (NULL,'Peeter','Luuberg',NULL,NULL,NULL,1,NULL),
	 (NULL,'Liisu','Laid',NULL,NULL,NULL,2,NULL),
	 (NULL,'Pauliine','Pihlak',NULL,NULL,NULL,2,NULL),
	 (NULL,'Mare','Kõiva',NULL,NULL,NULL,3,NULL),
	 (NULL,'Rosali Maria','Ots',NULL,NULL,NULL,2,NULL),
	 (NULL,'Marie','Salk',NULL,NULL,NULL,2,NULL),
	 (NULL,'Tõnis','Leppik',NULL,NULL,NULL,1,'Orava talu peremees'),
	 (NULL,'Leenu','Tubakas',NULL,NULL,NULL,2,NULL),
	 (NULL,'Ruuda','Tuhakott',NULL,NULL,NULL,2,NULL),
	 (NULL,'Jüri','Kivi',NULL,NULL,NULL,1,NULL),
	 (NULL,'Joosep','Nilberg',NULL,NULL,NULL,1,NULL),
	 (NULL,'Miili','Sakson',NULL,NULL,NULL,2,NULL),
	 (NULL,'Eduard','Seigfeldt',NULL,NULL,NULL,1,NULL),
	 (NULL,'Andres','Tamberg',NULL,NULL,NULL,1,NULL),
	 (NULL,'Mats','Jürisson',NULL,NULL,NULL,1,'Jürissoni elukoht orig. Kiriku vald.'),
	 (NULL,'M.','Kask',NULL,NULL,NULL,3,NULL),
	 (NULL,'Mari','Sakna',NULL,NULL,NULL,2,NULL),
	 (NULL,'Madli','Saeble',NULL,NULL,NULL,2,NULL),
	 (NULL,'Kustas','Mõtlik',NULL,NULL,NULL,1,NULL),
	 (NULL,'Jaan','Jakobson',NULL,NULL,NULL,1,NULL),
	 (NULL,'Marie','Ratas',NULL,NULL,NULL,2,NULL),
	 (NULL,'Mare','Drostohv',NULL,NULL,NULL,2,NULL),
	 (NULL,'Jelisaveta','Lampu',NULL,NULL,NULL,2,NULL),
	 (NULL,'Eeva','Kredemann',NULL,NULL,NULL,2,NULL),
	 (NULL,'Leena','Kase',NULL,NULL,NULL,3,NULL),
	 (NULL,'Mari','Tikmann',NULL,NULL,NULL,2,NULL),
	 (NULL,'Ann','Albert',NULL,NULL,NULL,2,NULL),
	 (NULL,'Mari','Masuurina',NULL,NULL,NULL,2,'Tõnikse Maria [Torupilli?] ema'),
	 (NULL,'Mari','Poltov',NULL,1844,NULL,2,NULL),
	 (NULL,'Marie','Okk',NULL,NULL,NULL,2,NULL),
	 (NULL,'Karl','Leichter',NULL,NULL,NULL,3,NULL),
	 (NULL,'Mart','Kõrts',NULL,NULL,NULL,3,NULL),
	 (NULL,'Leena','Endrikson',NULL,NULL,NULL,2,NULL),
	 (NULL,'Mari','Sepper',NULL,NULL,NULL,2,NULL),
	 (NULL,'Johannes','Uusõue',NULL,NULL,NULL,1,NULL),
	 (NULL,NULL,NULL,'Prits',NULL,NULL,1,NULL),
	 (NULL,'Salme','Koitla',NULL,NULL,NULL,2,NULL),
	 (NULL,'Johan','Bachblum',NULL,NULL,NULL,1,NULL),
	 (NULL,'S.','Keerd',NULL,NULL,NULL,3,NULL),
	 (NULL,'Helmi','Einre',NULL,NULL,NULL,3,NULL),
	 (NULL,'Veera','Kuusk',NULL,NULL,NULL,2,NULL),
	 (NULL,'Ann','Lott',NULL,NULL,NULL,2,NULL),
	 (NULL,'Anu','Korb',NULL,NULL,NULL,3,NULL),
	 (NULL,'Johan','Klemm',NULL,NULL,NULL,1,'Rätsep, pärit Rakverest, laulud kuulis Harjumaal, nooruses käis Tallinnas, siis hulkus mööda Venemaad, elanud Krimmis 30 aastat. (EÜS XI 423)'),
	 (NULL,'Juhan','Annus',NULL,NULL,NULL,1,'Eestlane. Elab Noarootsi kih.[elkonnas] --- 30 a. (noot, tekst). Laulud õppind Hiiumaal (tekst).'),
	 (NULL,'Hip','Koivupuu',NULL,NULL,NULL,2,NULL),
	 (NULL,'Liina','Lind',NULL,1977,NULL,2,NULL),
	 (NULL,'Akulina',NULL,'Paavli Kul''lu',NULL,NULL,2,NULL),
	 (NULL,'Hell','Vaaksaar',NULL,NULL,NULL,2,NULL),
	 (NULL,'Daarja','Kägavere',NULL,NULL,NULL,2,NULL),
	 (NULL,'Helmi','Parm',NULL,1898,NULL,2,NULL),
	 (NULL,'Liisu','Aadler',NULL,NULL,NULL,2,'Elab ja on üles kasvanud Turbuneeme külas. "Mohni saarel elanud, Turboneeme laulud[?]"'),
	 (NULL,'M.','Pärtlas',NULL,NULL,NULL,3,NULL),
	 (NULL,'Darja','Järveotsa',NULL,NULL,NULL,2,NULL),
	 (NULL,'M.','Kielas',NULL,NULL,NULL,3,NULL),
	 (NULL,'Manni','Nurm',NULL,NULL,NULL,2,NULL),
	 (NULL,'Jaak','Pärtel',NULL,NULL,NULL,1,NULL),
	 (NULL,'A.','Ellerhein',NULL,NULL,NULL,3,NULL),
	 (NULL,'Peeter','Reets',NULL,NULL,NULL,1,NULL),
	 (NULL,NULL,NULL,'[Seli kooliõpetaja isa]',NULL,NULL,1,NULL),
	 (NULL,'Liisu','Palderment',NULL,NULL,NULL,2,NULL),
	 (NULL,'Liisu','Kulp',NULL,NULL,NULL,2,NULL),
	 (NULL,'Leena','Sauberg',NULL,NULL,NULL,2,NULL),
	 (NULL,'J.','Raudsepp',NULL,NULL,NULL,3,NULL),
	 (NULL,'Leen','Loodus',NULL,NULL,NULL,2,NULL),
	 (NULL,'Marie','Malk',NULL,NULL,NULL,2,NULL),
	 (NULL,'Külli','Trummal',NULL,NULL,NULL,3,NULL),
	 (NULL,'August','Tamberg',NULL,NULL,NULL,1,NULL),
	 (NULL,'Ann','Ala',NULL,NULL,NULL,2,NULL),
	 (NULL,'Marje','Joalaid',NULL,NULL,NULL,3,NULL),
	 (NULL,'Liisu','Helmann',NULL,1862,NULL,2,NULL),
	 (NULL,'Asra','Kikerist',NULL,NULL,NULL,3,NULL),
	 (NULL,'Mari','Paberit',NULL,NULL,NULL,2,NULL),
	 (NULL,'Leenu','Nikker',NULL,NULL,NULL,2,NULL),
	 (NULL,'Simoon',NULL,NULL,NULL,NULL,1,NULL),
	 (NULL,'Ida','Aab',NULL,NULL,NULL,2,NULL),
	 (NULL,'Ann','Pakkas',NULL,NULL,NULL,2,'Snd Jõetaguse külas; 14 a. eest Illukale asunud, s.o 1895; enne seda 18 a. Kurtnal elanud.'),
	 (NULL,'Kai','Rikk',NULL,NULL,NULL,2,NULL),
	 (NULL,'Marta','Kirpman',NULL,NULL,NULL,2,NULL),
	 (NULL,'Leena','Lapp',NULL,NULL,NULL,2,NULL),
	 (NULL,'Jaan','Lobjakas',NULL,NULL,NULL,1,NULL),
	 (NULL,NULL,'Blum',NULL,NULL,NULL,1,NULL),
	 (NULL,'Vaike','Rööp',NULL,NULL,NULL,3,NULL),
	 (NULL,'Ann','Jürgenson',NULL,NULL,NULL,2,NULL),
	 (NULL,'Anastasia','Jallai','Nasta Jallai',1912,NULL,2,NULL),
	 (NULL,'Mari','Kilu',NULL,NULL,NULL,2,'77 a. vana (1929), snd samas külas. (ERA II 18, 15)'),
	 (NULL,'Mart','Blau',NULL,NULL,NULL,1,NULL),
	 (NULL,'Kadri','Kotsar',NULL,NULL,NULL,2,NULL),
	 (NULL,'Miili','Randmer',NULL,NULL,NULL,2,NULL),
	 (NULL,'Jüri','Leit',NULL,NULL,NULL,1,NULL),
	 (NULL,'Kai','Sander',NULL,NULL,NULL,3,NULL),
	 (NULL,'Jaan','Kranfeldt',NULL,NULL,NULL,1,NULL),
	 (NULL,'R.','Vilmansen',NULL,NULL,NULL,3,NULL),
	 (NULL,'Mari','Kask',NULL,1852,NULL,2,NULL),
	 (NULL,'Leena','Pakkas','Lien Pakas',NULL,NULL,2,'Snd Ediveres, 3-aastaselt Raudile saanud, kus üles kasvanud ja laulud õppinud. (EÜS VI 890, 1006)'),
	 (NULL,'Miina','Roosmann',NULL,NULL,NULL,2,NULL),
	 (NULL,'Rõõt','Kimmel',NULL,NULL,NULL,2,NULL),
	 (NULL,'Davit','Jakson',NULL,NULL,NULL,3,NULL),
	 (NULL,'Peeter','Sarv',NULL,NULL,NULL,3,NULL),
	 (NULL,'Kai','Meibaum',NULL,NULL,NULL,2,NULL),
	 (NULL,'Agrepina',NULL,'Mihali Kreepa',NULL,NULL,2,NULL),
	 (NULL,'Adu','Volberg',NULL,NULL,NULL,1,NULL),
	 (NULL,'Anu','Heinrichson',NULL,NULL,NULL,2,NULL),
	 (NULL,NULL,'Simm',NULL,NULL,NULL,3,NULL),
	 (NULL,'Poliine','Korjus',NULL,NULL,NULL,2,NULL),
	 (NULL,'Ann','Õunapuu',NULL,NULL,NULL,2,NULL),
	 (NULL,NULL,NULL,'Miku Saska',NULL,NULL,1,NULL),
	 (NULL,'Mari','Kasakas',NULL,NULL,NULL,2,'Ei tea, kas Mari või Kai Kasakas on õige nimi. "Järva-Jaani kihelkonnast Hallikult ---" (EÜS VII 1536) "Sndn Allikul, kus lapsena vainul käies õpinud; sääl ka praegu elamas." (EÜS VII 1483)'),
	 (NULL,'Miina','Vilippus',NULL,NULL,NULL,2,NULL),
	 (NULL,NULL,'Mihkelson',NULL,NULL,NULL,3,NULL),
	 (NULL,'Peter','Sandri',NULL,NULL,NULL,1,NULL),
	 (NULL,'Marie','Antsov',NULL,NULL,NULL,2,NULL),
	 (NULL,'Leenu','Lääts',NULL,NULL,NULL,2,NULL),
	 (NULL,'Marta','Mäesalu',NULL,NULL,NULL,2,NULL),
	 (NULL,'Gustav','Aarike',NULL,NULL,NULL,1,NULL),
	 (NULL,'Mari','Rajapuu',NULL,NULL,NULL,2,NULL),
	 (NULL,'Jaan','Aru',NULL,NULL,NULL,1,NULL),
	 (NULL,'Marie','Luik',NULL,NULL,NULL,2,NULL),
	 (NULL,'Hans','Tuhakott',NULL,NULL,NULL,1,NULL),
	 (NULL,'Leena','Akker',NULL,NULL,NULL,2,NULL),
	 (NULL,'Miina','Kasela',NULL,NULL,NULL,2,NULL),
	 (NULL,'Triinu','Lessuke',NULL,NULL,NULL,2,NULL),
	 (NULL,'Pelageja',NULL,'Miitsa Palaga',NULL,NULL,2,NULL),
	 (NULL,'Tõnis','Baumann',NULL,NULL,NULL,1,'vallavaene'),
	 (NULL,'Ell','Ilves',NULL,NULL,NULL,2,NULL),
	 (NULL,'Kaarel','Võõrmann',NULL,NULL,NULL,1,NULL),
	 (NULL,'Mart','Masso',NULL,NULL,NULL,1,NULL),
	 (NULL,'V.','Kirodosk',NULL,NULL,NULL,3,NULL),
	 (NULL,'Viiu','Pill',NULL,NULL,NULL,2,NULL),
	 (NULL,'F.','Kuhlbars',NULL,NULL,NULL,3,NULL),
	 (NULL,'Leena','Karh',NULL,NULL,NULL,2,NULL),
	 (NULL,'Marie','Erep',NULL,NULL,NULL,2,NULL),
	 (NULL,'Leenu','Eerik',NULL,NULL,NULL,2,NULL),
	 (NULL,'Peeter','Kurg',NULL,1856,NULL,1,NULL),
	 (NULL,NULL,NULL,'Tepo Nabra',NULL,NULL,2,NULL),
	 (NULL,'Miina','Kempman',NULL,1845,NULL,2,'Miina Kempman, snd 1845 nimega Junkvist Jumindas (Geni). Elab ja on üles kasvanud Juminda külas (EÜS VIII 1319).'),
	 (NULL,'Aleksander','Koppel',NULL,NULL,NULL,1,NULL),
	 (NULL,'Anna','Keerem',NULL,NULL,NULL,2,NULL),
	 (NULL,'Mare','Koert',NULL,NULL,NULL,2,NULL),
	 (NULL,'Sohvi','Tamming',NULL,NULL,NULL,2,'Neiu. Jaani t.'),
	 (NULL,'Joosep','Kõrgesaar',NULL,NULL,NULL,1,NULL),
	 (NULL,'Rozaļa','Buļs',NULL,1845,NULL,2,NULL),
	 (NULL,NULL,NULL,'Jakkima Anne',NULL,NULL,2,NULL),
	 (NULL,'Gustav','Veervald',NULL,NULL,NULL,1,NULL),
	 (NULL,'Ann','Veiderpass',NULL,NULL,NULL,2,NULL),
	 (NULL,'J.','Põllusaar',NULL,NULL,NULL,3,NULL),
	 (NULL,'Juula','Kraakel',NULL,NULL,NULL,2,NULL),
	 (NULL,'Alfred Konstantin','Kivi',NULL,NULL,NULL,3,NULL),
	 (NULL,'Juuli','Hunt',NULL,NULL,NULL,2,NULL),
	 (NULL,'Anne','Krouberg',NULL,NULL,NULL,2,NULL),
	 (NULL,'Anton','Põlts',NULL,NULL,NULL,1,NULL),
	 (NULL,'Liina','Kaskmann',NULL,NULL,NULL,2,NULL),
	 (NULL,'Mari','Kuus',NULL,NULL,NULL,2,NULL),
	 (NULL,'Charlotte','Tammemägi',NULL,NULL,NULL,2,NULL),
	 (NULL,'Anna','Pihu',NULL,NULL,NULL,2,NULL),
	 (NULL,'Erna','Tampere',NULL,NULL,NULL,3,NULL),
	 (NULL,'Kristjan','Sepp',NULL,NULL,NULL,1,NULL),
	 (NULL,'Anna-Leena','Mikiver',NULL,1859,NULL,2,'Anna-Leena Mikiver (Treifeld), 1859-1942 (Geni). Ilma sidekriipsuta variant on tekstikogus. T. S.'),
	 (NULL,'R.','Väljaots',NULL,NULL,NULL,3,NULL),
	 (NULL,'Marta','Oad','Rahu Marta',1916,NULL,2,NULL),
	 (NULL,'Aksenia','Kukk',NULL,NULL,NULL,2,'Snd Liivamägi. "Ema oli suur laulik". (RKM III 3, 101)'),
	 (NULL,'Kai','Lagerest',NULL,NULL,NULL,2,NULL),
	 (NULL,'Juhan','Aavik',NULL,NULL,NULL,3,NULL),
	 (NULL,'Jüri','Mesikäpp',NULL,NULL,NULL,1,NULL),
	 (NULL,'Taavet','Ansip',NULL,NULL,NULL,1,'Kogu elu elanud Elistvere vallas. Vanemadki siin eland. (ERA II 29, 237). Geni: 1846-1931.'),
	 (NULL,'M.','Morritson',NULL,NULL,NULL,3,NULL),
	 (NULL,'Krõõt','Truus',NULL,NULL,NULL,2,NULL),
	 (NULL,'Helmi','Vill',NULL,1904,NULL,2,'Surma-aasta 1973 (Eesti Rahvamuusika antoloogia)'),
	 (NULL,'Mari','Rosenfelt',NULL,NULL,NULL,2,'Rosenfelt, 77 a. (EÜS VI 903), Rosenvelt, 78 a. (lk 1085). "Sndn. ja üleskasv. Koiva kihelk. Paide kreisis; 38 a. eest Järve mõisa asunud Moonakate külasse, sääl üleskirj." (lk 903), "Konju, Jõhvi kih. Paide kreisist pärit, elanud Toilas 15 a., Järvel 18 a. [või 19 a.], Konjus 5 a." (lk 1160, 1085) Andmed 1909. a.'),
	 (NULL,'A.','Sibul',NULL,NULL,NULL,3,NULL),
	 (NULL,'Mart','Alev',NULL,NULL,NULL,1,NULL),
	 (NULL,'Herma','Piidre',NULL,NULL,NULL,2,NULL),
	 (NULL,'Peter','Puiemets',NULL,NULL,NULL,1,NULL),
	 (NULL,'Leena','Kuuse',NULL,NULL,NULL,2,NULL),
	 (NULL,'Emilis','Melngailis',NULL,NULL,NULL,3,NULL),
	 (NULL,'J.','Evert',NULL,NULL,NULL,3,NULL),
	 (NULL,'Miina','Meelmann',NULL,NULL,NULL,2,NULL),
	 (NULL,'Kadri','Ots',NULL,NULL,NULL,2,'Snd Särg, "SuureJuagu Hansu tütär", Alasoo külas, üles kasvanud Lahes, mehel Peatskivil, elab perega Naelavere jaos, Kopli talus.'),
	 (NULL,'Oskar','Kallas',NULL,NULL,NULL,3,NULL),
	 (NULL,'Ruudu','Noor',NULL,NULL,NULL,1,NULL),
	 (NULL,'Anna','Sirp',NULL,NULL,NULL,2,NULL),
	 (NULL,'Jüri','Dolberg',NULL,NULL,NULL,1,NULL),
	 (NULL,'Kai','Sang',NULL,NULL,NULL,2,NULL),
	 (NULL,'Sohvi','Sepp','Kulli Sohvi',NULL,NULL,2,NULL),
	 (NULL,'J.','Oidermann',NULL,NULL,NULL,3,NULL),
	 (NULL,'P.','Reisik',NULL,NULL,NULL,3,NULL),
	 (NULL,'Leena','Pritson',NULL,NULL,NULL,2,NULL),
	 (NULL,'Mari','Gross',NULL,NULL,NULL,2,NULL),
	 (NULL,'Ingel','Soer',NULL,1868,NULL,2,NULL),
	 (NULL,'Mai','Moorberg',NULL,NULL,NULL,2,NULL),
	 (NULL,'Priidik','Ristikivi',NULL,NULL,NULL,1,NULL),
	 (NULL,'Mart','Kiku',NULL,1855,NULL,1,'Esitaja nimi EÜS XI 797, 803, andmed 816, elust lk 797/8. Andmebaasis oli enne Kiku, Mart(in) - praegu valisin nimeks kõige sagedasema kuju Mart, arvestades ka EÜS VII. [T. S.] "Suur muusika armastaja, on Lehtse mõisas härgade karjaseks. --- olla suur suupilli mees [mõeldud ilmselt suuga hääle tekitamist, trallitamist].--  noores põlves laulusid nii palju olnud, et kraabi või rehaga kokku - aeg olla palju otsa teinud." Snd 1855 Madise khk vaeste mõisatööliste pojana, kirjaoskamatu, olnud üksildane, teistest halvaks peetud. (EÜS XI 797/8)'),
	 (NULL,'Anu','Bortsmuth',NULL,NULL,NULL,2,NULL),
	 (NULL,'Mari','Jalg',NULL,NULL,NULL,2,NULL),
	 (NULL,'Ingel','Kaasik',NULL,NULL,NULL,2,NULL),
	 (NULL,'Mari','Hantsi',NULL,NULL,NULL,2,NULL),
	 (NULL,'Veera','Lillak',NULL,1919,NULL,2,NULL),
	 (NULL,'Mari','Magnus',NULL,NULL,NULL,2,NULL),
	 (NULL,'Madis','Luukas',NULL,NULL,NULL,1,NULL),
	 (NULL,'Osvald','Tammjärv',NULL,NULL,NULL,1,NULL),
	 (NULL,'Sinaida','Mändla',NULL,1903,NULL,2,NULL),
	 (NULL,'Leenu','Andrei',NULL,NULL,NULL,2,NULL),
	 (NULL,'Riõt','Laase',NULL,1901,NULL,2,NULL),
	 (NULL,'Mart','Jõkk','Undu-Antsu Mar''t',NULL,NULL,1,NULL),
	 (NULL,'Natalia','Rahasepp',NULL,1911,NULL,2,NULL),
	 (NULL,'Ann','Suitt',NULL,NULL,NULL,2,NULL),
	 (NULL,'Ekatarina','Ottin','Metsavahi Kai',1862,NULL,2,NULL),
	 (NULL,'Melania','Mätas',NULL,NULL,NULL,2,NULL),
	 (NULL,'Amalie','Erlach',NULL,NULL,NULL,2,NULL),
	 (NULL,'Mai','Laos',NULL,NULL,NULL,3,NULL),
	 (NULL,'Ann','Volk',NULL,NULL,NULL,2,'"Sndn., kasv. ja elanud Õetlas, kus ka laulud (emalt) õpinud." Orig: 2 nimekuju.'),
	 (NULL,'Liisu','Limberg',NULL,NULL,NULL,2,NULL),
	 (NULL,'Mihkel','Anni','Tärava taat',NULL,NULL,1,'"Snd, elanud Mäetaga külas, kus laulud õpinud." Kõige suurem laulik, kuid laulab ainult purjus peaga. (lk 898)'),
	 (NULL,'Juula','Truvert',NULL,NULL,NULL,2,NULL),
	 (NULL,'Veera','Soo',NULL,NULL,NULL,2,NULL),
	 (NULL,'Mari','Salob',NULL,NULL,NULL,2,NULL),
	 (NULL,'Ruth','Mirov',NULL,NULL,NULL,3,NULL),
	 (NULL,'Ello','Katt',NULL,1828,NULL,2,'Mihkli naine. Vanus orig: ligi 80. Geni järgi snd 1828.'),
	 (NULL,'Anastasia','Aul',NULL,NULL,NULL,2,NULL),
	 (NULL,'Andres','Allikberg',NULL,NULL,NULL,1,NULL),
	 (NULL,'Aliide','Tuul',NULL,NULL,NULL,2,NULL),
	 (NULL,'Hindrik','Aikson',NULL,NULL,NULL,1,NULL),
	 (NULL,'Juhan','Kruusmann',NULL,NULL,NULL,1,NULL),
	 (NULL,'Mari','Lagen',NULL,NULL,NULL,2,NULL),
	 (NULL,'Ann','Edva',NULL,1845,NULL,2,NULL),
	 (NULL,'Eva','Luik',NULL,NULL,NULL,2,NULL),
	 (NULL,'J.','Aidan',NULL,NULL,NULL,3,NULL),
	 (NULL,'Kustav','Meikar',NULL,1835,NULL,1,NULL),
	 (NULL,'Madli','Sõster',NULL,1842,NULL,2,'Madli Sõsteri elulugu EÜS VII 209, ta on koguja ema (lk 211). Snd Palmse Kõrvel, kus isa Tanel oli metsavaht. Tema õde Ann laulis Gustav Mühlbachile, kes saatis laulud Hurdale. "Nüüd elab Madli Tammispea külas oma vanema poja Antoni juures" (EÜS VII 217) "Madli lelletütar Anne Lillemann" (lk 213).'),
	 (NULL,'Mall','Ohmut',NULL,NULL,NULL,2,NULL),
	 (NULL,'Mihkel','Vaga',NULL,1871,NULL,1,NULL),
	 (NULL,NULL,'Karro',NULL,NULL,NULL,2,NULL),
	 (NULL,'Veera','Pino',NULL,NULL,NULL,3,NULL),
	 (NULL,'Viido','Kliimann',NULL,NULL,NULL,1,NULL),
	 (NULL,'Mari','Maalmann',NULL,NULL,NULL,2,NULL),
	 (NULL,'Liina','Brund',NULL,NULL,NULL,2,NULL),
	 (NULL,'Liisa','Amandus',NULL,NULL,NULL,2,NULL),
	 (NULL,'Hendrik','Zinkmann',NULL,NULL,NULL,1,NULL),
	 (NULL,'August','Topmann',NULL,NULL,NULL,3,NULL),
	 (NULL,'Mare','Kaju',NULL,NULL,NULL,2,NULL),
	 (NULL,'Miina','Iismann',NULL,NULL,NULL,2,'"Sndn ja elanud Veikeses Sakus, kus ka üleskirj." (EÜS VI 880), "Saka k" (EÜS VI 1128)'),
	 (NULL,NULL,'Labong',NULL,NULL,NULL,3,NULL),
	 (NULL,'R.','Kalbek',NULL,NULL,NULL,3,NULL),
	 (NULL,'Jekaterina','Lummo',NULL,NULL,NULL,2,NULL),
	 (NULL,'Abram','Glindemann',NULL,NULL,NULL,1,'"Võhmuta külas sndn. ja kasv., Piisup külas elanud, sääl laulud õppinud ja üleskirj."'),
	 (NULL,'Ann','Riivald',NULL,NULL,NULL,2,NULL),
	 (NULL,'Ants','Räitsakas',NULL,NULL,NULL,1,NULL),
	 (NULL,'Miina','Leegu',NULL,NULL,NULL,2,NULL),
	 (NULL,'Rosaalie','Tark',NULL,NULL,NULL,2,NULL),
	 (NULL,'Maria','Päästel',NULL,NULL,NULL,2,NULL),
	 (NULL,'Elts','Rookmann','Kapa Elts',1857,NULL,2,'Gen. Eltse'),
	 (NULL,'Maria','Vool',NULL,NULL,NULL,2,NULL),
	 (NULL,'Priidu','Tiik',NULL,NULL,NULL,1,NULL),
	 (NULL,'Leenu','Vähi',NULL,NULL,NULL,2,NULL),
	 (NULL,'Alide','Porosson',NULL,NULL,NULL,2,NULL),
	 (NULL,'Tõnis','Kruusvall',NULL,NULL,NULL,1,NULL),
	 (NULL,'Marie','Viipsi',NULL,NULL,NULL,2,NULL),
	 (NULL,'Jaan','Piilberg',NULL,NULL,NULL,1,NULL),
	 (NULL,'Mai','Elmar',NULL,NULL,NULL,2,NULL),
	 (NULL,'Salme','Laas',NULL,NULL,NULL,2,NULL),
	 (NULL,'Liisi','Rikka',NULL,1888,NULL,2,NULL),
	 (NULL,'Mari','Kill',NULL,NULL,NULL,2,'Mai Kill, Orava t. (EÜS III 668), Mari Kill (EÜS III 564), Maria Kill, Lepiku t. (EÜS III 602), Mari Kull, Lepiku t. (EÜS III 518), M. Kill (EÜS III 621)'),
	 (NULL,'K.','Mihhels',NULL,NULL,NULL,3,NULL),
	 (NULL,'Märt','Tiidur',NULL,NULL,NULL,3,NULL),
	 (NULL,'Mai','Kolnes',NULL,NULL,NULL,2,NULL),
	 (NULL,'Marie','Allik',NULL,NULL,NULL,2,NULL),
	 (NULL,'Liisu','Sander',NULL,NULL,NULL,2,NULL),
	 (NULL,'Ieva',NULL,NULL,NULL,NULL,3,NULL),
	 (NULL,'Herbert','Tampere',NULL,NULL,NULL,3,NULL),
	 (NULL,'Helene','Kreek',NULL,1901,NULL,2,NULL),
	 (NULL,'Larissa','Metsmaa',NULL,NULL,NULL,2,NULL),
	 (NULL,'Mari','Kantberg',NULL,NULL,NULL,2,NULL),
	 (NULL,'Leena','Welt',NULL,NULL,NULL,2,NULL),
	 (NULL,'Riste','Kuusnõmm',NULL,1864,NULL,2,'Muutis elukohta juulis 1949. (RKM II 57 (89))'),
	 (NULL,'Miina','Morel',NULL,NULL,NULL,2,'Miina Morell on pärit Erastvere vallast (ERA III 7, 55 (22)) või Karstvallast (Karste mõis?) (ERA III 1, 11 (2)). Tuli Kanepist u 50 aastat tagasi (a. 1932), so. u 1882 (ERA III 7, 55 (22)).'),
	 (NULL,'Pauline','Trankmann',NULL,NULL,NULL,2,'Snd. Jalakas, Mäetagalt pärit, ema Liisa Trankmann, kes ammu surnud.'),
	 (NULL,'Alfred','Ruus',NULL,1888,NULL,1,'Geni: Alfred Ruus 8. 07.1888-29.09.1971'),
	 (NULL,'Oksana','Tammik','Ogask Tammik',NULL,NULL,2,NULL),
	 (NULL,'Leida','Ränk',NULL,NULL,NULL,2,NULL),
	 (NULL,'Jüri','Eevalt',NULL,NULL,NULL,1,NULL),
	 (NULL,'Vilhelmine','Parba',NULL,NULL,NULL,2,NULL),
	 (NULL,'Kai','Riidam',NULL,NULL,NULL,2,NULL),
	 (NULL,'Kaarel','Salström','Salström, Kalle',1851,NULL,1,'Snd Tapurla k., 30 a. eest asus Hara külla (EÜS II 763), s.o. 1875. "Tappurlas üleskasvanud, Jumindal elanud. Kõik ranna laulud." (EÜS VIII 1573, ka 1319) Geni: Kaarel Kustav Salström, 1851-1912. Abikaasa Miina Salström.'),
	 (NULL,'Juhan','Kents',NULL,NULL,NULL,1,'End. mõisa kubjas, laulud "mõisa väljal õpitud".'),
	 (NULL,'Elvi','Suu',NULL,1922,NULL,2,NULL),
	 (NULL,'Liis','Kuraga','Liis Alas, Aia Vana',NULL,NULL,2,NULL),
	 (NULL,'Jaan','Sarv',NULL,NULL,NULL,3,NULL),
	 (NULL,'H.','Lohk',NULL,NULL,NULL,3,NULL),
	 (NULL,'V.','Tasa',NULL,NULL,NULL,3,NULL),
	 (NULL,'Peter','Kuldkepp',NULL,NULL,NULL,1,NULL),
	 (NULL,'Maarja','Privoi',NULL,NULL,NULL,2,NULL),
	 (NULL,'Anu','Palta',NULL,NULL,NULL,2,'Elab Kaavri k, 78 a. (EÜS III 669) või Odiste k (EÜS III 518, 611), umb. 70 a. (EÜS III 611)'),
	 (NULL,'Liisu','Eerik',NULL,NULL,NULL,2,NULL),
	 (NULL,'Jaak','Kull',NULL,NULL,NULL,1,NULL),
	 (NULL,'Gustav','Lauri',NULL,NULL,NULL,1,NULL),
	 (NULL,'Juhan','Kilkson',NULL,NULL,NULL,1,NULL),
	 (NULL,'Joosep','Aavik',NULL,NULL,NULL,3,NULL),
	 (NULL,'Irina','Luik','Martini I''ro',NULL,NULL,2,NULL),
	 (NULL,'Marie','Leppik',NULL,NULL,NULL,2,NULL),
	 (NULL,'Richard','Viidalepp',NULL,NULL,NULL,3,NULL),
	 (NULL,'Leenu','Steinberg',NULL,NULL,NULL,2,NULL),
	 (NULL,'Mari','Paulus',NULL,NULL,NULL,2,NULL),
	 (NULL,'Tuomas','Vahkal',NULL,NULL,NULL,1,NULL),
	 (NULL,'V.','Koch',NULL,NULL,NULL,3,NULL),
	 (NULL,'Mari','Reinpuu',NULL,NULL,NULL,2,NULL),
	 (NULL,'Boris','Kõrver',NULL,NULL,NULL,3,NULL),
	 (NULL,'K.','Martinson',NULL,NULL,NULL,3,NULL),
	 (NULL,'Anna','Suur',NULL,NULL,NULL,2,'Snd Madisson, "Suure sepa naine". On siin elanud 35 a.'),
	 (NULL,'Jaan','Kõiv',NULL,NULL,NULL,1,NULL),
	 (NULL,'Eeva','Reiman',NULL,NULL,NULL,2,NULL),
	 (NULL,'Maali','Kirikmar',NULL,1877,NULL,2,NULL),
	 (NULL,'Marie','Hagelberg',NULL,NULL,NULL,2,NULL),
	 (NULL,'Jaan','Jaanikann',NULL,NULL,NULL,1,'elab 20 a. Tõdva k.'),
	 (NULL,'Liisu','Kaljuste',NULL,NULL,NULL,2,NULL),
	 (NULL,'Truuta','Parabrits',NULL,NULL,NULL,2,NULL),
	 (NULL,NULL,'Kroomann',NULL,NULL,NULL,2,NULL),
	 (NULL,'Mari','Steinberg',NULL,NULL,NULL,2,NULL),
	 (NULL,'Kai','Kadakas',NULL,NULL,NULL,2,NULL),
	 (NULL,'Leena','Tiismann',NULL,NULL,NULL,2,NULL),
	 (NULL,'Jaak','Tamm',NULL,NULL,NULL,3,NULL),
	 (NULL,'Jaan','Mõsikepp',NULL,NULL,NULL,3,NULL),
	 (NULL,'Sinaiida','Post',NULL,NULL,NULL,2,NULL),
	 (NULL,'Anna','Kõiva',NULL,NULL,NULL,2,NULL),
	 (NULL,'Marie','Püüdja',NULL,NULL,NULL,2,NULL),
	 (NULL,'Els','Koemets',NULL,NULL,NULL,2,'Vana-Antsla valla vaestemaja elanikud'),
	 (NULL,'Peeter','Treial',NULL,NULL,NULL,1,'Peremees.'),
	 (NULL,'Jaan','Mikiver',NULL,NULL,NULL,1,'Leena Mikiveri mees. Umbes 50 a. v.'),
	 (NULL,'Juhan','Kallion',NULL,NULL,NULL,1,'vallavanem'),
	 (NULL,'Truuta','Tärk',NULL,NULL,NULL,2,NULL),
	 (NULL,'Reet','Saar',NULL,NULL,NULL,2,NULL),
	 (NULL,'Adeele','Pirso',NULL,NULL,NULL,2,NULL),
	 (NULL,'Jüri','Sihver',NULL,NULL,NULL,1,NULL),
	 (NULL,'Hans','Vikström',NULL,NULL,NULL,1,NULL),
	 (NULL,'Jaan','Laksberg',NULL,NULL,NULL,1,NULL),
	 (NULL,'Hans','Aman',NULL,NULL,NULL,1,'metsaülem'),
	 (NULL,'Ann','Kulu',NULL,NULL,NULL,2,NULL),
	 (NULL,'Jüri','Lemberg',NULL,NULL,NULL,1,'"Sndn, kasv. ja elanud Äntus, Rastla külas. -- Äntu küla karjane." Ka üleskirjutamise koht ja tekstikogus kohanimi on Äntu. (lk 2176, 1930)'),
	 (NULL,'Veera','Karazenkova',NULL,NULL,NULL,2,'eestlase naine. "sünd. Kolpinas (venel.), oppi [sealla]? wirol. ja setol. lauluja" (lk 1329).'),
	 (NULL,'Vaike','Sarv',NULL,NULL,NULL,3,NULL),
	 (NULL,'Anna','Rohi',NULL,NULL,NULL,2,NULL),
	 (NULL,'Maria','Taresaar',NULL,1899,NULL,2,NULL),
	 (NULL,'Liso','Kiivit',NULL,1812,NULL,2,NULL),
	 (NULL,'Jaan','Talts',NULL,NULL,NULL,1,NULL),
	 (NULL,'Jüri','Berkstein',NULL,1869,NULL,1,NULL),
	 (NULL,'Kustas','Mätlik',NULL,NULL,NULL,1,NULL),
	 (NULL,'Anna','Uibo',NULL,NULL,NULL,2,NULL),
	 (NULL,'Peeter','Augjärv',NULL,NULL,NULL,1,NULL),
	 (NULL,'Peeter','Rääts',NULL,NULL,NULL,1,NULL),
	 (NULL,'Peeter','Süda',NULL,NULL,NULL,3,NULL),
	 (NULL,'Aleksei','Pallasma',NULL,NULL,NULL,1,NULL),
	 (NULL,'Miina','Alas',NULL,NULL,NULL,2,NULL),
	 (NULL,'Mall','Hiiemäe',NULL,NULL,NULL,3,NULL),
	 (NULL,'Hendrik','Palu',NULL,NULL,NULL,1,NULL),
	 (NULL,'Ann','Läänessaar',NULL,NULL,NULL,2,NULL),
	 (NULL,'Liisu','Vattal',NULL,NULL,NULL,2,'"Ämbri külast pärit, 30 aasta eest Rakveresse kih. asunud." S.o. 1882'),
	 (NULL,'Juuli','Ott',NULL,NULL,NULL,2,NULL),
	 (NULL,'Anastaisa','Vanatalo',NULL,NULL,NULL,2,NULL),
	 (NULL,'Kai','Kukkur',NULL,NULL,NULL,3,NULL),
	 (NULL,NULL,NULL,'Mäe Ann',NULL,NULL,2,NULL),
	 (NULL,'Ann','Kõiv',NULL,NULL,NULL,2,NULL),
	 (NULL,'Elisabet','Leas','Ojase Liisi',1930,NULL,2,NULL),
	 (NULL,'Tiiu','Mosof',NULL,NULL,NULL,2,NULL),
	 (NULL,'Maria','Kivi',NULL,NULL,NULL,2,NULL),
	 (NULL,'Marie','Kaljura',NULL,NULL,NULL,2,NULL),
	 (NULL,'Jaan','Laas',NULL,NULL,NULL,1,NULL),
	 (NULL,'Mari','Wulff',NULL,NULL,NULL,2,NULL),
	 (NULL,'A.','Luhasalu',NULL,NULL,NULL,3,NULL),
	 (NULL,'Juhan','Pielberg',NULL,NULL,NULL,1,'Mõisa vasikakarjane'),
	 (NULL,'Stepanida','Vahvik',NULL,1893,NULL,2,'Snd Onegin. Andmed Geni: Stephanida Vahvik, snd. 3.11.1893'),
	 (NULL,'Mari',NULL,'Põldmäe perenaene Mari',NULL,NULL,2,NULL),
	 (NULL,'Anna','Baumann',NULL,NULL,NULL,2,NULL),
	 (NULL,'Maret','Liiv',NULL,NULL,NULL,2,NULL),
	 (NULL,'Jüri','Lind',NULL,NULL,NULL,1,'Kott-pime'),
	 (NULL,'P.','Paurman',NULL,NULL,NULL,3,NULL),
	 (NULL,'Jenny','Petäi',NULL,NULL,NULL,2,NULL),
	 (NULL,'Ann','Annus',NULL,NULL,NULL,2,NULL),
	 (NULL,'Kadri','Kronström',NULL,NULL,NULL,2,NULL),
	 (NULL,'Liisu','Orik',NULL,NULL,NULL,2,NULL),
	 (NULL,'Madli','Aaberg',NULL,NULL,NULL,2,'Andmed: EÜS VIII 1316. "Uuri külas s.s. vallas üleskasv". Nimekuju Aberg lk 2512.'),
	 (NULL,'Jaan','Antonis',NULL,NULL,NULL,1,NULL),
	 (NULL,'Nasta','Liivapuu',NULL,1906,NULL,2,NULL),
	 (NULL,'Matrjona','Ojaperv',NULL,1908,NULL,2,NULL),
	 (NULL,'Jüri','Nuu',NULL,NULL,NULL,1,NULL),
	 (NULL,'Jaan','Pendel',NULL,NULL,NULL,1,NULL),
	 (NULL,'Höödor','Valgna',NULL,NULL,NULL,1,NULL),
	 (NULL,'Mall','Paulson',NULL,1873,NULL,2,NULL),
	 (NULL,'Kai','Kernauk',NULL,NULL,NULL,2,NULL),
	 (NULL,'Julie','Veske',NULL,NULL,NULL,2,NULL),
	 (NULL,'Emilie','Klaus',NULL,NULL,NULL,2,NULL),
	 (NULL,'Akulina','Pihla',NULL,NULL,NULL,2,NULL),
	 (NULL,'Ott','Paap',NULL,1907,NULL,1,NULL),
	 (NULL,'August','Kiiss',NULL,NULL,NULL,3,NULL),
	 (NULL,'Anu','Kuldkepp',NULL,NULL,NULL,2,NULL),
	 (NULL,'Jaan','Luiga',NULL,NULL,NULL,1,NULL),
	 (NULL,'Mare','Valdov',NULL,NULL,NULL,2,NULL),
	 (NULL,'Olga','Raud',NULL,NULL,NULL,2,NULL),
	 (NULL,'Matrjona',NULL,'Trossi Matr''o',NULL,NULL,2,NULL),
	 (NULL,'Aleksander','Jürgens',NULL,NULL,NULL,1,NULL),
	 (NULL,'J.','Kamar',NULL,NULL,NULL,3,NULL),
	 (NULL,'Maarja','Mäepea',NULL,NULL,NULL,2,'Kostiranna külas üleskasvanud; sealsed laulud.'),
	 (NULL,'Jevdokia','Sõrmus',NULL,1915,NULL,2,NULL),
	 (NULL,'Jaan','Viidikas',NULL,NULL,NULL,1,NULL),
	 (NULL,'Marie','Lauri',NULL,NULL,NULL,2,NULL),
	 (NULL,'August','Sildnik',NULL,NULL,NULL,3,NULL),
	 (NULL,'Eduard','Kärner',NULL,NULL,NULL,1,NULL),
	 (NULL,'Matli','Potsepp',NULL,NULL,NULL,2,NULL),
	 (NULL,'Hels','Vihm',NULL,NULL,NULL,2,NULL),
	 (NULL,'L.','Visla',NULL,NULL,NULL,3,NULL),
	 (NULL,'Rosine','Vool','Rosiine',NULL,NULL,2,NULL),
	 (NULL,'Helgi','Kihno',NULL,NULL,NULL,3,NULL),
	 (NULL,'K.','Lohk',NULL,NULL,NULL,3,NULL),
	 (NULL,'Juri','Klement',NULL,NULL,NULL,1,NULL),
	 (NULL,'Hendrik','Liiver',NULL,NULL,NULL,1,NULL),
	 (NULL,'Anette','Evart',NULL,NULL,NULL,2,NULL),
	 (NULL,'Anne','Petserimägi',NULL,1932,NULL,2,NULL),
	 (NULL,'Liina','Kannus',NULL,NULL,NULL,2,NULL),
	 (NULL,'Liisa','Vilgats',NULL,NULL,NULL,2,NULL),
	 (NULL,'Irina','Pino',NULL,NULL,NULL,2,NULL),
	 (NULL,'Jakub','Pargas',NULL,NULL,NULL,1,NULL),
	 (NULL,'Ann','Kallas',NULL,NULL,NULL,2,NULL),
	 (NULL,'Andres','Sild',NULL,NULL,NULL,1,NULL),
	 (NULL,'Daniel','Punman',NULL,NULL,NULL,1,NULL),
	 (NULL,'Taive','Särg',NULL,NULL,NULL,3,NULL),
	 (NULL,'Marie','Saage',NULL,NULL,NULL,2,NULL),
	 (NULL,'Peeter','Tiitsmann',NULL,NULL,NULL,1,NULL),
	 (NULL,'Mari','Paabu',NULL,NULL,NULL,2,NULL),
	 (NULL,'Tiina','Järv',NULL,NULL,NULL,2,NULL),
	 (NULL,'Marie','Pahlberg',NULL,NULL,NULL,2,'Laulja Anu Sandbank''i tütar. Sandbanki andmed EÜS VIII 1319.'),
	 (NULL,'Magdalena','Jurango',NULL,NULL,NULL,2,NULL),
	 (NULL,NULL,'Saarmets',NULL,NULL,NULL,2,'Kaarel Saarmetsa naine.'),
	 (NULL,'Mari','Bormann',NULL,NULL,NULL,2,NULL),
	 (NULL,'Jaan','Kreidemann',NULL,NULL,NULL,1,NULL),
	 (NULL,'Mai','Jaanson',NULL,NULL,NULL,2,NULL),
	 (NULL,'Joosep','Tuust',NULL,NULL,NULL,1,NULL),
	 (NULL,'Loreida','Raudsep',NULL,NULL,NULL,3,NULL),
	 (NULL,'Leena','Mikiver',NULL,NULL,NULL,2,NULL),
	 (NULL,'J.','Mark',NULL,NULL,NULL,3,NULL),
	 (NULL,'Aleksandra','Kaljusaar',NULL,NULL,NULL,2,NULL),
	 (NULL,'Helmi','Paesalu',NULL,NULL,NULL,2,NULL),
	 (NULL,'Ekaterina','Õllemets',NULL,NULL,NULL,2,NULL),
	 (NULL,'Artur','Martin',NULL,NULL,NULL,3,NULL),
	 (NULL,'Aleksander','Välbe',NULL,NULL,NULL,1,NULL),
	 (NULL,'I.','Paukson',NULL,NULL,NULL,3,NULL),
	 (NULL,'Anu','Kõrgesaar',NULL,1853,NULL,2,'Sünniaasta ja neiupõlvenimi Lepik: GENist.'),
	 (NULL,'Jüri','Kreismann',NULL,NULL,NULL,1,NULL),
	 (NULL,'Anne','Palatu',NULL,1910,NULL,2,NULL),
	 (NULL,'Jüri','Kumberg',NULL,NULL,NULL,1,NULL),
	 (NULL,'Anna','Loob',NULL,NULL,NULL,2,NULL),
	 (NULL,'Liisa','Altov',NULL,NULL,NULL,2,NULL),
	 (NULL,'A.','Ingermann',NULL,NULL,NULL,3,NULL),
	 (NULL,'Aili','Kivinurm',NULL,NULL,NULL,3,NULL),
	 (NULL,'M.','Jakobson',NULL,NULL,NULL,3,NULL),
	 (NULL,'Maret','Lauri',NULL,1852,NULL,2,'Maret Lauri on isaema, 1852-1931. (Geni)'),
	 (NULL,'Anna','Tutt',NULL,NULL,NULL,2,NULL),
	 (NULL,'Tanil','Anton',NULL,NULL,NULL,1,NULL),
	 (NULL,'Mai','Punt',NULL,NULL,NULL,2,NULL),
	 (NULL,'Jaan','Kahu',NULL,NULL,NULL,1,NULL),
	 (NULL,'Juula','Rehemets',NULL,NULL,NULL,2,NULL),
	 (NULL,'Ivar','Mirov',NULL,NULL,NULL,3,NULL),
	 (NULL,'Ida','Meos',NULL,1909,NULL,2,NULL),
	 (NULL,'Katariina','Toru',NULL,NULL,NULL,2,NULL),
	 (NULL,'August','Pulst',NULL,NULL,NULL,3,NULL),
	 (NULL,'Viiu','Kallas',NULL,NULL,NULL,2,NULL),
	 (NULL,'Emilie','Birkenbaum',NULL,NULL,NULL,2,NULL),
	 (NULL,'Aleksandra','Suuvere','Al''la Suuvere',1908,NULL,2,'Snd Võsu, srn 2000. (Geni)'),
	 (NULL,'Leena','Valge',NULL,NULL,NULL,3,NULL),
	 (NULL,'Rosalie','Veinberg',NULL,NULL,NULL,2,NULL),
	 (NULL,'Jakob','Ploom',NULL,NULL,NULL,1,'Snd Võide k, kus üles kasv. ja laulud õppinud. Viisikoguja märgib üleskirjutamise kohaks Aru küla, teksti koguja Liiva küla. Valin Aru küla, sest see on Vikis olemas [T. S.]'),
	 (NULL,'Olga','Sutt',NULL,1894,NULL,2,'Eluaastad: 1894-1979'),
	 (NULL,'Ivika-Ly','Leesmaa',NULL,NULL,NULL,3,NULL),
	 (NULL,'Mart','Kokk',NULL,NULL,NULL,1,NULL),
	 (NULL,'Juhan','Paesüld',NULL,NULL,NULL,1,NULL),
	 (NULL,'Mai','Joonaks',NULL,NULL,NULL,2,NULL),
	 (NULL,'Anna','Vihur',NULL,1910,NULL,2,NULL),
	 (NULL,'Luule','Albert',NULL,NULL,NULL,2,NULL),
	 (NULL,'Madli','Kalamees',NULL,NULL,NULL,2,NULL),
	 (NULL,'Jaan','Pikstrem',NULL,NULL,NULL,1,NULL),
	 (NULL,'Kai','Abental',NULL,NULL,NULL,2,NULL),
	 (NULL,'Liis','Rõõm',NULL,NULL,NULL,2,NULL),
	 (NULL,'Maria','Kalmus',NULL,1898,NULL,2,NULL),
	 (NULL,'Marie','Kallas',NULL,NULL,NULL,2,NULL),
	 (NULL,'Elli','Küttim',NULL,1909,NULL,2,'Elli Küttim, snd Lauri, 1909-1993.'),
	 (NULL,'Kata','Mehilane',NULL,NULL,NULL,2,NULL),
	 (NULL,'Jüri','Tiedt',NULL,NULL,NULL,3,NULL),
	 (NULL,'Juula','Aksim',NULL,NULL,NULL,2,NULL),
	 (NULL,'Anna','Haugas',NULL,NULL,NULL,2,NULL),
	 (NULL,'Marie','Treiret',NULL,NULL,NULL,2,NULL),
	 (NULL,'Marju','Luide',NULL,NULL,NULL,3,NULL),
	 (NULL,'Õie','Sarv',NULL,NULL,NULL,3,NULL),
	 (NULL,'Anna','Sommer',NULL,NULL,NULL,2,NULL),
	 (NULL,'Jüri','Kurss',NULL,NULL,NULL,1,NULL),
	 (NULL,'Jaan','Luik',NULL,NULL,NULL,1,NULL),
	 (NULL,'Ilze','Dunulu',NULL,1853,NULL,2,NULL),
	 (NULL,'Anna','Topp',NULL,NULL,NULL,2,NULL),
	 (NULL,'Anna','Viljus',NULL,NULL,NULL,2,NULL),
	 (NULL,'Mai','Pappa',NULL,NULL,NULL,2,NULL),
	 (NULL,'Ingel','Rosin',NULL,NULL,NULL,2,NULL),
	 (NULL,'Maria','Lember',NULL,NULL,NULL,3,NULL),
	 (NULL,'Udo','Kolk',NULL,NULL,NULL,3,NULL),
	 (NULL,'Hans','Nõmmiksaar',NULL,NULL,NULL,1,NULL),
	 (NULL,'Gustav','Ossi',NULL,NULL,NULL,1,NULL),
	 (NULL,'M.','Klink',NULL,NULL,NULL,3,NULL),
	 (NULL,'Krõõt','Lutrik',NULL,NULL,NULL,2,NULL),
	 (NULL,'Maarja','Ots',NULL,NULL,NULL,2,'"Sndn jasv. ja elanud Kukruse külas Jõhvi kihelk. Sääl ka laulud õpinud ja üleskirj." (EÜS VI 904).'),
	 (NULL,'Elts','Toost',NULL,NULL,NULL,2,'Sndn. kasv. elanud ja õpinud laulud Õetlas.'),
	 (NULL,'Ann','Tammann',NULL,NULL,NULL,2,NULL),
	 (NULL,'L.','Põld',NULL,NULL,NULL,3,NULL),
	 (NULL,'J.','Kärt',NULL,NULL,NULL,3,NULL),
	 (NULL,'Mai','Pain',NULL,NULL,NULL,2,NULL),
	 (NULL,'Johannes','Ukareda',NULL,NULL,NULL,1,NULL),
	 (NULL,'Leenu','Saarmann',NULL,NULL,NULL,2,NULL),
	 (NULL,'Miihkal',NULL,NULL,NULL,NULL,1,NULL),
	 (NULL,'P.','Veinberg',NULL,NULL,NULL,3,NULL),
	 (NULL,'Ekaterina','Lõo',NULL,NULL,NULL,2,NULL),
	 (NULL,'Anna','Ernits',NULL,NULL,NULL,2,NULL),
	 (NULL,'Kai','Dreimann',NULL,NULL,NULL,2,NULL),
	 (NULL,'Eva','Kütt',NULL,NULL,NULL,2,NULL),
	 (NULL,'Aleksander','Maaker',NULL,1890,NULL,1,NULL),
	 (NULL,'Mari','Raba',NULL,NULL,NULL,2,NULL),
	 (NULL,'Rein','Liikas',NULL,NULL,NULL,1,NULL),
	 (NULL,'Anna','Põder',NULL,1885,NULL,2,NULL),
	 (NULL,'Jaan','Tamberg',NULL,NULL,NULL,1,NULL),
	 (NULL,'Mari','Kräämer',NULL,NULL,NULL,2,'"Wiinistul üles kasv. Viinistu laulud."'),
	 (NULL,'Liisu','Mühlberg',NULL,NULL,NULL,2,NULL),
	 (NULL,'Alo','Põldmäe',NULL,NULL,NULL,3,NULL),
	 (NULL,'Ann','Liiv',NULL,NULL,NULL,2,NULL),
	 (NULL,'Tiina','Silmann',NULL,NULL,NULL,2,NULL),
	 (NULL,'Kai','Silberg',NULL,NULL,NULL,2,NULL),
	 (NULL,'Leena','Kalbek',NULL,NULL,NULL,2,NULL),
	 (NULL,'L.','Seppel',NULL,NULL,NULL,3,NULL),
	 (NULL,'D.','Pruhl',NULL,NULL,NULL,3,NULL),
	 (NULL,'Kaarel','Siim',NULL,NULL,NULL,1,NULL),
	 (NULL,'J.','Schulz',NULL,NULL,NULL,3,NULL),
	 (NULL,'Alexander Heinrich','Neus',NULL,NULL,NULL,3,NULL),
	 (NULL,'Mari','Kütt',NULL,NULL,NULL,2,NULL),
	 (NULL,'Leena','Nirk',NULL,NULL,NULL,2,NULL),
	 (NULL,'J.','Jürvetson',NULL,NULL,NULL,3,NULL),
	 (NULL,'Eva','Riiska','Pariisi Eeva',NULL,NULL,2,NULL),
	 (NULL,'Mari','Onkli',NULL,NULL,NULL,2,NULL),
	 (NULL,'Katarina','Krönström',NULL,NULL,NULL,2,NULL),
	 (NULL,NULL,NULL,'[Kõnnu neiu]',NULL,NULL,2,NULL),
	 (NULL,'Miina','Küla',NULL,NULL,NULL,2,NULL),
	 (NULL,'Vilma','Proodel',NULL,1911,NULL,2,NULL),
	 (NULL,'Leena','Kulpin',NULL,NULL,NULL,3,NULL),
	 (NULL,'Maria','Korts',NULL,NULL,NULL,2,NULL),
	 (NULL,'Juuli','Lihulinn',NULL,NULL,NULL,2,NULL),
	 (NULL,'Liisu','Laupa',NULL,NULL,NULL,2,NULL),
	 (NULL,'Alma','Mölder',NULL,NULL,NULL,2,NULL),
	 (NULL,'Jaan','Veber',NULL,NULL,NULL,1,NULL),
	 (NULL,'A.','Valmet',NULL,NULL,NULL,3,NULL),
	 (NULL,'Iriina','Kuusesaar','Kuusesaar, Reene',1916,NULL,2,NULL),
	 (NULL,'Praskovja','Purdeots',NULL,NULL,NULL,2,NULL),
	 (NULL,'Juula','Õun',NULL,NULL,NULL,2,NULL),
	 (NULL,'Kai','Martinson',NULL,NULL,NULL,2,'Kai Martinson on Mai Leitorpi tütar.'),
	 (NULL,'Ann','Vomm',NULL,NULL,NULL,2,NULL),
	 (NULL,'Pauliine','Kiiver',NULL,NULL,NULL,2,NULL),
	 (NULL,'Maria','Vahar',NULL,NULL,NULL,2,NULL),
	 (NULL,'Liisa','Peiit',NULL,NULL,NULL,2,NULL),
	 (NULL,'Johannes','Sõster',NULL,NULL,NULL,3,NULL),
	 (NULL,'Oskar','Hannsen',NULL,NULL,NULL,1,NULL),
	 (NULL,'Madli','Lepik',NULL,NULL,NULL,3,'Madli Lepik suri 1865 92-aastasena, sünniaasta seega 1773.'),
	 (NULL,'Anne','Oiukas',NULL,1915,NULL,2,NULL),
	 (NULL,'Jaan','Saagpakk',NULL,NULL,NULL,1,NULL),
	 (NULL,'Rudolf','Tamm',NULL,NULL,NULL,3,NULL),
	 (NULL,'Tiina','Alas',NULL,NULL,NULL,2,NULL),
	 (NULL,'Mari','Säärsant',NULL,NULL,NULL,2,NULL),
	 (NULL,'Anna','Blum',NULL,NULL,NULL,2,NULL),
	 (NULL,'Kristina','Zerning',NULL,NULL,NULL,2,NULL),
	 (NULL,'Agrepina','Pihlaste','Kreepa Pihlaste',NULL,NULL,2,NULL),
	 (NULL,'Marie-Margarethe','Keller',NULL,NULL,NULL,2,NULL),
	 (NULL,'Liisa','Torupill',NULL,NULL,NULL,2,NULL),
	 (NULL,'Marie','Ilves',NULL,NULL,NULL,2,NULL),
	 (NULL,'Maria','Korge',NULL,NULL,NULL,2,NULL),
	 (NULL,'Marie','Fählmann',NULL,NULL,NULL,2,NULL),
	 (NULL,'E.','Põldma',NULL,NULL,NULL,3,NULL),
	 (NULL,'Kata','Täht',NULL,NULL,NULL,2,NULL),
	 (NULL,'J.','Jaanus',NULL,NULL,NULL,3,NULL),
	 (NULL,'Liisu','Viitberg',NULL,NULL,NULL,2,NULL),
	 (NULL,'Jaan','Bach',NULL,NULL,NULL,1,NULL),
	 (NULL,'Ann','Päästlane',NULL,NULL,NULL,2,NULL),
	 (NULL,NULL,NULL,'Jakko Olli',NULL,NULL,2,NULL),
	 (NULL,'Abel','Klement',NULL,NULL,NULL,1,NULL),
	 (NULL,'Tõnis','Jantson',NULL,NULL,NULL,1,NULL),
	 (NULL,'Maria','Pai',NULL,1909,NULL,2,NULL),
	 (NULL,'Maria','Lindgrem',NULL,NULL,NULL,2,NULL),
	 (NULL,'Jevdokia',NULL,'Treiali Od''e',NULL,NULL,2,NULL),
	 (NULL,'P.','Kuusk',NULL,NULL,NULL,3,NULL),
	 (NULL,'Jaan','Pihkva',NULL,1836,NULL,1,NULL),
	 (NULL,'Kaarel','Trei',NULL,NULL,NULL,1,'Mõisa öövaht (EÜS VII 2244)'),
	 (NULL,'Mihkel','Jürken',NULL,NULL,NULL,1,NULL),
	 (NULL,'Madli','Kranich',NULL,NULL,NULL,2,NULL),
	 (NULL,'Abram','Põltsam',NULL,NULL,NULL,1,NULL),
	 (NULL,NULL,NULL,'Hedota Ann',NULL,NULL,2,NULL),
	 (NULL,'Elli','Alas',NULL,NULL,NULL,2,NULL),
	 (NULL,'Eeva','Antov',NULL,NULL,NULL,2,NULL),
	 (NULL,'Ann','Birk',NULL,NULL,NULL,2,NULL),
	 (NULL,'Liisu','Mets',NULL,NULL,NULL,2,NULL),
	 (NULL,'Matrjona','Suuvere',NULL,NULL,NULL,2,NULL),
	 (NULL,'Melanie','Jomm',NULL,NULL,NULL,2,NULL),
	 (NULL,'Joann','Kalmus',NULL,NULL,NULL,1,NULL),
	 (NULL,'Mihkel','Holm',NULL,1856,NULL,1,NULL),
	 (NULL,'Anna',NULL,'Ivani Anne',NULL,NULL,2,NULL),
	 (NULL,'Anna','Kallebron',NULL,NULL,NULL,2,'Elab ja on üles kasvanud Suurpea külas.'),
	 (NULL,'Liisu','Mägi','Puru Liisu',1832,NULL,2,'Suviti töötanud Pärnumaal, Häädemeeste piirkonnas. Suri 1925. Andmeid: Kolk 1984: 3'),
	 (NULL,'Elfriede','Raat',NULL,NULL,NULL,2,NULL),
	 (NULL,'Georg','Kipper',NULL,NULL,NULL,1,NULL),
	 (NULL,'Greete','Jents','Jõnts, Greete; Jõnts; Irina',1884,NULL,2,'Ametlik nimi Jents, Irina, aga seda üldse ei kasutatud ega teatud. Jents/Jõnts oli häälduslik sarnasus. [T. S.]'),
	 (NULL,'Jüri','Vilberg',NULL,NULL,NULL,1,NULL),
	 (NULL,'Mai','Raam',NULL,NULL,NULL,2,NULL),
	 (NULL,'Vassilissa','Kõoküla',NULL,NULL,NULL,2,NULL),
	 (NULL,'Kadri','Kukk',NULL,NULL,NULL,2,NULL),
	 (NULL,'Selma','Lätt',NULL,NULL,NULL,3,NULL),
	 (NULL,'Pauline','Tenisson',NULL,NULL,NULL,2,'Jõhvi k. kasvanud ja laulud õppinud. (lk 925)'),
	 (NULL,'Ado','Grenzstein',NULL,NULL,NULL,3,NULL),
	 (NULL,'Ann','Tiitsmann',NULL,NULL,NULL,2,NULL),
	 (NULL,'Berta','Ilver',NULL,NULL,NULL,2,NULL),
	 (NULL,'Mai','Lille',NULL,NULL,NULL,2,NULL),
	 (NULL,'Liisu','Saagpakk',NULL,NULL,NULL,2,NULL),
	 (NULL,'Mai','Kukk',NULL,NULL,NULL,2,NULL),
	 (NULL,'Hilda','Tombak',NULL,NULL,NULL,2,NULL),
	 (NULL,'Mari','Kukk',NULL,NULL,NULL,2,NULL),
	 (NULL,'Anu','Peks',NULL,NULL,NULL,2,'Eluaeg Uue-Suistle vallas elanud, noorena Uue-Suistle mõisas teol käinud: suvel põllul, talvek ketramas, seal laulud õppinud ja loonud; on kuulus laulja olnud.'),
	 (NULL,'Mai','Pamberg',NULL,NULL,NULL,2,NULL),
	 (NULL,'Jakob','Press',NULL,NULL,NULL,3,NULL),
	 (NULL,'Emmai','Kanger',NULL,NULL,NULL,2,NULL),
	 (NULL,'Liisa','Loik',NULL,NULL,NULL,2,NULL),
	 (NULL,'Juuli','Rehkat',NULL,NULL,NULL,2,NULL),
	 (NULL,'Madli','Rung',NULL,NULL,NULL,2,NULL),
	 (NULL,'Jaan','Püvi',NULL,NULL,NULL,1,NULL),
	 (NULL,'Johannes','Kiivet',NULL,1879,NULL,1,'"4da ja 5da kirjutasin Tallinnamaalt Maarja Magdaleenast oleva E. Aleksandrik. k. kasvandiku Johannes Kiiveti ette laulmise järele; tema ütles neid Paistu kihelk. ülesse kasvanud vanaema suust kuulnud." (EÜS VII 449) Andmed otsisin: 1879-1967, snd Järvamaal, Koigi v., Koeru khk. Eesti haridustegelane, tehnilise kutsehariduse eestvedajaid. Õppis Eesti Aleksandri Linnakoolis 1890-1895. Liiso Kivit, snd u 1812 Tuhalaanes (Wiki, Geni) [T. S.]'),
	 (NULL,'Mari','Kotkas',NULL,NULL,NULL,2,NULL),
	 (NULL,NULL,NULL,'Palaga',NULL,NULL,2,'Viisi juures kirjas "75. a. eide, Wene rahwusest pärit olewa Palaga käest"'),
	 (NULL,'Madis','Krasmann',NULL,NULL,NULL,1,'Nime kirjutatakse Krasmann ja Grasmann, isegi tekstikogus on mõlemad.  "Kurtnal karjane. (Siit pärit)." (EÜS VI 959)'),
	 (NULL,'Madis','Reimann',NULL,NULL,NULL,3,NULL),
	 (NULL,'R.','Kannukene',NULL,NULL,NULL,3,NULL),
	 (NULL,'Taali','Parktal',NULL,NULL,NULL,2,NULL),
	 (NULL,'Anna','Mikiver',NULL,NULL,NULL,2,NULL),
	 (NULL,'Hindrek','Raaman',NULL,NULL,NULL,1,NULL),
	 (NULL,'Kadri','Krüger',NULL,NULL,NULL,2,NULL),
	 (NULL,'Peeter','Tatz',NULL,NULL,NULL,3,NULL),
	 (NULL,'Aliide','Õismann',NULL,NULL,NULL,2,NULL),
	 (NULL,'J.','Müür',NULL,NULL,NULL,3,NULL),
	 (NULL,'Jaan','Gutves',NULL,NULL,NULL,1,NULL),
	 (NULL,'Maria','Erenström',NULL,NULL,NULL,2,NULL),
	 (NULL,'Mall','Larm',NULL,NULL,NULL,2,NULL),
	 (NULL,'C. V.','Ärtis',NULL,NULL,NULL,3,NULL),
	 (NULL,'Anu','Gravrok',NULL,NULL,NULL,2,NULL),
	 (NULL,'J.','Kalkun',NULL,NULL,NULL,3,NULL),
	 (NULL,'Amalie','Tammjärv',NULL,NULL,NULL,2,NULL),
	 (NULL,'Jaan','Söödor',NULL,1874,1917,3,NULL),
	 (NULL,'Olga','Klaas','Kraavi Reet',1897,NULL,2,NULL),
	 (NULL,'Mari','Viibus',NULL,NULL,NULL,2,NULL),
	 (NULL,'Toomas','Uibopuu',NULL,NULL,NULL,1,'Geni: 1853-1931, Tohvri veski.'),
	 (NULL,'I.','M.',NULL,NULL,NULL,2,'Advendistide raamatute müüja, "eit"; u. 40 a. vana ja nimetähed L. M. ERA II 30, 62 (2)). "I. M. --- 56 a. v." (ERA III 6, 22 (21)). Valisin vanuse 56, sest see oli konkreetne, samas kui teise koguja 40 oli umbes pakutud; ühtluse nimeks tähed I. M. [T. S.]'),
	 (NULL,'Edna','Tuvi',NULL,NULL,NULL,3,NULL),
	 (NULL,'Jekaterina',NULL,'Tepo Kat''i',NULL,NULL,2,NULL),
	 (NULL,'Jüri','Remmelgas',NULL,NULL,NULL,1,NULL),
	 (NULL,'Maria','Telliste',NULL,1927,NULL,2,NULL),
	 (NULL,'Mari','Kasekänd',NULL,NULL,NULL,2,NULL),
	 (NULL,'Leen','Peru',NULL,NULL,NULL,2,NULL),
	 (NULL,'Zinaida','Saar',NULL,1908,NULL,2,NULL),
	 (NULL,'Paul','Mägiste',NULL,1907,NULL,1,NULL),
	 (NULL,'H.','Niit',NULL,NULL,NULL,3,NULL),
	 (NULL,'Elviine','Nahkmann',NULL,NULL,NULL,2,NULL),
	 (NULL,'Ann','Kukk',NULL,NULL,NULL,2,NULL),
	 (NULL,'Leena','Liivamäe',NULL,NULL,NULL,2,NULL),
	 (NULL,'Leena','Seller',NULL,NULL,NULL,2,NULL),
	 (NULL,'Jüri','Kiigajaan',NULL,1902,NULL,1,NULL),
	 (NULL,'Ann','Tonder',NULL,NULL,NULL,2,NULL),
	 (NULL,'Liisu','Piilberg',NULL,NULL,NULL,2,NULL),
	 (NULL,'Juhan','Koppel',NULL,1904,NULL,1,NULL),
	 (NULL,'Jaan','Krüger',NULL,NULL,NULL,1,NULL),
	 (NULL,'Liis','Lepp',NULL,NULL,NULL,2,NULL),
	 (NULL,'Sofia','Aasa',NULL,NULL,NULL,2,NULL),
	 (NULL,'Leena','Leinberg',NULL,NULL,NULL,2,NULL),
	 (NULL,'Tohver','Klemlork',NULL,NULL,NULL,1,NULL),
	 (NULL,'Hilda','Kuklas',NULL,NULL,NULL,2,NULL),
	 (NULL,'A.','Sakkeus',NULL,NULL,NULL,3,NULL),
	 (NULL,'Mart','Saar',NULL,NULL,NULL,3,NULL),
	 (NULL,'Karl Voldemar','Rosenstrauch',NULL,NULL,NULL,3,NULL),
	 (NULL,'Anna','Eilu',NULL,NULL,NULL,2,NULL),
	 (NULL,'Anu','Mäematt',NULL,NULL,NULL,2,NULL),
	 (NULL,'Maria','Torupill',NULL,NULL,NULL,2,'Willema naene; Tõniksel'),
	 (NULL,'K.','Sõmer',NULL,NULL,NULL,3,NULL),
	 (NULL,'Kaarel','Moor',NULL,NULL,NULL,1,NULL),
	 (NULL,'Elisabet','Piiskop',NULL,NULL,NULL,2,NULL),
	 (NULL,'Emilie','Kink',NULL,NULL,NULL,2,'Nimi käändub Kink: Kingu.'),
	 (NULL,'Mari','Aaman',NULL,NULL,NULL,2,NULL),
	 (NULL,'Ann','Vahermaa',NULL,NULL,NULL,2,NULL),
	 (NULL,'Kai','Margut',NULL,NULL,NULL,2,NULL),
	 (NULL,'Peeter','Tamberg',NULL,NULL,NULL,1,NULL),
	 (NULL,'Jaan','Söödor',NULL,1866,NULL,1,'Esitaja on koguja Jaan Söödori vanaonupoeg, kes kuulis laulu Tiina Anweldilt (Anvelt?): "1., 2. ja 6. oma vanaonupoja Jaan Söödori ettelaulmise järele ---" / Geni: Jaan Södor, snd 1822, naine Anno Södor, snd 1835 (Muld), Kõo v, Koksvere k. Jaanil on poeg Jaan, snd 1866 - SEE ON ARVATAVASTI LAULIK, ta oleks 1895. a. 29-aastane. 1822. a. sündinud Jaanil on vend Mihkel, snd 1811, Kõo v, Paluküla, Kerstna t. Mihklil on poeg Karel Södor, snd 1844, Kõo v, Paluküla, Kulpli t. Karelil on poeg Jaan Södor, snd 1874, Kulpli t., srn 1917 Jämejalas - SEE ON KOGUJA. / Perekonnanime Anvelt (Anwelt) on pandud Kõo mõisas Pilistvere kihelkonnas Viljandimaal. (Wiki)'),
	 (NULL,'Liisu','Remmelgas',NULL,NULL,NULL,2,NULL),
	 (NULL,'H.','Külvand',NULL,NULL,NULL,3,NULL),
	 (NULL,'Mihkel','Loob','Sassi Mita',1907,NULL,1,'1907-1991 (VK VII: 2, lk 743)'),
	 (NULL,'Pauline','Kaunissaar',NULL,NULL,NULL,2,NULL),
	 (NULL,'Jaan','Günter',NULL,NULL,NULL,1,NULL),
	 (NULL,'Rein','Kredemann',NULL,NULL,NULL,1,NULL),
	 (NULL,'Jüri','Blum',NULL,NULL,NULL,1,'"Jüri Ploom (Blum). Sndn Jõhvi kihelk. Kiiglas, Arvila külas (Pungerjal), elas Püssis; Vokas (Toilas) ju üle 30 a. elamas." (EÜS VI 877). S.o Vokas alates 1879.'),
	 (NULL,'Mihkel','Käärd',NULL,NULL,NULL,1,NULL),
	 (NULL,'Jüri','Steinberg',NULL,NULL,NULL,1,NULL),
	 (NULL,'Joosep','Wiedemann',NULL,NULL,NULL,1,'Kaks nimekuju. Joosep Wiedemann. Viimased 48 a elas Puru k. (EÜS II 757), s.o. alates 1857. "Jakob Wiidemann, 68 a. v. Jüri kihelk, Vähtsa val. kasv." (EÜS II 671). Joosep Wiedemann on ka H II 1, 523/6.'),
	 (NULL,'Arseeni','Pook',NULL,NULL,NULL,2,NULL),
	 (NULL,'R.','T.',NULL,NULL,NULL,3,NULL),
	 (NULL,'Marie','Esken',NULL,NULL,NULL,2,NULL),
	 (NULL,'Jüri','Meri',NULL,NULL,NULL,1,NULL),
	 (NULL,'Ann','Klaasberg',NULL,NULL,NULL,2,NULL),
	 (NULL,'Ann','Press',NULL,NULL,NULL,2,'Orig: Rakveres Ann Press. Aljala kihelk. Valku mõisast'),
	 (NULL,'Tiina','Malberg',NULL,NULL,NULL,2,'Mardi naene'),
	 (NULL,'Mai','Tanneberg',NULL,NULL,NULL,2,NULL),
	 (NULL,'Miina','Kitter',NULL,NULL,NULL,2,NULL),
	 (NULL,'Anu','Vächter',NULL,NULL,NULL,2,NULL),
	 (NULL,'Jakob','Luukas',NULL,NULL,NULL,1,NULL),
	 (NULL,'Sinaida','Saar','Saar, Siina; Kaerametsa Siina',NULL,NULL,2,NULL),
	 (NULL,'Karl','Kink',NULL,NULL,NULL,1,'Nimi käändub Kink: Kingu. Gerda Laugaste isa on Karl Kink 1866-1946 (Geni).'),
	 (NULL,'Helle','Harring',NULL,1900,NULL,2,NULL),
	 (NULL,'Mari','Konsa',NULL,NULL,NULL,2,'Snd. Udrias. 4aastaselt Toila tulnud, s.o 1905. "Laulud Udriast päritud." (öl 875) "Konsa vanaema vanemad tulid Rootsist" (lk 925)'),
	 (NULL,'Leenu','Montag',NULL,NULL,NULL,2,NULL),
	 (NULL,'Ann','Varusk',NULL,NULL,NULL,3,NULL),
	 (NULL,'Tiina','Raump',NULL,NULL,NULL,2,NULL),
	 (NULL,'Villem','Falkenberg','Pruks',NULL,NULL,1,'Vabadik'),
	 (NULL,'J.','Moodis',NULL,NULL,NULL,3,NULL),
	 (NULL,'Helene','Väärtnõu',NULL,NULL,NULL,2,NULL),
	 (NULL,'Kadri','Pallasmaa',NULL,NULL,NULL,2,NULL),
	 (NULL,'Maarja','Aurik',NULL,NULL,NULL,2,NULL),
	 (NULL,'Siimon','Muda',NULL,NULL,NULL,1,NULL),
	 (NULL,'Jaak','Kasela',NULL,NULL,NULL,1,NULL),
	 (NULL,'Mai','Plõks',NULL,NULL,NULL,2,NULL),
	 (NULL,'Maria','Vesik','Suigu Mari',NULL,NULL,2,NULL),
	 (NULL,'Minna','Kokk',NULL,1892,NULL,2,'Neiupõlvenimi Uibu, töö: sovhoosnik. Andmed ja sünniaasta RKM II 135, 161'),
	 (NULL,'Liisa','Kurg',NULL,NULL,NULL,2,NULL),
	 (NULL,'M.','Tammik',NULL,NULL,NULL,3,NULL),
	 (NULL,'Marie','Kasemets',NULL,1900,NULL,2,NULL),
	 (NULL,'Aliide','Lootsmann',NULL,NULL,NULL,2,NULL),
	 (NULL,'Andres','Tamm',NULL,NULL,NULL,1,NULL),
	 (NULL,'Liina','Trummar',NULL,NULL,NULL,2,NULL),
	 (NULL,'Jakob','Rakk',NULL,NULL,NULL,1,NULL),
	 (NULL,'Maria','Sepp','Antsu Mari',NULL,NULL,2,NULL),
	 (NULL,'Anete','Aasa',NULL,NULL,NULL,2,NULL),
	 (NULL,'Johan','Espenbaum',NULL,NULL,NULL,1,NULL),
	 (NULL,'Aliide','Kaasik',NULL,NULL,NULL,2,NULL),
	 (NULL,'Jüri','Orgusaar',NULL,NULL,NULL,3,NULL),
	 (NULL,'Mai','Kübarsepp',NULL,NULL,NULL,2,NULL),
	 (NULL,'Eva','Torokov',NULL,NULL,NULL,2,NULL),
	 (NULL,'Juhan','Luik',NULL,NULL,NULL,1,'Isanimi Jaan. ""Latsest saanik" K-Võnnu elanik. On pime, kuid muidu veel kuraasikas vana." (ERA II 35, 173))'),
	 (NULL,'Alma','Kurvits',NULL,1906,NULL,2,'Lisasin sünnia. Genist: Alma Kurvits, snd 1906, Hans Kurvitsa õde, snd Abjas.'),
	 (NULL,'J.','Veskemäe',NULL,NULL,NULL,3,NULL),
	 (NULL,'Liisa','Soeson',NULL,NULL,NULL,2,NULL),
	 (NULL,'Anna','Simpmann',NULL,NULL,NULL,2,NULL),
	 (NULL,'Jaan','Tohver',NULL,NULL,NULL,1,NULL),
	 (NULL,'Mari','Nelberg',NULL,NULL,NULL,2,'Andmed: EÜS VIII 1316. Kolga-Aablas üleskasvanud, praegu ka seal.'),
	 (NULL,'Jakob','Keevisk',NULL,NULL,NULL,1,NULL),
	 (NULL,'Anu','Tikk',NULL,NULL,NULL,2,NULL),
	 (NULL,'Ann','Kolatsk',NULL,NULL,NULL,2,NULL),
	 (NULL,'V.','Landt',NULL,NULL,NULL,3,NULL),
	 (NULL,'Hilda','Paju',NULL,NULL,NULL,2,NULL),
	 (NULL,'Vambola','Kurg',NULL,NULL,NULL,1,NULL),
	 (NULL,'Helene','Maasen',NULL,NULL,NULL,2,NULL),
	 (NULL,'Jaan','Kelder',NULL,NULL,NULL,1,NULL),
	 (NULL,'Sirje','Kurg',NULL,NULL,NULL,3,NULL),
	 (NULL,'Kärt','Kornit',NULL,NULL,NULL,2,NULL),
	 (NULL,'Matli','Pähn',NULL,1840,NULL,2,'Wombsu t. vanaperenaine. (EÜS I 769) Geni: Matli Pähn, snd Prangli, 1840-1913.'),
	 (NULL,'Mari','Lepp',NULL,NULL,NULL,2,NULL),
	 (NULL,'Kristi','Salve',NULL,NULL,NULL,3,NULL),
	 (NULL,'M.','Kiisk',NULL,NULL,NULL,3,NULL),
	 (NULL,'Arvo','Krikmann',NULL,NULL,NULL,3,NULL),
	 (NULL,'H.','Kingu',NULL,NULL,NULL,3,NULL),
	 (NULL,'Ermiku','Madala',NULL,1860,NULL,3,NULL),
	 (NULL,'Hipp','Mõttus',NULL,1863,NULL,1,NULL),
	 (NULL,'Leenu','Kukk',NULL,NULL,NULL,2,NULL),
	 (NULL,'Emma','Vahesoo',NULL,1886,NULL,2,'Hilana Taarka vennatütar'),
	 (NULL,'Liina','Nugis',NULL,NULL,NULL,2,NULL),
	 (NULL,'Jaan','Salmisto',NULL,NULL,NULL,1,NULL),
	 (NULL,'Juhan','Lattik',NULL,1842,NULL,1,'Isanimi Aadam. Vana Kanepi kihelk. elanik. 48 a. olnud masinist.'),
	 (NULL,'Juhan','Vissberg',NULL,NULL,NULL,1,NULL),
	 (NULL,'Mall','Saar',NULL,NULL,NULL,2,NULL),
	 (NULL,'Anna','Kauts',NULL,NULL,NULL,2,NULL),
	 (NULL,'Liisu','Pook',NULL,NULL,NULL,2,NULL),
	 (NULL,'Jaan','Kiisa',NULL,NULL,NULL,1,NULL),
	 (NULL,'M.','Ilus',NULL,NULL,NULL,3,NULL),
	 (NULL,'Helgi','Sirmais',NULL,NULL,NULL,3,NULL),
	 (NULL,'Elts','Leht',NULL,NULL,NULL,1,NULL),
	 (NULL,'Leena','Laas',NULL,NULL,NULL,2,NULL),
	 (NULL,'Ottilie','Kõiva',NULL,NULL,NULL,3,NULL),
	 (NULL,'Peeter','Kuul',NULL,NULL,NULL,1,NULL),
	 (NULL,'Leena','Lasberg',NULL,NULL,NULL,2,'Nimi Lien (lk 1086, 1087), Leena (lk 905), Leenu [oli andmebaasi märgitud.] "Sndn. ja üleskasv. Kukruse külas, 14 a. eest Vaivarast tagasi seie asunud, kus üleskirj." (lk 905) Perjatsist tulnud (lk 1086) (EÜS VI)'),
	 (NULL,'Darja','Pisumaa','Vasila Taarka; Hilana Taarka',1856,NULL,2,NULL),
	 (NULL,'Lidia','Lutt',NULL,NULL,NULL,2,NULL),
	 (NULL,'Hans','Aasa',NULL,NULL,NULL,1,NULL),
	 (NULL,'Jakob','Ratsov',NULL,NULL,NULL,1,NULL),
	 (NULL,'Kadri','Odakas',NULL,NULL,NULL,2,'Seal sündinud, üles kasvanud, laulud õppinud.'),
	 (NULL,'Liisu','Raavik',NULL,NULL,NULL,2,NULL),
	 (NULL,'Mai','Kurus',NULL,NULL,NULL,2,NULL),
	 (NULL,'Peeter','Ader',NULL,NULL,NULL,1,NULL),
	 (NULL,'Liisa','Kilk',NULL,NULL,NULL,2,'Orig: Ädivere, Kurtna (Illuka) Vallas. Viisi ja teksti juures lauliku nimi erinev; tekstikogujal nimi parandatud. Laulud õppis sünnipaigas. Vanus orig 58-59. Andmed lk 129. [T. S.]'),
	 (NULL,'Leno','Kingerberg',NULL,NULL,NULL,2,NULL),
	 (NULL,'Ingel','Jaun',NULL,NULL,NULL,2,NULL),
	 (NULL,'Mari','Luik',NULL,1884,NULL,2,'Elab Mihkli khk, Lindsi k'),
	 (NULL,'Reet','Nõmm',NULL,NULL,NULL,2,NULL),
	 (NULL,'Jaan','Mikser',NULL,NULL,NULL,1,NULL),
	 (NULL,'Mari','Poks',NULL,NULL,NULL,2,NULL),
	 (NULL,'Mari','Tomander',NULL,NULL,NULL,2,NULL),
	 (NULL,'A.','Aavik',NULL,NULL,NULL,3,NULL),
	 (NULL,'Mai','Väljaots',NULL,NULL,NULL,2,NULL),
	 (NULL,'Ann','Ivandi',NULL,NULL,NULL,2,NULL),
	 (NULL,'Petruļa','Buļs',NULL,1865,NULL,2,NULL),
	 (NULL,'Mari','Veldermann',NULL,NULL,NULL,2,NULL),
	 (NULL,'Liisa','Pärtmann',NULL,NULL,NULL,2,'"snd., kasv. ja elanud Õetlas, kust laulud."'),
	 (NULL,'Sofie','Seebart',NULL,NULL,NULL,2,NULL),
	 (NULL,'Gustav','Mores',NULL,NULL,NULL,1,NULL),
	 (NULL,'A','Nirk',NULL,NULL,NULL,3,NULL),
	 (NULL,'Kai','Puks',NULL,NULL,NULL,2,NULL),
	 (NULL,'Jakob','Orav',NULL,NULL,NULL,3,NULL),
	 (NULL,'Anna','Taliga',NULL,NULL,NULL,2,NULL),
	 (NULL,'Madis','Ungur',NULL,NULL,NULL,1,NULL),
	 (NULL,'M.','Pallas',NULL,NULL,NULL,3,NULL),
	 (NULL,'Iida','Anni',NULL,NULL,NULL,2,'Mihkel Anni pojanaine, snd Kiiver.'),
	 (NULL,'Ann','Tampere',NULL,NULL,NULL,2,NULL),
	 (NULL,'M.','H.',NULL,NULL,NULL,3,NULL),
	 (NULL,'Aare','Väljaots',NULL,NULL,NULL,3,NULL),
	 (NULL,'Ants','Peips',NULL,NULL,NULL,1,NULL),
	 (NULL,'Mart','Kravtsov',NULL,NULL,NULL,1,'Mai Kravtsovi poeg. Elab ja on üles kasvanud Tapurla külas.'),
	 (NULL,'Liisu','Plaum',NULL,NULL,NULL,2,NULL),
	 (NULL,'Anna','Kübarsepp',NULL,NULL,NULL,2,NULL),
	 (NULL,'Kadri','Sütt','Markuse Kadri',NULL,NULL,2,NULL),
	 (NULL,'Külli','Tamkivi',NULL,NULL,NULL,3,NULL),
	 (NULL,'Eduard','Treu',NULL,NULL,NULL,3,NULL),
	 (NULL,'Olga','Stock',NULL,NULL,NULL,2,NULL),
	 (NULL,'Liisa','Kärner',NULL,NULL,NULL,2,NULL),
	 (NULL,'M.','Plumfelt',NULL,NULL,NULL,3,NULL),
	 (NULL,'Anton','Kruusimägi',NULL,NULL,NULL,1,NULL),
	 (NULL,'Leena','Puks',NULL,NULL,NULL,2,NULL),
	 (NULL,'Peet','Tammann',NULL,NULL,NULL,1,NULL),
	 (NULL,'A.','Billem',NULL,NULL,NULL,3,NULL),
	 (NULL,'Liisa','Sarv',NULL,NULL,NULL,2,NULL),
	 (NULL,'Anne','Allpere',NULL,NULL,NULL,3,NULL),
	 (NULL,'Johan','Elken',NULL,NULL,NULL,3,NULL),
	 (NULL,'Toomas','Sõmmer',NULL,NULL,NULL,1,'Kärla kiriku köster, algkooli lauluõpetaja. Isanimi Juhan.'),
	 (NULL,'Ell','Ronimois',NULL,NULL,NULL,2,NULL),
	 (NULL,'Mart','Kreos',NULL,NULL,NULL,1,NULL),
	 (NULL,'Mari','Kaubre',NULL,NULL,NULL,2,NULL),
	 (NULL,'Maria',NULL,'Timo Marja',NULL,NULL,2,NULL),
	 (NULL,NULL,'Kurg',NULL,NULL,NULL,3,NULL),
	 (NULL,'Liisu','Jalakas',NULL,NULL,NULL,2,NULL),
	 (NULL,'Anna','Lohvut',NULL,NULL,NULL,2,'Snd. mustlane'),
	 (NULL,'Herman','Mathiesen',NULL,NULL,NULL,1,NULL),
	 (NULL,'Liine','Saaremets',NULL,NULL,NULL,2,NULL),
	 (NULL,'Jaan','Joost',NULL,NULL,NULL,1,NULL),
	 (NULL,'Ivan','Kõvamees',NULL,NULL,NULL,1,NULL),
	 (NULL,'Reet','Veher',NULL,NULL,NULL,2,NULL),
	 (NULL,'Mari','Räbin',NULL,NULL,NULL,2,NULL),
	 (NULL,'Jüri','Kägu',NULL,NULL,NULL,1,NULL),
	 (NULL,'Jaan','Likemets',NULL,NULL,NULL,1,NULL),
	 (NULL,'Juulie','Koitsaar',NULL,NULL,NULL,2,NULL),
	 (NULL,'Heinrich','Lepp',NULL,NULL,NULL,3,NULL),
	 (NULL,'Mari','Kiisler',NULL,NULL,NULL,2,NULL),
	 (NULL,'Eva','Must',NULL,1866,NULL,2,NULL),
	 (NULL,'Liisa','Kutti',NULL,NULL,NULL,2,NULL),
	 (NULL,'Liis','Sunts',NULL,NULL,NULL,2,NULL),
	 (NULL,'Andrus','Niit',NULL,NULL,NULL,1,NULL),
	 (NULL,'Aleksander','Metsamägi',NULL,1907,NULL,1,NULL),
	 (NULL,'Ingrid','Sarv',NULL,NULL,NULL,3,NULL),
	 (NULL,'Maali','Sikk',NULL,NULL,NULL,2,NULL),
	 (NULL,'T.','Leppik',NULL,NULL,NULL,3,NULL),
	 (NULL,'Kusta','Ilves',NULL,NULL,NULL,1,NULL),
	 (NULL,'Ann','Palk',NULL,NULL,NULL,2,NULL),
	 (NULL,'Alviine','Schmuul',NULL,NULL,NULL,3,NULL),
	 (NULL,'Kata','Hirtentreu',NULL,NULL,NULL,2,NULL),
	 (NULL,'Epp','Perlus',NULL,NULL,NULL,2,NULL),
	 (NULL,'Anna','Siiberg',NULL,NULL,NULL,2,'Andmed: EÜS VIII 1317. Vanus: "70 ümb." "Seal ka üles kasvanud", s.o Kiiu-Aablas'),
	 (NULL,'Elts','Wagiström','Wagiström, Els',1826,NULL,2,'Elts Wagiström (Siiberg), 1828-1912, snd Kiiu-Aablas. (Geni).'),
	 (NULL,'Liisu','Kallas',NULL,NULL,NULL,2,NULL),
	 (NULL,'Hip','Paas',NULL,NULL,NULL,2,NULL),
	 (NULL,'Villem','Rajapuu',NULL,NULL,NULL,1,NULL),
	 (NULL,'Mari','Johansin',NULL,NULL,NULL,2,NULL),
	 (NULL,'Amalie','Rätsepp',NULL,1895,NULL,2,NULL),
	 (NULL,'A.','Sein',NULL,NULL,NULL,3,NULL),
	 (NULL,'Liia','Kaaravits',NULL,NULL,NULL,2,NULL),
	 (NULL,NULL,'Hanson',NULL,NULL,NULL,3,NULL),
	 (NULL,'Mari','Neudorf',NULL,NULL,NULL,2,NULL),
	 (NULL,'Katja','Beljajeva',NULL,NULL,NULL,2,NULL),
	 (NULL,'Andrus','Kaustel',NULL,NULL,NULL,1,NULL),
	 (NULL,'Mari','Allert',NULL,NULL,NULL,2,'Nimi lk 774.'),
	 (NULL,'O.','Parts',NULL,NULL,NULL,3,NULL),
	 (NULL,'Hans','Siimer',NULL,NULL,NULL,3,NULL),
	 (NULL,'Vilma','Kuut',NULL,NULL,NULL,3,NULL),
	 (NULL,'Mari','Treimut',NULL,NULL,NULL,2,NULL),
	 (NULL,'Gustav','Vilbaste',NULL,NULL,NULL,3,NULL),
	 (NULL,'Anu','Kivi',NULL,NULL,NULL,2,NULL),
	 (NULL,'S.','Suhonen',NULL,NULL,NULL,3,NULL),
	 (NULL,'Miina','Esken',NULL,NULL,NULL,2,NULL),
	 (NULL,'Charlotte','Tammõmägi',NULL,NULL,NULL,2,NULL),
	 (NULL,'Ants','Kolots',NULL,1877,NULL,1,NULL),
	 (NULL,'Mai','Paan',NULL,NULL,NULL,2,NULL),
	 (NULL,'Juhan','Korjus',NULL,NULL,NULL,1,NULL),
	 (NULL,'Märt','Jürine',NULL,NULL,NULL,1,NULL),
	 (NULL,'Tiiu','Kiigajaan','Tatjana (ristinimi); Malle vana',1863,NULL,2,'Toomas Koti tütar, lesknaine (RKM II 27, 553). Ristinimi Tatjana, isa ristinimi Timofei (Geni). 1863-1950 (VK VII 2: 740). Tema mehevend on Melania Kiigajaani mees (VK VII 2: 785). Kirjaoskamatu.'),
	 (NULL,'HIlja','Kokamägi',NULL,NULL,NULL,3,NULL),
	 (NULL,'Kustas','Kaldasaun',NULL,1838,NULL,1,'Geni: Snd. 1838 Laupa, Järvamaa, Türi vald. Hiljemalt 1878 on elanud Juuru khk, Maidla mõisas, mille alla kuulub Helda küla. [T. S.]'),
	 (NULL,'Juhan','Porkun',NULL,NULL,NULL,1,'"Sndn. Jõhvi mõisas; 30 a eesti Illukale, Lähtepääle asunud." Ema Mari Augas. (EÜS VI 887)'),
	 (NULL,'Märt','Jänes',NULL,NULL,NULL,1,NULL),
	 (NULL,'Miina','Hermann',NULL,NULL,NULL,3,NULL),
	 (NULL,'Mari','Vainu',NULL,NULL,NULL,2,NULL),
	 (NULL,'Mihkel','Kaermann',NULL,NULL,NULL,1,NULL),
	 (NULL,'Miina','Sepp',NULL,NULL,NULL,2,NULL),
	 (NULL,'Maria','Palmroos',NULL,NULL,NULL,2,NULL),
	 (NULL,'Jaan','Karu',NULL,NULL,NULL,1,NULL),
	 (NULL,NULL,NULL,'[Seli kooliõpetaja ema]',NULL,NULL,2,NULL),
	 (NULL,'Ann','Kuusmann',NULL,NULL,NULL,2,NULL),
	 (NULL,'Kaarel','Pilts',NULL,NULL,NULL,1,NULL),
	 (NULL,'Eduard','Schmiedehelm',NULL,NULL,NULL,3,NULL),
	 (NULL,'Efrosinja','Tilk',NULL,NULL,NULL,2,NULL),
	 (NULL,'Hendrik','Hendrikmann',NULL,1870,NULL,1,NULL),
	 (NULL,'A.','Reilian',NULL,NULL,NULL,3,NULL),
	 (NULL,'Liisa','Õun',NULL,NULL,NULL,2,NULL),
	 (NULL,'Otto','Mentka',NULL,NULL,NULL,3,NULL),
	 (NULL,'Marie','Laur',NULL,NULL,NULL,2,NULL),
	 (NULL,'Silvia','Porosson',NULL,NULL,NULL,3,NULL),
	 (NULL,'Cyrillus','Kreek',NULL,NULL,NULL,3,NULL),
	 (NULL,'Jukk','Akermann',NULL,NULL,NULL,1,NULL),
	 (NULL,'Eduard','Kärp',NULL,NULL,NULL,1,NULL),
	 (NULL,'Pauline','Arme',NULL,NULL,NULL,2,'Talu perenaine. Küla: Metsla (Suurel Karedal) (EÜS VIII 486); "elab Suure Kareda külas" (EÜS VIII 575).'),
	 (NULL,'Leen','Mets',NULL,NULL,NULL,2,NULL),
	 (NULL,'Mihkel','Vann',NULL,NULL,NULL,1,NULL),
	 (NULL,'J.','Mändmets',NULL,NULL,NULL,3,NULL),
	 (NULL,'Ell','Mooses',NULL,NULL,NULL,2,NULL),
	 (NULL,'Marie Rosalie','Juks',NULL,NULL,NULL,2,NULL),
	 (NULL,'Juhan','Simm',NULL,NULL,NULL,3,NULL),
	 (NULL,'Mari','Porkun',NULL,NULL,NULL,2,'"Snd ja üleskasvanud Kuremäel, kus üles kirjutatud." (EÜS II 754)'),
	 (NULL,'Liisa','Valask',NULL,NULL,NULL,2,NULL),
	 (NULL,'Maria','Kroonmägi','Kroonmägi, Mari',1920,NULL,2,NULL),
	 (NULL,'Kadri','Suu',NULL,1869,NULL,2,'K. Suu, snd. Riuhk'),
	 (NULL,'Liis','Pull',NULL,NULL,NULL,2,NULL),
	 (NULL,'Ernst','Peterson',NULL,NULL,NULL,1,NULL),
	 (NULL,'Liisa','Renter',NULL,NULL,NULL,2,'Geni: Liisa Renter 1856-1928. Orig: Liisu Rentel (Renter) (EÜS IX 932), Liisa Rentel (EÜS IX 1006).'),
	 (NULL,'Villem','Rooberg',NULL,NULL,NULL,1,'Eestlane (noot, tekst)'),
	 (NULL,'Reet','Rebane',NULL,NULL,NULL,2,NULL),
	 (NULL,'Mari','Sutt',NULL,NULL,NULL,2,NULL),
	 (NULL,'Mari','Läänessaar',NULL,NULL,NULL,2,NULL),
	 (NULL,'Leena','Lõoke',NULL,NULL,NULL,2,NULL),
	 (NULL,'Kai',NULL,NULL,NULL,NULL,2,NULL),
	 (NULL,'Kaarel','Veiderpass',NULL,NULL,NULL,1,NULL),
	 (NULL,'Riina','Hallikson',NULL,1869,NULL,2,'Snd "1869 paigu"'),
	 (NULL,'Mai','Loos',NULL,NULL,NULL,2,NULL),
	 (NULL,'Maria','Aroküll',NULL,1888,NULL,2,'Teisal on nimi kirjutatud Marie Arrokül ja Aroküll, snd 1888 Saksis Tätamangu talus. Allikas: Sõnumed, november 2020, nr 10/490. Sirje Võsa "Ingrid Rüütli juured on Saksis Tätamangu talus." https://www.tapa.ee/documents/100755/26110104/SonumedNov5netti.pdf/d0ee14a7-f982-44ce-9638-520d0b1da51d [T. S.]'),
	 (NULL,'Melania','Elias','Tälle Madli',NULL,NULL,2,NULL),
	 (NULL,'Kadri','Sirts',NULL,NULL,NULL,2,NULL),
	 (NULL,'Maria','Kreek',NULL,NULL,NULL,2,NULL),
	 (NULL,'V.','Metsamärt',NULL,NULL,NULL,3,NULL),
	 (NULL,'Vello','Lipand',NULL,NULL,NULL,3,NULL),
	 (NULL,'Tatjana','Vidrik','Pulli Tiiu',NULL,NULL,2,NULL),
	 (NULL,'J.','Meomuttel',NULL,NULL,NULL,3,NULL),
	 (NULL,'Ann','Kahar',NULL,NULL,NULL,2,'saunanaine'),
	 (NULL,'T.','Köstner',NULL,NULL,NULL,3,NULL),
	 (NULL,'Marie','Künnapas',NULL,NULL,NULL,2,NULL),
	 (NULL,'Olga','Ohtla',NULL,NULL,NULL,2,NULL),
	 (NULL,'Ann','Katmuk',NULL,NULL,NULL,2,'Andmed: EÜS VIII 1317. "Seal ka üles kasvanud"'),
	 (NULL,'Mart','Tiisvald','Tisak',1831,NULL,1,'Geni: Mart Tiisvald, Hansu p. Palu, Järva-Peetri khk, 1831-1922. Mart Tiisvald, Tõnno p. on tema onupoeg.'),
	 (NULL,'Mari','Krullu',NULL,NULL,NULL,2,NULL),
	 (NULL,'Jaan','Puusepp',NULL,NULL,NULL,1,NULL),
	 (NULL,'Emma','Osju',NULL,NULL,NULL,2,NULL),
	 (NULL,'Maria','Grossfeldt',NULL,NULL,NULL,2,NULL),
	 (NULL,'Leenu','Nilk',NULL,NULL,NULL,2,NULL),
	 (NULL,'Anna','Jaakson',NULL,NULL,NULL,2,NULL),
	 (NULL,'Pelageja','Mets',NULL,NULL,NULL,2,NULL),
	 (NULL,'Anni','Kroll',NULL,NULL,NULL,2,NULL),
	 (NULL,'Anu','Kiivit',NULL,NULL,NULL,2,NULL),
	 (NULL,'Anna','Jääger',NULL,NULL,NULL,2,NULL),
	 (NULL,'Mari','Õunap',NULL,NULL,NULL,2,NULL),
	 (NULL,'Kaarel','Tanden',NULL,NULL,NULL,1,NULL),
	 (NULL,'Jaan','Rosenfelt',NULL,NULL,NULL,1,'Jaan Rosenfelt (EÜS VI 904), Rosenvelt (EÜS VI 1083/4).'),
	 (NULL,'F.','Talvik',NULL,NULL,NULL,3,NULL),
	 (NULL,'Alide','Varunov',NULL,NULL,NULL,2,NULL),
	 (NULL,'Karl','Ruut',NULL,NULL,NULL,3,NULL),
	 (NULL,'Kadri','Tädimees',NULL,NULL,NULL,2,NULL),
	 (NULL,'Ann','Paju',NULL,NULL,NULL,2,NULL),
	 (NULL,'Anna','Viljak',NULL,NULL,NULL,2,NULL),
	 (NULL,'Marie','Leithammel',NULL,NULL,NULL,2,NULL),
	 (NULL,'Ann','Palder',NULL,NULL,NULL,2,NULL),
	 (NULL,'Joosep','Kilström',NULL,NULL,NULL,1,NULL),
	 (NULL,'Anilina','Uusna',NULL,NULL,NULL,2,NULL),
	 (NULL,'Kreet','Tubi',NULL,NULL,NULL,2,NULL),
	 (NULL,'Valdeko','Rõõmus',NULL,NULL,NULL,1,NULL),
	 (NULL,'Anette','Raagul',NULL,NULL,NULL,2,NULL),
	 (NULL,'Mari','Pärtens','Vainu tädi',1832,1919,2,'Jüri lesk'),
	 (NULL,'Liis','Erne',NULL,NULL,NULL,2,'Laulud olevat kuuldud enamasti kõik vanaemalt. ERA II 35, 499 (1).'),
	 (NULL,'Anna','Sutt','Kaevandu Anni',1914,NULL,2,'1914-1998'),
	 (NULL,'Evdokia','Osi',NULL,NULL,NULL,2,NULL),
	 (NULL,'Kadri','Mass',NULL,NULL,NULL,2,NULL),
	 (NULL,'Hels','Rämäsk',NULL,NULL,NULL,2,NULL),
	 (NULL,'Hans','Mängel',NULL,NULL,NULL,1,'Ministeeriumi kooli juhataja'),
	 (NULL,'M.','Kampmann',NULL,NULL,NULL,3,NULL),
	 (NULL,'Miina','Mõlla',NULL,NULL,NULL,2,'"Sndn ja üleskasv. Hageri külas, --- Laulud õpinud emalt." (EÜS VII 1482)'),
	 (NULL,'Kristjan','Tilemann',NULL,NULL,NULL,1,NULL),
	 (NULL,'Anna','Beiler',NULL,NULL,NULL,2,NULL),
	 (NULL,'E.','Päss',NULL,NULL,NULL,3,NULL),
	 (NULL,'Miili','Simmul',NULL,NULL,NULL,2,NULL),
	 (NULL,'Mihkel','Joorits',NULL,NULL,NULL,1,NULL),
	 (NULL,'Mai','Sonn',NULL,NULL,NULL,2,NULL),
	 (NULL,'Artur','Jung',NULL,NULL,NULL,3,NULL),
	 (NULL,'Riho','Päts',NULL,NULL,NULL,3,NULL),
	 (NULL,NULL,'Päts',NULL,NULL,NULL,1,'Tisler Tartus, snd u 1859'),
	 (NULL,'Ann','Piht',NULL,NULL,NULL,2,NULL),
	 (NULL,'J.','Johanson',NULL,NULL,NULL,3,NULL),
	 (NULL,'Alfred','Samet',NULL,NULL,NULL,3,NULL),
	 (NULL,'Jüri','Taada',NULL,1835,NULL,1,'Esitaja elulugu EÜS II 1026 Snd 6.01. "Madikse kirikuküla" karjane, 33 aastat Roosna-Alliku mõisas moonakas, 16 aastat talu pidanud.'),
	 (NULL,'Jaak','Sild',NULL,NULL,NULL,1,NULL),
	 (NULL,'Juhan','Sutt',NULL,NULL,NULL,1,NULL),
	 (NULL,'Ann','Toompalu',NULL,NULL,NULL,2,NULL),
	 (NULL,'Salme','Paas',NULL,NULL,NULL,2,NULL),
	 (NULL,NULL,NULL,'Saunaeit',NULL,NULL,2,NULL),
	 (NULL,'Heleene','Kensapa',NULL,NULL,NULL,2,NULL),
	 (NULL,'Leena','Kredemann',NULL,NULL,NULL,2,NULL),
	 (NULL,'Arved','Saat',NULL,NULL,NULL,1,NULL),
	 (NULL,'Anna','Valdermann',NULL,NULL,NULL,2,NULL),
	 (NULL,'J.','Rebane',NULL,NULL,NULL,3,NULL),
	 (NULL,'Ann','Tilk',NULL,NULL,NULL,2,NULL),
	 (NULL,'Peeter','Penna',NULL,NULL,NULL,3,NULL),
	 (NULL,'Alviine','Kaukes',NULL,NULL,NULL,2,NULL),
	 (NULL,'Rein','Luukas',NULL,NULL,NULL,1,NULL),
	 (NULL,'Peeter','Lage',NULL,NULL,NULL,1,NULL),
	 (NULL,'Tõnis','Veimann',NULL,NULL,NULL,1,'"Pärit Viljandimaa poolt." (lk 309)'),
	 (NULL,'Mari','Luik',NULL,1843,NULL,2,'Sünniaasta arvutatud vanuse järgi, et teistest Mari Luikedest eristada. [T. S.]'),
	 (NULL,'Mathilde','Reino',NULL,NULL,NULL,2,NULL),
	 (NULL,'Mai','Aavik',NULL,NULL,NULL,2,NULL),
	 (NULL,'Taavet','Paabo','Impste sepp; Imste sepp',1856,NULL,1,'Imste sepp. Laulud kuulnud Ahjas ja selle ümbruses. (teksti ja noodi juures)'),
	 (NULL,'Maria','Burfard',NULL,NULL,NULL,2,NULL),
	 (NULL,'Anu','Lieber',NULL,NULL,NULL,2,NULL),
	 (NULL,'Juhan','Treilmann',NULL,NULL,NULL,1,NULL),
	 (NULL,'Mari','Luik',NULL,1884,NULL,2,'Elab Hanila khk, Ridasi k'),
	 (NULL,'Samuel','Lindpere',NULL,NULL,NULL,3,NULL),
	 (NULL,'Jakob','Puusepp',NULL,NULL,NULL,1,NULL),
	 (NULL,'Johan','Petäi',NULL,NULL,NULL,1,'"Vanaaegne kooliõpetaja, Jenny Petai vanaisa" (EÜS V 26)'),
	 (NULL,'Juhan','Oder',NULL,NULL,NULL,1,NULL),
	 (NULL,'Jaan','Gärstenmeier',NULL,NULL,NULL,1,NULL),
	 (NULL,'Tiiu','Kruusmägi',NULL,1847,NULL,2,'Genist eluaastad ja nimi: Tiiu (Tio) Kruusmägi (snd Wakko), 1847-1932, Hallika k.'),
	 (NULL,'Liisu','Vaabline',NULL,NULL,NULL,2,NULL),
	 (NULL,NULL,NULL,'Ol''oksa Patsi',NULL,NULL,2,'Registris: Ol´eksa'),
	 (NULL,'Jüri','Kleitsmann',NULL,NULL,NULL,1,NULL),
	 (NULL,'Juhan','Teepakk',NULL,NULL,NULL,1,NULL),
	 (NULL,'Paul','Ariste',NULL,1905,NULL,1,NULL),
	 (NULL,'Karl','Luud',NULL,NULL,NULL,3,NULL),
	 (NULL,'Gustav','Tingas',NULL,NULL,NULL,1,NULL),
	 (NULL,'Leenu','Rosenberg',NULL,NULL,NULL,2,NULL),
	 (NULL,'Jaan','Vulff',NULL,NULL,NULL,1,NULL),
	 (NULL,'Mari','Kullamägi',NULL,NULL,NULL,2,NULL),
	 (NULL,'Mari','Nurk',NULL,NULL,NULL,2,NULL),
	 (NULL,'Otto','Ots',NULL,NULL,NULL,1,NULL),
	 (NULL,'J.','Freymann',NULL,NULL,NULL,1,NULL),
	 (NULL,'O.','Paltz',NULL,NULL,NULL,3,NULL),
	 (NULL,'Ekatariina','Lang',NULL,1890,NULL,2,NULL),
	 (NULL,'Andrus','Müüripeal',NULL,NULL,NULL,1,NULL),
	 (NULL,'Truuta','Silberstein',NULL,NULL,NULL,2,NULL),
	 (NULL,'Eduard','Laugaste',NULL,NULL,NULL,3,NULL),
	 (NULL,'Oskar','Loorits',NULL,NULL,NULL,3,NULL),
	 (NULL,'Eeva','Kallmann',NULL,NULL,NULL,2,NULL),
	 (NULL,'Jefimia',NULL,'Ivani Hemmo',NULL,NULL,2,NULL),
	 (NULL,NULL,NULL,'Hõbemätä Zorz',NULL,NULL,1,NULL),
	 (NULL,'Minna','Saar',NULL,NULL,NULL,2,'Minna Saare sünnikohaks märgitud Hargla khk originaalist ei leia, samuti ei leidnud Haanja valda.'),
	 (NULL,'Katerina','Kreti',NULL,NULL,NULL,2,NULL),
	 (NULL,'Mari','Mürk',NULL,NULL,NULL,2,NULL),
	 (NULL,'Mari','Annusson',NULL,1848,NULL,2,NULL),
	 (NULL,'Olga','Luts',NULL,1925,NULL,2,NULL),
	 (NULL,'Leena','Töövahe',NULL,1834,NULL,2,'Tooma naine, snd Taevas, Jüri tütar, 8. sept. "12 a kivitööl käinud ja palju näinud - tunneb pea kõik kodumaa linnad."'),
	 (NULL,'Miina','Põlts',NULL,NULL,NULL,2,NULL),
	 (NULL,'Triinu','Ilmjärv',NULL,NULL,NULL,2,NULL),
	 (NULL,'Miili','Martinjärv',NULL,NULL,NULL,2,NULL),
	 (NULL,'Triinu','Lekko','Riinu',1861,NULL,2,'pime (ERA II 6, 100)'),
	 (NULL,'A.','Brandt',NULL,NULL,NULL,3,NULL),
	 (NULL,'N.','Lust',NULL,NULL,NULL,2,NULL),
	 (NULL,'Reet','Sarv',NULL,NULL,NULL,2,NULL),
	 (NULL,'Aino','Källo',NULL,1909,NULL,2,NULL),
	 (NULL,'Tõnis','Lepik',NULL,1773,NULL,1,'Orava talu omanik.'),
	 (NULL,'H.','Vitsur',NULL,NULL,NULL,3,NULL),
	 (NULL,'Kristian','Hammermann',NULL,NULL,NULL,1,NULL),
	 (NULL,'Maria','Kaiste',NULL,1882,NULL,2,NULL),
	 (NULL,'Jaan','Madisson',NULL,NULL,NULL,1,NULL),
	 (NULL,'Gustav','Koolmann',NULL,NULL,NULL,1,'Elab ja on üles kasvanud Kasispea külas.'),
	 (NULL,'Jüri','Veberson',NULL,NULL,NULL,1,NULL),
	 (NULL,'A.','Villem',NULL,NULL,NULL,2,NULL),
	 (NULL,NULL,'Koppelmets',NULL,NULL,NULL,2,NULL),
	 (NULL,'Linda','Kurg',NULL,NULL,NULL,2,NULL),
	 (NULL,'Salme','Lambot',NULL,NULL,NULL,2,NULL),
	 (NULL,'Mihkel','Karell',NULL,NULL,NULL,1,NULL),
	 (NULL,'Ann','Ärme',NULL,NULL,NULL,2,NULL),
	 (NULL,'Ell','Melts',NULL,NULL,NULL,2,NULL),
	 (NULL,'Üllar','Ende',NULL,NULL,NULL,3,NULL),
	 (NULL,'Virve','Köster',NULL,NULL,NULL,2,NULL),
	 (NULL,'Krõõt','Anask',NULL,NULL,NULL,2,NULL),
	 (NULL,'Mats','Kalamees',NULL,NULL,NULL,1,NULL),
	 (NULL,'Peeter','Ruubel-Kõrnitse',NULL,NULL,NULL,3,NULL),
	 (NULL,'Jaan','Veeber',NULL,NULL,NULL,1,NULL),
	 (NULL,'Mari','Kelder',NULL,NULL,NULL,2,'Madli tütar.'),
	 (NULL,'Marta','Vahar',NULL,NULL,NULL,2,'teenija (lk 697);'),
	 (NULL,'Leenu','Aumann',NULL,NULL,NULL,2,NULL),
	 (NULL,'Mai','Leit',NULL,NULL,NULL,2,NULL),
	 (NULL,'K.','Tani',NULL,NULL,NULL,3,NULL),
	 (NULL,'Igor','Tõnurist',NULL,NULL,NULL,3,NULL),
	 (NULL,'Mihkel','Siisberg',NULL,NULL,NULL,1,NULL),
	 (NULL,'J.','Sultson',NULL,NULL,NULL,3,NULL),
	 (NULL,'Adu',NULL,NULL,NULL,NULL,1,NULL),
	 (NULL,'Karl','Viljak',NULL,NULL,NULL,3,NULL),
	 (NULL,'Mari','Kimmel',NULL,NULL,NULL,2,NULL),
	 (NULL,'Liisi','Mäepea',NULL,NULL,NULL,2,NULL),
	 (NULL,'E.','Hirv',NULL,NULL,NULL,3,NULL),
	 (NULL,'Mart','Kaasen',NULL,NULL,NULL,1,NULL),
	 (NULL,'Mari','Grossfeld',NULL,NULL,NULL,2,NULL),
	 (NULL,'Eeva','Põder',NULL,NULL,NULL,2,NULL),
	 (NULL,'Viiu','Kuusk','Kuuse Viiu',1869,NULL,2,'Hüüdnimi teksti juures'),
	 (NULL,'Maria',NULL,'Vasila Maarja',NULL,NULL,2,NULL),
	 (NULL,'Märt','Siipsen',NULL,NULL,NULL,1,'mölder, Geni: 1846-1917 [T. S.]'),
	 (NULL,'Maarja','Amba',NULL,1862,NULL,2,'"Sndn. Nõmme külas Illukal, sääl üleskasv. ja laulud õpinud, 13 a. elamas Sootsu talus Illukal, Tarakuse ligi, kus laulud üleskirj." Mari Hamba (lk 892) "Sootso talu" Mari Amba (lk 1029)'),
	 (NULL,'Anna','Türk','Nurmiku Anna',NULL,NULL,2,NULL),
	 (NULL,'Miina','Salström',NULL,1858,NULL,2,'Elab ja on üles kasvanud Haras. (EÜS VIII 1319, 1569) Geni: 1858-1939, snd Ponamar, abikaasa Kaarel Kustav Salström.'),
	 (NULL,'J.','Ulsson',NULL,NULL,NULL,3,NULL),
	 (NULL,'Anna','Miilimäe',NULL,NULL,NULL,2,NULL),
	 (NULL,'Jüri','Tuisk',NULL,NULL,NULL,1,NULL),
	 (NULL,'Juhan','Hanga',NULL,NULL,NULL,1,'Eestlane. Elab Noarootsi kih.[elkonnas] --- 35 a. (noot, tekst).'),
	 (NULL,'Jüri','Välbe',NULL,NULL,NULL,3,NULL),
	 (NULL,'Miina','Till',NULL,NULL,NULL,2,NULL),
	 (NULL,'L.','Kase',NULL,NULL,NULL,3,NULL),
	 (NULL,'Juhan','Juret',NULL,NULL,NULL,1,NULL),
	 (NULL,'Heleene','Laving',NULL,NULL,NULL,2,NULL),
	 (NULL,'Stepan',NULL,'Miitsa Teppo',NULL,NULL,1,NULL),
	 (NULL,NULL,NULL,'Semmeni Mikk',NULL,NULL,1,NULL),
	 (NULL,'Triinu','Pääba',NULL,NULL,NULL,2,NULL),
	 (NULL,'M.','Kärt',NULL,NULL,NULL,3,NULL),
	 (NULL,'Katarina','Bachk',NULL,NULL,NULL,2,NULL),
	 (NULL,'Ann','Lõugas',NULL,NULL,NULL,2,NULL),
	 (NULL,'Kristjan','Villmann',NULL,NULL,NULL,1,'Snd Hõbeda mõisas, u 1849 läks Käva külasse, Järve v, kus laulud õppinud, vanus 80 (EÜS VI 901). Teisal vanus 83 ja Käva k, Kohtla v (EÜS VI 1077).'),
	 (NULL,'Miina','Küllik',NULL,NULL,NULL,2,NULL),
	 (NULL,'Pille','Kippar',NULL,NULL,NULL,3,NULL),
	 (NULL,'Marie','Roopere',NULL,NULL,NULL,2,'Andmed KKI 21, 533'),
	 (NULL,'Miina','Männi',NULL,NULL,NULL,2,NULL),
	 (NULL,'Jüri','Sein',NULL,NULL,NULL,1,NULL),
	 (NULL,'Aleksandra','Piholaan','Al''la Piholaan',NULL,NULL,2,NULL),
	 (NULL,'Mari','Rooberg',NULL,NULL,NULL,2,'Mari on Villemi ema.'),
	 (NULL,'Anna','Kubu',NULL,NULL,NULL,2,NULL),
	 (NULL,'Ann','Minka',NULL,NULL,NULL,2,NULL),
	 (NULL,'J.','Peterson',NULL,NULL,NULL,3,NULL),
	 (NULL,'Villem','Nõgu',NULL,NULL,NULL,1,NULL),
	 (NULL,'Anu','Hoid',NULL,NULL,NULL,2,NULL),
	 (NULL,'Richard','Viidebaum',NULL,NULL,NULL,3,NULL),
	 (NULL,'Olga','Partsoja',NULL,NULL,NULL,2,'Snd Olga Laev, Poksa k. Kihelkond oli Olgale andmebaasis märgitud erinevalt, kas Setu või Vastseliina. Panin praegu elukohaks Setu, sünnikohaks Vastseliina khk [T. S.]'),
	 (NULL,'Kadri','Prääts',NULL,1873,NULL,2,'Snd. Haanjas, 1873, eluk. Antsla l. (RKM II 65, 247, 335). Geni andmed: Kadri/Katri Prätz, snd Meemann, 1873, Rõuge khk, Haanja, Kirbu k. Laste perenimi Prääts. [T. S.]'),
	 (NULL,'Ferdinand','Mähar',NULL,NULL,NULL,1,NULL),
	 (NULL,'A.','Nirk',NULL,NULL,NULL,3,NULL),
	 (NULL,'Anna','Sirel',NULL,NULL,NULL,2,NULL),
	 (NULL,'Maria',NULL,'Kriisa Manni',NULL,NULL,2,NULL),
	 (NULL,'Nelli','Vomm',NULL,NULL,NULL,2,NULL),
	 (NULL,'Mihkel','Kampmaa',NULL,NULL,NULL,3,NULL),
	 (NULL,'Jaan','Veide',NULL,NULL,NULL,1,NULL),
	 (NULL,'Olga','Toomemets',NULL,NULL,NULL,2,NULL),
	 (NULL,'Anna','Pootsmann',NULL,NULL,NULL,2,NULL),
	 (NULL,'Siim','Siim',NULL,1824,NULL,1,'Juani poeg, saab 10. sept 1905 81aastaseks'),
	 (NULL,'Marie','Tahk',NULL,NULL,NULL,2,NULL),
	 (NULL,'Jaan','Müür',NULL,NULL,NULL,3,NULL),
	 (NULL,'Maria','Köstner',NULL,NULL,NULL,2,NULL),
	 (NULL,'Mari','Iling',NULL,NULL,NULL,2,NULL),
	 (NULL,'Mari','Kaskmann',NULL,NULL,NULL,2,NULL),
	 (NULL,'Risanda','Kravtsov',NULL,NULL,NULL,2,NULL),
	 (NULL,'Viilip','Klaas',NULL,NULL,NULL,1,NULL),
	 (NULL,'Jüri','Hindriker',NULL,NULL,NULL,1,NULL),
	 (NULL,'O.','Liiv',NULL,NULL,NULL,3,NULL),
	 (NULL,'Verner','Reinult',NULL,NULL,NULL,1,NULL),
	 (NULL,'Tiina','Valdov',NULL,NULL,NULL,2,NULL),
	 (NULL,NULL,'Sarnit',NULL,NULL,NULL,3,NULL),
	 (NULL,'Leena','Karelson',NULL,NULL,NULL,2,NULL),
	 (NULL,'Mai','Lepp',NULL,NULL,NULL,2,NULL),
	 (NULL,'Eva','Rand',NULL,NULL,NULL,2,NULL),
	 (NULL,'Maria','Koert','Koert, Mari',1879,NULL,2,'Srn. 1959 (VK)'),
	 (NULL,'Liisa','Rentel',NULL,NULL,NULL,2,NULL),
	 (NULL,'Anneli','Pruler',NULL,NULL,NULL,3,NULL),
	 (NULL,NULL,'Võru muuseum',NULL,NULL,NULL,4,NULL),
	 (NULL,NULL,NULL,'[Soontaga kantsi päriselanik]',NULL,NULL,3,NULL),
	 (NULL,'Minna','Lobjakas',NULL,NULL,NULL,2,NULL),
	 (NULL,'Hindrek','Leppamägi',NULL,NULL,NULL,1,NULL),
	 (NULL,'Miina','Viita',NULL,NULL,NULL,2,NULL),
	 (NULL,'Jüri','Õunmann',NULL,NULL,NULL,1,NULL),
	 (NULL,'Maarja','Krall',NULL,NULL,NULL,2,'"Sndn. üleskasv. ja õpinud Järve külas, kus elab; Peril, kus ta juhtumisi kombel oli, üleskirj. Adermannide juures."'),
	 (NULL,'Ann','Peep',NULL,1849,NULL,2,'Snd Keerd, Jüri t. 14. juulil.'),
	 (NULL,'Miina','Ruusmaa',NULL,NULL,NULL,2,NULL),
	 (NULL,'Karl','Martinson',NULL,NULL,NULL,1,NULL),
	 (NULL,'Anna Liisa','Kristal',NULL,NULL,NULL,2,NULL),
	 (NULL,'E.','Hiob',NULL,NULL,NULL,3,NULL),
	 (NULL,'K.','Lember',NULL,NULL,NULL,3,NULL),
	 (NULL,'Leena','Hanson',NULL,NULL,NULL,2,NULL),
	 (NULL,'Kaarel','Tammar',NULL,NULL,NULL,1,'Orig vanus: üle 60'),
	 (NULL,'Ella','Lõo',NULL,NULL,NULL,2,NULL),
	 (NULL,'Maria',NULL,'Feodori Man''n''i',NULL,NULL,2,NULL),
	 (NULL,'Anna','Kurem',NULL,NULL,NULL,2,NULL),
	 (NULL,'Mari','Augas',NULL,NULL,NULL,2,'Jõhvi mõisa vaim. Oli teisel mehel, suri 75 aastaselt. Õppis laulud Jõhvis. Ema-ema oli ka laulik.'),
	 (NULL,'Mai','Lalling',NULL,NULL,NULL,2,NULL),
	 (NULL,'Jaan','Orav',NULL,NULL,NULL,1,'Koordi mõisa metsavaht'),
	 (NULL,'Hendrek','Tiisvelt',NULL,NULL,NULL,1,NULL),
	 (NULL,'Eeva','Tõnisson',NULL,1850,NULL,2,'Vanus: 73 on 1923,  67 on 1921.'),
	 (NULL,'Emiilia','Kallas',NULL,1888,NULL,2,NULL),
	 (NULL,'Jaan','Vattal',NULL,NULL,NULL,1,NULL),
	 (NULL,'Olga','Lamend','Uuda Reet',1887,NULL,2,NULL),
	 (NULL,'Ann','Krimman',NULL,NULL,NULL,2,NULL),
	 (NULL,'Jaak','Kõrgesaar',NULL,NULL,NULL,1,NULL),
	 (NULL,'Juula','Toriland',NULL,NULL,NULL,2,NULL),
	 (NULL,'Jaan','Koplik',NULL,NULL,NULL,1,NULL),
	 (NULL,'August','Martin',NULL,NULL,NULL,1,NULL),
	 (NULL,'Eva','Völström',NULL,NULL,NULL,2,'"Jumindal üles kasvanud."'),
	 (NULL,'Arno','Rohlin',NULL,NULL,NULL,3,NULL),
	 (NULL,'Liisu','Müürmann',NULL,NULL,NULL,2,NULL),
	 (NULL,'Ann','Usta',NULL,NULL,NULL,2,NULL),
	 (NULL,'Johannes','Muda',NULL,NULL,NULL,3,NULL),
	 (NULL,'Ilmar','Novek',NULL,NULL,NULL,3,NULL),
	 (NULL,'Aleksandra','Padumäe',NULL,NULL,NULL,2,NULL),
	 (NULL,'J.','Evardson',NULL,NULL,NULL,3,NULL),
	 (NULL,'Helena','Sõrmus',NULL,1928,NULL,2,NULL),
	 (NULL,'Liisa','Mägi',NULL,NULL,NULL,2,NULL),
	 (NULL,'Kadrina','Kõrvemann',NULL,NULL,NULL,2,NULL),
	 (NULL,'Liisu','Aumann',NULL,NULL,NULL,3,NULL),
	 (NULL,'Leena','Kaju',NULL,NULL,NULL,2,NULL),
	 (NULL,'Ann','Tootsel',NULL,NULL,NULL,2,NULL),
	 (NULL,'Jüri','Hermann',NULL,NULL,NULL,1,NULL),
	 (NULL,'Kati','Piirak',NULL,1913,NULL,2,NULL),
	 (NULL,'Jaan','Libert',NULL,NULL,NULL,1,NULL),
	 (NULL,'Helene','Novek',NULL,1879,NULL,2,NULL),
	 (NULL,'Ants','Unt',NULL,NULL,NULL,1,NULL),
	 (NULL,'Tiina','Vabrit',NULL,NULL,NULL,3,NULL),
	 (NULL,'Anna','Viikmann',NULL,NULL,NULL,2,NULL),
	 (NULL,'Mari','Vierland',NULL,1871,NULL,2,'Geni: Mari Wierland, snd Treier (ka Treial), 1871-1921. Urmas Kalla uurimisest: Snd Vardja mõisas, mida nimetati rahvakeeles Pragi v. Väikse lapsena elas Uibomõisas, (praegu on seal Uibujärve k), mis kuulus Pardi valda. Abiellus Gustav Jakob Wierlandiga 1907. Hiljem elas Veriora v, Pääsnä k. Viisi juures on segaselt märgitud: "Uibo wallas[sa]?. Karässa karjaden oppis vanhat laulunsa.[?]" (EÜS IX 1347) [T. S.]'),
	 (NULL,'Martin','Lutsuveer',NULL,1891,NULL,1,'"Lutsuveer on algupäraselt Põlva khk Timo mõisavalla nimi, sellega on lihtne. Martin, sündinud 1891, sellist pole siiski lihtne leida. Põlva ja Vastseliina luteri personaalraamatutest ma ei leidnud. Samas on nimi ise pigem luterlik. --- -- Neid Timo Lutsuveeri on päris mitmeid liikunud Vene kubermangude ja Liivimaa vahel. Ilmselt sama profiiliga perekonnast, mis rändas 19. sajandi lõpus palju ringi." (Evar Saar, kirjutas mulle 1.09.2021. T. S.)'),
	 (NULL,'Juula','Pindel',NULL,NULL,NULL,2,NULL),
	 (NULL,'Mai','Veltmander',NULL,NULL,NULL,2,NULL),
	 (NULL,'Anna','Aru',NULL,1877,NULL,2,NULL),
	 (NULL,'Liina','Irdt',NULL,NULL,NULL,2,NULL),
	 (NULL,NULL,NULL,'Kooli Pärt',NULL,NULL,1,NULL),
	 (NULL,'Anna','Kurisman',NULL,NULL,NULL,2,NULL),
	 (NULL,'S.','Saretok',NULL,NULL,NULL,3,NULL),
	 (NULL,'L.','Pihlapuu',NULL,NULL,NULL,3,NULL),
	 (NULL,'Eeva','Jaanus',NULL,NULL,NULL,2,NULL),
	 (NULL,'Urve','Lippus',NULL,NULL,NULL,3,NULL),
	 (NULL,'Kadri','Puur',NULL,NULL,NULL,2,'Nimi on om. k.: "Kadri Puuri suust"'),
	 (NULL,'Ester','Mägi',NULL,NULL,NULL,3,NULL),
	 (NULL,'Ruuben','Kõhelik',NULL,NULL,NULL,3,NULL),
	 (NULL,'Jakob','Paris',NULL,NULL,NULL,1,NULL),
	 (NULL,'Andres','Tampere',NULL,NULL,NULL,3,NULL),
	 (NULL,'Mart','Kraavel',NULL,NULL,NULL,1,NULL),
	 (NULL,'Mihkel','Pärling',NULL,NULL,NULL,1,NULL),
	 (NULL,'E.','Lauri',NULL,NULL,NULL,3,NULL),
	 (NULL,'Avo','Hirvesoo',NULL,NULL,NULL,3,NULL),
	 (NULL,'Johanna','Toom',NULL,NULL,NULL,2,NULL),
	 (NULL,'K.','Klein',NULL,NULL,NULL,3,NULL),
	 (NULL,'Mari','Kurvits',NULL,NULL,NULL,2,'Genist: Hans ja Alma (vend-õde) Kurvitsa ema on Marie Kurvits, snd 1872, surmaaega pole. Kas see võiks olla Mari? Ta peaks olema 90-aastane.'),
	 (NULL,'Ann','Kärmas',NULL,NULL,NULL,2,NULL),
	 (NULL,'Anne','Vabarna',NULL,NULL,NULL,2,NULL),
	 (NULL,'Elias','Pärn',NULL,NULL,NULL,1,'Elias Pärn on pime.'),
	 (NULL,'Jaan','Salm',NULL,NULL,NULL,1,NULL),
	 (NULL,'Jüri','Langebron',NULL,NULL,NULL,1,NULL),
	 (NULL,'Maria','Lõhmus',NULL,1912,NULL,2,NULL),
	 (NULL,'Mai','Milles',NULL,NULL,NULL,2,NULL),
	 (NULL,'Leena','Klüüts',NULL,NULL,NULL,2,NULL),
	 (NULL,'Jüri','Veske',NULL,NULL,NULL,1,NULL),
	 (NULL,'Vladimir','Paivel',NULL,1875,NULL,1,NULL),
	 (NULL,'Anna','Maiste',NULL,NULL,NULL,2,NULL),
	 (NULL,'M.','Martinson',NULL,NULL,NULL,3,NULL),
	 (NULL,'Eva','Kaju',NULL,NULL,NULL,2,NULL),
	 (NULL,'Jefimia','Mast','Hemmo Mast',1900,NULL,2,NULL),
	 (NULL,NULL,'Schmidt',NULL,NULL,NULL,1,'Kärsu postijaamapidaja'),
	 (NULL,'Anna','Kivi',NULL,NULL,NULL,2,NULL),
	 (NULL,'Marfa','Heodori',NULL,NULL,NULL,2,'Andmebaasis oli ristinime pakkumine: Feodori ... [T. S.]'),
	 (NULL,'Emilia','Glasmann',NULL,NULL,NULL,2,NULL),
	 (NULL,'Miina','Reinthal',NULL,NULL,NULL,2,NULL),
	 (NULL,'Triinu','Parkas',NULL,NULL,NULL,2,NULL),
	 (NULL,'Rudolf','Põldmäe',NULL,NULL,NULL,3,NULL),
	 (NULL,'Karl','Brinbaum',NULL,NULL,NULL,1,NULL),
	 (NULL,'Mari','Gutves',NULL,NULL,NULL,2,'Mari Gutves on koguja Jaan Gutvese vennanaine.'),
	 (NULL,'Leena','Lassel',NULL,NULL,NULL,2,NULL),
	 (NULL,'Miina','Sabiin',NULL,NULL,NULL,2,NULL),
	 (NULL,'Marie','Tuul',NULL,NULL,NULL,2,NULL),
	 (NULL,NULL,'Preisberg',NULL,NULL,NULL,3,NULL),
	 (NULL,'August','Treiberg',NULL,NULL,NULL,1,NULL),
	 (NULL,'Triinu','Einsok',NULL,NULL,NULL,2,NULL),
	 (NULL,'Sohvi','Kallion',NULL,NULL,NULL,2,NULL),
	 (NULL,'Juuli','Väärsi',NULL,NULL,NULL,2,NULL),
	 (NULL,'Eduard','Oja',NULL,NULL,NULL,3,NULL),
	 (NULL,'Anu','Vissel',NULL,NULL,NULL,3,NULL),
	 (NULL,'Reet','Vaher',NULL,NULL,NULL,2,NULL),
	 (NULL,'Tiina','Allik',NULL,NULL,NULL,3,NULL),
	 (NULL,'Maret','Tomson',NULL,NULL,NULL,3,NULL),
	 (NULL,'Jakob','Strantmann',NULL,NULL,NULL,1,NULL),
	 (NULL,'Tiiu','Matt',NULL,NULL,NULL,1,NULL),
	 (NULL,'Mari','Sikk',NULL,NULL,NULL,2,NULL),
	 (NULL,'Ann','Anis',NULL,1885,NULL,2,'Srn. 1962 (VK). Andmed KKI 11, 528/30. Olnud enamasti põllutööline, pooletalupidaja. Suur pulmalaulik. [T. S.]'),
	 (NULL,NULL,NULL,'Semeni Stepani',NULL,NULL,1,NULL),
	 (NULL,'Katariina','Põlma',NULL,NULL,NULL,2,NULL),
	 (NULL,'Anna','Liiver',NULL,NULL,NULL,2,NULL),
	 (NULL,'Mart','Papp',NULL,NULL,NULL,1,'Jäneda mõisa öövaht, "ümbruses laialt kuulus oli, kui tubli nalja hammas ja lõbus laulu lööja." Elas "mõisa kokka pesu saunas". (EÜS VII 2209/10)'),
	 (NULL,'Leenu','Tulp',NULL,1870,NULL,2,NULL),
	 (NULL,'Juhan','Zeiger',NULL,NULL,NULL,3,NULL),
	 (NULL,'Maria','Koert',NULL,1880,NULL,2,'Srn. 1970 (VK)'),
	 (NULL,'Melania','Meriloo',NULL,1887,NULL,2,NULL),
	 (NULL,'Triinu','Pärsamm',NULL,NULL,NULL,2,NULL),
	 (NULL,'Krõõt','Lillestern',NULL,NULL,NULL,2,NULL),
	 (NULL,'M.','Mihkelson',NULL,NULL,NULL,3,NULL),
	 (NULL,'Rõõt','Grauberg',NULL,NULL,NULL,2,NULL),
	 (NULL,'Kaarel','Mõrd',NULL,NULL,NULL,1,NULL),
	 (NULL,'K.','Alev',NULL,NULL,NULL,3,NULL),
	 (NULL,'Leena','Pullu',NULL,NULL,NULL,2,NULL),
	 (NULL,'Kai','Malin',NULL,NULL,NULL,2,NULL),
	 (NULL,'Ann','Esken',NULL,NULL,NULL,2,NULL),
	 (NULL,'J.','Tõllasson',NULL,NULL,NULL,3,NULL),
	 (NULL,'Alma','Lubi',NULL,NULL,NULL,2,NULL),
	 (NULL,'Einar','Sinijärv',NULL,NULL,NULL,3,NULL),
	 (NULL,'Ervine','Terris',NULL,NULL,NULL,2,NULL),
	 (NULL,'Mai','Alasi',NULL,NULL,NULL,2,NULL),
	 (NULL,'Hans','Saul',NULL,NULL,NULL,1,NULL),
	 (NULL,'Liisa','Pärtmann',NULL,NULL,NULL,2,'"sndn. kasw. ja elanud Õetlas, kus üles kirj."'),
	 (NULL,'Leenu','Vares',NULL,NULL,NULL,2,NULL),
	 (NULL,'Johannes','Raja',NULL,NULL,NULL,3,NULL),
	 (NULL,'Leen','Riis',NULL,NULL,NULL,2,NULL),
	 (NULL,'Liisa','Pahk',NULL,NULL,NULL,2,'Sündinud Võidekülas... kus laulud õpinud. 28. a. eest Aru külasse tulnud.'),
	 (NULL,'Joosep','Karu',NULL,NULL,NULL,1,NULL),
	 (NULL,'Anna','Lepik',NULL,NULL,NULL,2,NULL),
	 (NULL,'Kai','Seebak',NULL,NULL,NULL,2,'Esitaja elulugu EÜS II 1036. Elab vaestemajas, oli kogumiskäigu ajal Sääsküla koolimajas koduhoidjaks, on Einmanni mõisas vaimuks olnud.'),
	 (NULL,'Maria','Strandberg',NULL,1873,NULL,2,NULL),
	 (NULL,'Mall','Alles',NULL,NULL,NULL,2,NULL),
	 (NULL,'Liina','Val''k',NULL,NULL,NULL,2,'Snd Härmson. Vanemad on ka elanud Meeksi mõisas, Tema mees olnud siin metsavahiks. Osa eluaastaist on elanud Setumaal, kuulnud setu laule ja olnud ka ise eeslauljaks. (ERS II 35, 419)'),
	 (NULL,'Pauline','Kalkun',NULL,NULL,NULL,2,NULL),
	 (NULL,'Leenu','Reemets',NULL,NULL,NULL,2,NULL),
	 (NULL,'Melania','Valm','Liiva Mann',NULL,NULL,2,NULL),
	 (NULL,'Mari','Räps',NULL,NULL,NULL,2,NULL),
	 (NULL,'Kai','Muni',NULL,NULL,NULL,2,NULL),
	 (NULL,'Mare','Vainula',NULL,NULL,NULL,2,NULL),
	 (NULL,'Aleksandra','Lõhmus',NULL,1916,NULL,2,NULL),
	 (NULL,'Juuli','Otmann',NULL,NULL,NULL,2,'Vanemad tulnud Kambjast. (ERA II 35, 161)'),
	 (NULL,'Hans','Pärtel',NULL,NULL,NULL,1,NULL),
	 (NULL,'Mari','Saalup',NULL,NULL,NULL,2,NULL),
	 (NULL,'Mari','Kõre',NULL,NULL,NULL,2,NULL),
	 (NULL,'Elise','Kolk',NULL,NULL,NULL,3,NULL),
	 (NULL,'Maria','Metsa','Metsamaa Mari',NULL,NULL,3,NULL),
	 (NULL,'Gustav','Einstruk',NULL,NULL,NULL,1,NULL),
	 (NULL,'Velli','Elhi',NULL,NULL,NULL,2,NULL),
	 (NULL,'Anastasia','Lust','Nas''ta Lust; Lust, N.',NULL,NULL,2,NULL),
	 (NULL,'Anna','Poone',NULL,NULL,NULL,2,'Bohne?'),
	 (NULL,'Peeter','Põder',NULL,NULL,NULL,1,NULL),
	 (NULL,'Mart','Vaht',NULL,NULL,NULL,1,'Sndn, kasv ja elanud, laulud õppinud Hageri k.'),
	 (NULL,'Leenu','Kensapa',NULL,NULL,NULL,2,NULL),
	 (NULL,'Reet','Hennok',NULL,NULL,NULL,2,NULL),
	 (NULL,'Mai','Videlik',NULL,NULL,NULL,2,NULL),
	 (NULL,'V.','Kurg',NULL,NULL,NULL,3,NULL),
	 (NULL,'Mari','Noorhani',NULL,NULL,NULL,2,NULL),
	 (NULL,'A.','Maasik',NULL,NULL,NULL,3,NULL),
	 (NULL,'Triinu','Ungers',NULL,NULL,NULL,2,NULL),
	 (NULL,'Jekaterina','Udras',NULL,1927,NULL,2,NULL),
	 (NULL,'Eha','Viluoja',NULL,NULL,NULL,3,NULL),
	 (NULL,'Ella','Loob',NULL,NULL,NULL,2,NULL),
	 (NULL,'Joosep','Birnbaum',NULL,NULL,NULL,1,NULL),
	 (NULL,'Leenu','Akermann',NULL,NULL,NULL,2,NULL),
	 (NULL,'Liisa','Jõgi',NULL,NULL,NULL,2,NULL),
	 (NULL,'Anne','Mäeste',NULL,1915,NULL,2,NULL),
	 (NULL,'Kadri','Viikström',NULL,NULL,NULL,2,NULL),
	 (NULL,'Mari','Soodam',NULL,NULL,NULL,2,NULL),
	 (NULL,'H.','Lemendik',NULL,NULL,NULL,3,NULL),
	 (NULL,'Jüri','Ropenreibenberg',NULL,NULL,NULL,1,NULL),
	 (NULL,'Hans','Silbermann',NULL,NULL,NULL,3,NULL),
	 (NULL,'Ann','Tovatine',NULL,1842,NULL,2,'Elas 1842-1920'),
	 (NULL,'Asta','Karimõis',NULL,NULL,NULL,2,NULL),
	 (NULL,'Eeva','Vihand',NULL,NULL,NULL,2,NULL),
	 (NULL,'Hans','Kurvits',NULL,NULL,NULL,3,NULL),
	 (NULL,'Luise','Pütsepp',NULL,NULL,NULL,2,'Ahja algkooli juhataja pr. (tekst)'),
	 (NULL,'Unu','Kikat',NULL,NULL,NULL,1,NULL),
	 (NULL,'Emilie','Leiss',NULL,NULL,NULL,2,NULL),
	 (NULL,NULL,'Bruus',NULL,NULL,NULL,3,NULL),
	 (NULL,'Lovisa','Pukk',NULL,NULL,NULL,2,NULL),
	 (NULL,'Kadri','Hermann',NULL,NULL,NULL,2,NULL),
	 (NULL,'Marie','Villemson',NULL,NULL,NULL,2,NULL),
	 (NULL,'Ülo','Tedre',NULL,NULL,NULL,3,NULL),
	 (NULL,'Marie','Sepp',NULL,NULL,NULL,2,NULL),
	 (NULL,'Ieva','Viikina',NULL,NULL,NULL,2,NULL),
	 (NULL,'Anna','Evert',NULL,NULL,NULL,2,NULL),
	 (NULL,'Leida','Laasma',NULL,1907,NULL,2,NULL),
	 (NULL,'Maria','Silbermann',NULL,NULL,NULL,2,'Elab ja on üles kasvanud Viinistu külas. "Kolga mõisas teenind. Viinistu laul."'),
	 (NULL,'Mari','Kask',NULL,1857,NULL,2,NULL),
	 (NULL,'Mai','Pütka',NULL,NULL,NULL,2,'Pärit Paasverest, ka laulud sealt.'),
	 (NULL,'Marie','Helimets',NULL,NULL,NULL,2,NULL),
	 (NULL,'Ann','Traks','Vainu-Ann',NULL,NULL,2,'"Jutustaja on tulnud Laiusest --- seitsmeteistkymnel eluaastal." (tekst)'),
	 (NULL,'M.','Bormeister',NULL,NULL,NULL,3,NULL),
	 (NULL,'Hindrik','Neubaum',NULL,NULL,NULL,1,'Eesnimi on halvasti loetav, see ei tarvitse olla õige. Eesti soost sulane: "aus Estland gebürtigen Kneht".'),
	 (NULL,'Liina','Krasmann',NULL,NULL,NULL,2,NULL),
	 (NULL,'Jaan','Bleksner',NULL,NULL,NULL,1,NULL),
	 (NULL,'Mari','Leius',NULL,NULL,NULL,2,NULL),
	 (NULL,'H.','Spriit',NULL,NULL,NULL,3,NULL),
	 (NULL,'Tiina','Trump',NULL,NULL,NULL,2,NULL),
	 (NULL,'Anna','Köster',NULL,NULL,NULL,2,NULL),
	 (NULL,'Anna','Vaher',NULL,1883,NULL,2,'MF, Zeiger 40 on nimekuju Anna Vaher. Vanas Kandles on Ann Vaher.'),
	 (NULL,'J.','Saarm',NULL,NULL,NULL,3,NULL),
	 (NULL,'Valentiina','Pääbo',NULL,NULL,NULL,2,NULL),
	 (NULL,'Mari','Pehka',NULL,NULL,NULL,2,NULL),
	 (NULL,'Irina','Kivest',NULL,NULL,NULL,2,NULL),
	 (NULL,'Ann','Amon',NULL,NULL,NULL,2,'Ann Aamon, snd Tischler, üles kasvanud Veikses Kambjas. (EÜS VII 2636).'),
	 (NULL,'Kat''areen','Vain',NULL,NULL,NULL,2,NULL),
	 (NULL,'Ell','Kurno',NULL,NULL,NULL,2,NULL),
	 (NULL,'Mari','Poltsi',NULL,1844,NULL,2,NULL),
	 (NULL,'Oskar','Köster',NULL,NULL,NULL,3,NULL),
	 (NULL,'Melania','Kiigajaan','Malle Madli',1869,NULL,2,'1869-1960 (VK VII: 2, lk 740). 62 a elanud Säärekülas Malle talus, kuhu toodi mehele Linakülast. Koolis pole käinud. (VK VII 2: 785, Mari Must 1948). Melania jäi 12-aastaselt vaeslapseks. Tema mehe vend oli Tiiu Kiigajaani mees. (VK VII 2: 785, Ottilie Niinemägi 1955)'),
	 (NULL,'Ingrid','Rüütel',NULL,NULL,NULL,3,NULL),
	 (NULL,'Joosep','Luik',NULL,NULL,NULL,1,NULL),
	 (NULL,'Mari','Pärn',NULL,NULL,NULL,2,NULL),
	 (NULL,'Jakob','Thaler',NULL,NULL,NULL,1,NULL),
	 (NULL,'Mai','Kravtsov','laulu eit; Lintaia Mai',1845,NULL,2,'Elab ja on üles kasvanud Tapurla külas.'),
	 (NULL,'Liisa','Repnu',NULL,NULL,NULL,2,NULL),
	 (NULL,'Saara','Adamson',NULL,NULL,NULL,2,NULL),
	 (NULL,'Salme','Saar',NULL,NULL,NULL,2,NULL),
	 (NULL,'Irina','Oidekivi',NULL,1872,NULL,2,NULL),
	 (NULL,'Ann','Pirk',NULL,NULL,NULL,2,NULL),
	 (NULL,'Minna','Siirak',NULL,NULL,NULL,2,NULL),
	 (NULL,'Eva','Plakso',NULL,NULL,NULL,2,NULL),
	 (NULL,'Ella von','Schultz-Adaievsky',NULL,NULL,NULL,3,NULL),
	 (NULL,'Jaan','Viibus','Viibuse Jaan',1876,NULL,1,'Hüüdnimi teksti juures'),
	 (NULL,'Andres','Aavik',NULL,NULL,NULL,1,NULL),
	 (NULL,'Liisa','Purk',NULL,NULL,NULL,2,NULL),
	 (NULL,'Leenu','Ernits','Raja vanaema',1823,NULL,2,'Leenu Ernits, snd. Blumberg, srn 1904 81-aastaselt, siit sai sünniaasta u 1823.'),
	 (NULL,'Axel August','Borenius-Lähteenkorva',NULL,NULL,NULL,3,NULL),
	 (NULL,'Anna','Johanson',NULL,NULL,NULL,3,NULL),
	 (NULL,'Anna','Oru',NULL,1911,NULL,2,NULL),
	 (NULL,NULL,'Kas''k',NULL,NULL,NULL,2,'Gesungen von Kas´k, einer Wirthsfrau in Kondo, gebürtig aus Flemmingshof Kirchspiel Torma, Dörpt. Gebiet Gesinde Kasiko. (ÕES, SK 519, 11 (5).'),
	 (NULL,'Elli','Ranna',NULL,NULL,NULL,2,NULL),
	 (NULL,'Ellen','Liiv',NULL,NULL,NULL,3,NULL),
	 (NULL,'Anna','Martinof',NULL,NULL,NULL,2,NULL),
	 (NULL,'Maria','Liivamägi',NULL,NULL,NULL,2,NULL),
	 (NULL,'Gustav','Mursak',NULL,NULL,NULL,1,NULL),
	 (NULL,'Madli','Oning',NULL,NULL,NULL,2,NULL),
	 (NULL,'J.','Märtson',NULL,NULL,NULL,3,NULL),
	 (NULL,'Jüri','Sõster',NULL,1834,NULL,1,'Jüri Sõsteri elulugu EÜS VII, pärast lk 217'),
	 (NULL,'Leenu','Piispa',NULL,NULL,NULL,2,'Leena või Leenu Piispa, snd. u. 1824 nimega Kolmi, KIlmi või Kilni. Snd ja kasvas üles Viru-Nigula khk, Kundas, Ojamäel või Ojakülas, ka vanemad sealt pärit. Vabadik. Mihkel Veske kirjutas talt üles rahvalaule 1877.'),
	 (NULL,'Matrjona',NULL,'Rodja Matr''o',NULL,NULL,2,NULL),
	 (NULL,'Jaan','Eisberg',NULL,NULL,NULL,1,NULL),
	 (NULL,'Armas Otto','Väisänen',NULL,NULL,NULL,3,NULL),
	 (NULL,'Toomas','Lepp',NULL,NULL,NULL,1,NULL),
	 (NULL,'Jaan','Küien',NULL,NULL,NULL,1,NULL),
	 (NULL,'Johann','Veissmann',NULL,NULL,NULL,1,NULL),
	 (NULL,'Juuli','Koppel',NULL,NULL,NULL,2,NULL),
	 (NULL,'Anu','Kask',NULL,NULL,NULL,2,NULL),
	 (NULL,'Mai','Leitorp',NULL,NULL,NULL,2,'Mai Leitorp on Kai Martinsoni ema.'),
	 (NULL,'Ann','Vestmann',NULL,NULL,NULL,2,NULL),
	 (NULL,'Reet','Risu',NULL,NULL,NULL,2,NULL),
	 (NULL,'Paul','Martinof',NULL,NULL,NULL,1,NULL),
	 (NULL,'Mari','Kallas',NULL,NULL,NULL,2,NULL),
	 (NULL,'J.','Mamberg',NULL,NULL,NULL,3,NULL),
	 (NULL,'Mari','Sarv',NULL,1884,NULL,2,NULL),
	 (NULL,'Tatjana',NULL,'Vasila Tat''o',NULL,NULL,2,NULL),
	 (NULL,'Darja','Rõugumees',NULL,NULL,NULL,2,NULL),
	 (NULL,'Aadu','Aumann','Aumann, Ado',NULL,NULL,1,NULL),
	 (NULL,'Ivar','Trikkel',NULL,NULL,NULL,3,NULL),
	 (NULL,'Madli','Kuhlback',NULL,NULL,NULL,2,NULL),
	 (NULL,'Oskar','Noodaspära',NULL,NULL,NULL,1,NULL),
	 (NULL,'Aleksander','Laan',NULL,NULL,NULL,3,NULL),
	 (NULL,'Jekaterina','Karjus',NULL,NULL,NULL,2,NULL),
	 (NULL,'Maria','Kempman',NULL,NULL,NULL,2,NULL),
	 (NULL,'Vilhelmine','Parha',NULL,NULL,NULL,2,NULL),
	 (NULL,'Ann','Amos',NULL,NULL,NULL,2,NULL),
	 (NULL,'Samuel','Mesipuu',NULL,NULL,NULL,1,NULL),
	 (NULL,'Liisa','Tomander',NULL,NULL,NULL,2,'Jõesuus üles kasvanud, sealsed laulud.'),
	 (NULL,NULL,NULL,'Lassi eit',NULL,NULL,2,NULL),
	 (NULL,'E.','Mauer',NULL,NULL,NULL,3,NULL),
	 (NULL,'Kai','Viikmann',NULL,NULL,NULL,2,NULL),
	 (NULL,NULL,'Feldfebel',NULL,NULL,NULL,3,NULL),
	 (NULL,'Miili','Kõivupuu',NULL,NULL,NULL,2,NULL),
	 (NULL,'Ann','Kukepall',NULL,NULL,NULL,2,NULL),
	 (NULL,'Liisu','Reimel',NULL,NULL,NULL,2,NULL),
	 (NULL,'August','Liiv',NULL,NULL,NULL,3,NULL),
	 (NULL,'Ellu','Elbret',NULL,NULL,NULL,2,NULL),
	 (NULL,'Matti','Kuzma',NULL,NULL,NULL,1,NULL),
	 (NULL,'O.','Kiiss',NULL,NULL,NULL,3,NULL),
	 (NULL,'Theodor','Saar','Rehe Veeda; Kaerametsa Veeda',1906,NULL,1,NULL),
	 (NULL,'Mart','Pill',NULL,NULL,NULL,1,NULL),
	 (NULL,'Villem','Pedruk',NULL,NULL,NULL,1,NULL),
	 (NULL,'Kai','Karjus',NULL,NULL,NULL,2,NULL),
	 (NULL,'Ann','Meelmann',NULL,NULL,NULL,2,NULL),
	 (NULL,'Mare','Vinter',NULL,NULL,NULL,2,'"Wiisid Ninase külas õpitud" (viis)'),
	 (NULL,'Irina',NULL,'Tan''o I''ro',NULL,NULL,2,NULL),
	 (NULL,'Anu','Tilemann',NULL,NULL,NULL,2,NULL),
	 (NULL,'Liiso','Liblikas',NULL,NULL,NULL,2,NULL),
	 (NULL,'Mihkel','Kukk',NULL,NULL,NULL,1,NULL),
	 (NULL,'Mai','Krasmann',NULL,NULL,NULL,2,'Kaks nimekuju: Krassmann ja Krasmann. Mai Krassmann, Kaidma k. 67 a. (EÜS II 667 (163)). "Sdn Kaitmal, -- L. Krasmann''i mehe ema" (EÜS II 757). Krasmann (EÜS VI 888, 980). Ka mainitud Liina nime kirjutatakse nii Krassmann kui Krasmann. [T. S.]'),
	 (NULL,'Hiob','Birnbaum',NULL,NULL,NULL,1,NULL),
	 (NULL,'O.','Puurmann',NULL,NULL,NULL,3,NULL),
	 (NULL,'August','Mauer',NULL,NULL,NULL,3,NULL),
	 (NULL,'Leenu','Ahlberg',NULL,NULL,NULL,2,NULL),
	 (NULL,'Mihkel','Sild',NULL,NULL,NULL,3,NULL),
	 (NULL,'Mart','Karu',NULL,NULL,NULL,1,NULL),
	 (NULL,'Aleksander','Ots',NULL,NULL,NULL,1,NULL),
	 (NULL,'Liisa','Kivi',NULL,NULL,NULL,2,NULL),
	 (NULL,'Anna','Koikson',NULL,1843,NULL,2,'Koikson, Ann on andmetes (EÜS VIII 98), Anna on viisi juures (lk 152). Andmetes on ta Audru kihelkonnas, aga öeldud järgmist: "Tõstamaal sündinud, sealt Riintali valda mehele viidud." Side Audruga siit ei selgu. [T. S.]'),
	 (NULL,'Mart','Uustalu',NULL,1861,NULL,1,NULL),
	 (NULL,'Liini','Ränk',NULL,NULL,NULL,2,NULL),
	 (NULL,'Friedrich','Paulmeister',NULL,NULL,NULL,3,NULL),
	 (NULL,'Heno','Must',NULL,NULL,NULL,1,NULL),
	 (NULL,'Harald','Paukson',NULL,NULL,NULL,3,NULL),
	 (NULL,'Lilia','Briedis',NULL,NULL,NULL,3,NULL),
	 (NULL,'Mihkel',NULL,'Pime Mihkel',NULL,NULL,1,'Arvatavasti pime.'),
	 (NULL,'Tiiu','Täll',NULL,NULL,NULL,2,NULL),
	 (NULL,'Johannes Adolf','Rahamägi',NULL,NULL,NULL,3,NULL),
	 (NULL,'Juuli','Kamlat',NULL,NULL,NULL,2,NULL),
	 (NULL,'Ann','Jõeste',NULL,NULL,NULL,2,'1882-1968. Elulugu  Särg 2008 [T. S.]'),
	 (NULL,'Peep','Harak','Sitikoru Peep',NULL,NULL,1,NULL),
	 (NULL,'Mari','Ots',NULL,NULL,NULL,2,'Rein Ränki (ehk Reinsepp) t. Esivanemad Kihnu saarelt pärit. -- Rein Ränk olnud ühe mõisniku tütre sohipoeg. Orig: üle 70.'),
	 (NULL,'Helen','Kõmmus',NULL,NULL,NULL,2,NULL);


INSERT INTO folk_tune.users(id, email, roles, firstname, lastname) VALUES 
('ad7e1b8a-9af9-4df5-ac80-88f3120b0cfe', 'admin@ekm.ee', ARRAY['admin'], 'Admin', 'Istrator'),
('31554769-b23b-4e3a-b2be-7320c0b3f523', 'taivelohmuse@netscape.net', ARRAY['admin'], 'Taive', 'Lõhmuse'),
('2a70be90-2c43-4d25-8a3f-4a35de35b0de', 'helen@ekm.ee', ARRAY['admin'], 'Helen', '')
;

INSERT INTO folk_tune.user_credentials(password, userid)
(SELECT '$2a$10$NkXNEbcUVbW6jopSkoVvIeTgbX8acFD/BRMBUAFS3FP4lxNNaXnxS', 'ad7e1b8a-9af9-4df5-ac80-88f3120b0cfe')
;
